ShuttleLocation,ShuttleType,EngineType,EngineVendor,Engines,PassengerCapacity,CancellationPolicy,Crew,DCheckComplete,MoonClearanceComplete,Price,CompanyId,ShuttleId,ReviewScoresRating,ReviewScoresComfort,ReviewScoresAmenities,ReviewScoresTrip,ReviewScoresCrew,ReviewScoresLocation,ReviewScoresPrice,NumberOfReviews,ReviewsPerMonth,Id,CompanyRating,CompanyLocation,TotalFleetCount,IataApproved
Sao Tome and Principe,Type V5,Plasma,ThetaBase Services,2,4,moderate,2,False,False,1715,32413,45163,91,10,9,9,9,9,9,26,0.77,32413,1,Faroe Islands,1,False
Wallis and Futuna,Type V2,Plasma,ThetaBase Services,3,5,moderate,3,False,False,3405,14122,49438,96,10,10,10,10,10,9,61,0.62,14122,1,Malta,1,True
Niue,Type F5,Quantum,ThetaBase Services,1,2,strict,1,True,False,1806,47761,10750,97,10,10,10,10,10,10,467,4.66,47761,1,Niue,2,False
Malta,Type V2,Quantum,ThetaBase Services,1,2,moderate,1,False,False,1676,26648,4146,95,10,10,10,10,9,9,318,3.22,26648,1,Niue,2,True
Malta,Type V2,Plasma,ThetaBase Services,5,10,strict,5,False,False,4718,26648,5067,97,10,9,10,10,9,10,22,0.29,26648,1,Niue,2,True
Faroe Islands,Type V5,Plasma,ThetaBase Services,2,4,strict,3,False,False,2950,24304,14891,93,9,8,10,9,9,9,15,0.19,24304,1,Micronesia,1,True
Malta,Type V5,Quantum,ThetaBase Services,1,2,strict,1,False,False,1975,42867,5689,92,9,10,9,10,10,9,75,0.79,42867,1,Indonesia,2,True
Faroe Islands,Type F5,Quantum,ThetaBase Services,1,2,strict,1,True,False,1455,47761,75321,97,10,10,10,10,9,10,450,4.5,47761,1,Niue,2,False
Malta,Type V2,Quantum,ThetaBase Services,1,2,strict,1,False,False,1338,11275,25733,94,10,9,10,10,9,9,168,2.55,11275,1,Brazil,3,True
Bouvet Island (Bouvetoya),Type V5,Quantum,Warwick Technology Multinational,1,2,strict,1,False,False,1455,21747,38733,88,10,8,9,9,9,9,38,0.41,21747,0.67,Gambia,1,True
Barbados,Type V5,Quantum,ThetaBase Services,0,1,moderate,1,False,False,1845,42114,18221,95,9,10,10,10,10,9,184,1.9,42114,1,Sao Tome and Principe,3,True
Anguilla,Type O3,Quantum,ThetaBase Services,1,2,flexible,1,False,False,1169,29416,18590,95,10,9,10,10,9,10,172,1.91,29416,1,Anguilla,1,False
Rwanda,Type G0,Plasma,ThetaBase Services,1,3,strict,1,True,False,2625,37646,19813,72,7,8,8,8,9,8,10,0.15,37646,1,Estonia,60,False
Malta,Type V5,Plasma,ThetaBase Services,1,2,strict,1,True,False,1975,21836,74856,95,9,10,10,10,9,9,176,1.95,21836,1,Mauritania,3,False
Faroe Islands,Type F5,Quantum,ThetaBase Services,1,1,strict,1,False,False,1169,28884,29755,93,9,10,10,10,9,9,23,0.27,28884,1,Micronesia,2,True
Barbados,Type V5,Plasma,ThetaBase Services,2,3,strict,2,True,False,3470,42114,12358,95,9,9,10,10,10,9,23,0.28,42114,1,Sao Tome and Principe,3,True
Rwanda,Type V5,Plasma,ThetaBase Services,1,3,moderate,1,True,False,2495,31859,259,94,10,10,10,10,9,9,182,1.97,31859,1,Maldives,2,False
Marshall Islands,Type F5,Quantum,ThetaBase Services,1,2,moderate,1,False,False,1390,4795,71339,96,10,9,10,10,9,10,55,0.59,4795,1,Malta,1,False
Russian Federation,Type V5,Plasma,ThetaBase Services,1,4,moderate,2,False,False,2040,5570,56080,100,10,10,10,10,10,10,26,1.07,5570,1,Finland,1,True
Malta,Type V5,Plasma,ThetaBase Services,2,5,strict,3,False,False,3210,33906,66614,93,9,9,9,9,10,9,15,0.18,33906,0.8,Marshall Islands,1,False
Niue,Type V5,Quantum,ThetaBase Services,1,2,strict,1,False,False,1455,11781,16137,96,9,9,10,10,9,9,65,0.71,11781,1,Guinea,2,True
Niue,Type F5,Quantum,ThetaBase Services,1,1,moderate,1,False,False,1377,32063,54844,94,10,9,10,10,9,9,74,1.05,32063,1,Niue,2,True
Bouvet Island (Bouvetoya),Type V5,Plasma,ThetaBase Services,2,4,strict,2,False,False,2625,14240,58486,60,9,8,8,8,9,7,3,0.03,14240,1,Chile,3,True
Nicaragua,Type V5,Quantum,ThetaBase Services,1,3,strict,2,False,False,1650,14191,14259,91,9,9,10,10,10,9,202,2.2,14191,1,Slovakia (Slovak Republic),1,False
United Kingdom,Type G0,Plasma,ThetaBase Services,2,5,strict,2,True,False,3028,37646,5637,87,9,9,9,9,9,9,25,0.34,37646,1,Estonia,60,False
Micronesia,Type V5,Quantum,ThetaBase Services,1,2,moderate,1,False,False,1429,15391,23951,97,10,10,10,10,9,10,34,0.93,15391,0.9,Niger,2,True
Bouvet Island (Bouvetoya),Type V5,Plasma,ThetaBase Services,1,2,strict,1,False,False,2235,14240,2990,95,9,9,10,10,10,9,25,0.28,14240,1,Chile,3,True
Costa Rica,Type V5,Plasma,ThetaBase Services,1,4,strict,2,True,False,2300,37392,7653,94,10,10,10,10,9,9,70,0.8,37392,1,Micronesia,7,True
Russian Federation,Type V5,Quantum,ThetaBase Services,1,2,moderate,1,False,False,1416,9011,40515,97,10,9,9,10,10,9,64,0.73,9011,1,Russian Federation,1,False
Niue,Type V5,Plasma,ThetaBase Services,2,6,strict,3,False,False,1845,26524,45692,91,9,10,10,10,8,9,15,0.28,26524,1,Guinea,2,True
Sao Tome and Principe,Type V5,Quantum,ThetaBase Services,1,2,moderate,0,True,False,1611,35807,15000,97,10,10,10,10,9,10,141,1.6,35807,1,Sao Tome and Principe,2,False
Malta,Type V5,Plasma,ThetaBase Services,2,4,strict,2,False,False,2170,13525,48747,97,10,9,10,10,9,10,21,0.3,13525,1,Nauru,1,False
Sao Tome and Principe,Type V5,Plasma,ThetaBase Services,1,2,flexible,1,False,False,1715,29563,43966,85,9,9,10,10,9,9,4,0.13,29563,1,Jersey,2,False
Malta,Type V5,Quantum,ThetaBase Services,1,1,moderate,1,False,False,1767,794,18155,99,10,10,10,10,10,10,134,1.51,794,1,Indonesia,1,False
Kiribati,Type V5,Quantum,ThetaBase Services,1,2,strict,1,False,False,1845,283,58876,70,9,9,10,10,9,7,5,0.06,283,1,United Kingdom,1,True
Barbados,Type V5,Plasma,ThetaBase Services,1,2,moderate,1,False,False,2157,20847,24706,100,10,10,6,10,8,10,1,0.01,20847,1,Bouvet Island (Bouvetoya),2,True
Bouvet Island (Bouvetoya),Type V5,Plasma,ThetaBase Services,2,4,strict,3,False,False,1650,14602,70604,96,10,9,9,10,9,9,18,0.21,14602,1,Malawi,1,True
United Kingdom,Type G0,Plasma,ThetaBase Services,1,3,strict,1,True,False,2872,37646,22234,73,7,9,9,9,9,8,7,0.1,37646,1,Estonia,60,False
Nicaragua,Type V5,Plasma,ThetaBase Services,1,4,strict,3,False,False,2105,45546,16340,94,9,9,10,10,10,9,42,0.49,45546,1,Cape Verde,19,True
Rwanda,Type G0,Plasma,ThetaBase Services,2,5,strict,2,True,False,3015,37646,41203,83,8,8,8,8,9,9,20,0.29,37646,1,Estonia,60,False
United Kingdom,Type F5,Quantum,ThetaBase Services,1,2,strict,1,True,False,1325,39713,17610,94,9,10,10,10,9,9,63,0.73,39713,1,Denmark,4,False
Rwanda,Type V5,Plasma,ThetaBase Services,2,5,strict,2,False,False,2560,6518,6684,87,9,8,9,10,9,9,30,0.35,6518,1,Uzbekistan,1,False
United Kingdom,Type V5,Plasma,ThetaBase Services,2,6,strict,3,False,False,3990,32603,31569,88,9,9,9,9,9,9,193,2.27,32603,0.83,Nicaragua,4,True
Malta,Type V5,Quantum,ThetaBase Services,2,2,strict,2,False,False,1585,9829,13839,100,10,10,10,8,10,10,2,0.02,9829,0.7,Nauru,1,False
United Kingdom,Type V5,Quantum,ThetaBase Services,1,3,strict,2,False,False,1585,10204,32376,92,10,10,9,9,10,9,431,5,10204,1,Nicaragua,5,True
Russian Federation,Type V5,Plasma,ThetaBase Services,2,4,strict,3,False,False,3405,45546,35048,93,10,9,9,10,10,9,46,0.53,45546,1,Cape Verde,19,True
Malta,Type V5,Plasma,ThetaBase Services,1,3,moderate,1,False,False,2430,17703,77029,94,10,9,10,10,10,9,108,1.34,17703,1,Marshall Islands,1,False
Bouvet Island (Bouvetoya),Type F5,Quantum,ThetaBase Services,1,1,moderate,1,False,False,1390,293,57334,96,10,9,10,10,10,10,28,0.33,293,1,Lebanon,1,False
Bouvet Island (Bouvetoya),Type V2,Plasma,ThetaBase Services,3,8,strict,4,False,False,2469,44853,2266,98,10,10,10,10,9,10,21,0.25,44853,1,Lebanon,2,False
Rwanda,Type F5,Plasma,ThetaBase Services,1,2,strict,2,False,False,2300,28458,24650,91,9,9,9,9,8,9,29,0.35,28458,1,Turkmenistan,6,False
Nicaragua,Type V5,Plasma,ThetaBase Services,1,4,strict,3,False,False,2040,24133,40761,82,9,8,9,10,9,8,134,1.56,24133,1,Cuba,1,True
United Kingdom,Type F5,Quantum,ThetaBase Services,1,2,strict,1,False,False,1325,4237,8691,89,9,9,9,9,9,9,38,0.47,4237,0.33,Holy See (Vatican City State),1,False
Sao Tome and Principe,Type F5,Quantum,ThetaBase Services,1,1,strict,1,True,False,1325,39724,48391,88,9,9,9,9,9,9,120,1.45,39724,0.86,Sao Tome and Principe,2,False
Nicaragua,Type V5,Quantum,ThetaBase Services,1,1,strict,1,False,False,1585,32659,56396,98,10,10,10,10,10,10,471,5.49,32659,1,Cuba,1,True
United Kingdom,Type V5,Quantum,ThetaBase Services,1,3,strict,2,False,False,1481,10204,55579,93,9,10,9,10,10,9,390,4.58,10204,1,Nicaragua,5,True
Anguilla,Type F5,Quantum,ThetaBase Services,1,1,moderate,1,False,False,1247,36659,28853,97,10,10,10,10,9,10,43,0.5,36659,1,Anguilla,2,True
Russian Federation,Type V5,Quantum,ThetaBase Services,2,3,moderate,2,False,False,1910,31686,68424,95,10,10,10,10,10,9,39,0.46,31686,1,Finland,1,True
Malta,Type V5,Quantum,ThetaBase Services,1,2,moderate,1,False,False,1312,8654,14058,93,10,10,10,10,10,10,8,1.27,8654,1,Christmas Island,3,False
Malta,Type V5,Quantum,ThetaBase Services,1,1,moderate,1,True,False,1429,38347,42319,93,10,10,9,10,10,9,67,1.75,38347,1,El Salvador,1,False
Anguilla,Type F5,Quantum,ThetaBase Services,1,2,flexible,1,False,False,1520,46667,44970,97,10,10,10,10,9,10,67,0.82,46667,1,United Kingdom,1,False
Costa Rica,Type O3,Quantum,ThetaBase Services,1,2,strict,1,False,False,1845,37392,38755,98,10,10,10,10,10,9,8,0.16,37392,1,Micronesia,7,True
Russian Federation,Type V5,Plasma,ThetaBase Services,1,2,strict,1,False,False,2105,1499,62135,95,10,9,10,10,10,10,37,0.75,1499,1,Tonga,2,True
United Kingdom,Type V5,Quantum,ThetaBase Services,1,2,strict,1,False,False,1247,15164,65506,100,10,10,10,10,8,10,1,0.02,15164,1,Tanzania,2,True
Barbados,Type V5,Plasma,ThetaBase Services,1,2,strict,1,True,False,1780,21341,53927,98,10,10,9,10,9,9,17,0.21,21341,0.8,Tonga,1,False
Bouvet Island (Bouvetoya),Type V5,Plasma,ThetaBase Services,1,2,moderate,1,False,False,2820,34203,31148,99,10,10,10,10,10,10,74,0.95,34203,1,Uzbekistan,2,True
Sao Tome and Principe,Type V5,Plasma,ThetaBase Services,2,4,strict,2,True,False,2950,34259,62620,94,9,9,10,10,10,9,16,0.23,34259,1,Sao Tome and Principe,2,True
United Kingdom,Type V5,Quantum,ThetaBase Services,1,2,strict,1,True,False,1559,8442,57908,95,10,10,10,10,9,9,343,4.26,8442,1,Tunisia,2,True
Sao Tome and Principe,Type F5,Quantum,ThetaBase Services,1,2,strict,1,True,False,1494,39724,61273,88,9,9,9,9,9,9,120,1.51,39724,0.86,Sao Tome and Principe,2,False
Bouvet Island (Bouvetoya),Type V5,Plasma,ThetaBase Services,1,2,strict,1,False,False,1845,34126,69882,100,10,10,10,10,10,10,1,0.02,34126,1,French Guiana,1,True
Uzbekistan,Type F5,Quantum,ThetaBase Services,1,2,strict,1,False,False,1325,3777,46698,98,10,10,10,10,9,10,150,1.89,3777,1,Kiribati,1,True
Malta,Type V5,Plasma,ThetaBase Services,2,5,strict,2,True,False,2001,40390,62223,86,9,8,10,9,9,9,160,2.11,40390,1,Marshall Islands,2,True
Sao Tome and Principe,Type V5,Quantum,ThetaBase Services,1,2,moderate,1,True,False,1650,34259,69763,97,9,10,10,10,9,9,201,2.49,34259,1,Sao Tome and Principe,2,True
Mexico,Type V2,Quantum,ThetaBase Services,1,2,flexible,1,True,False,1130,10950,14185,80,8,6,10,10,10,7,2,0.21,10950,1,Greenland,1,False
Bosnia and Herzegovina,Type F5,Quantum,ThetaBase Services,1,1,strict,1,False,False,1130,27316,29920,83,8,8,9,9,8,8,23,0.36,27316,1,Puerto Rico,5,False
Malta,Type V5,Plasma,ThetaBase Services,2,5,strict,2,False,False,2105,34753,55265,96,10,9,10,10,10,10,11,0.81,34753,1,El Salvador,1,True
Faroe Islands,Type O3,Quantum,ThetaBase Services,1,2,strict,1,False,False,1520,1539,48917,100,10,9,10,10,9,9,3,0.06,1539,1,Micronesia,3,False
Russian Federation,Type V2,Quantum,ThetaBase Services,1,2,strict,1,True,False,2144,36524,25889,97,10,10,10,10,10,10,56,1.99,36524,1,Saint Helena,8,True
Micronesia,Type V5,Plasma,ThetaBase Services,1,4,moderate,1,True,False,3145,4306,71387,85,9,8,9,9,10,8,193,2.39,4306,0.83,China,3,False
Micronesia,Type V5,Plasma,ThetaBase Services,2,4,strict,2,False,False,2820,10079,50007,91,9,9,9,9,10,9,96,1.26,10079,1,Rwanda,1,False
Bosnia and Herzegovina,Type F5,Quantum,ThetaBase Services,1,2,strict,2,False,False,1260,27316,63296,80,10,9,9,10,9,9,6,0.08,27316,1,Puerto Rico,5,False
Gambia,Type V5,Plasma,ThetaBase Services,2,6,strict,4,False,False,2690,33823,1245,85,9,8,9,9,9,9,34,0.5,33823,0.78,France,17,True
Rwanda,Type V5,Plasma,ThetaBase Services,2,4,moderate,2,False,False,2820,19806,27694,96,10,9,10,10,9,9,24,0.45,19806,0.6,Papua New Guinea,1,False
Rwanda,Type V7,Plasma,ThetaBase Services,2,6,strict,2,False,False,4445,19934,15821,94,9,10,10,10,9,9,84,1.04,19934,1,Svalbard & Jan Mayen Islands,2,True
Rwanda,Type V2,Plasma,ThetaBase Services,2,6,moderate,3,True,False,2755,22324,45164,97,9,10,10,10,10,9,18,0.24,22324,1,Venezuela,6,True
Nicaragua,Type V5,Quantum,ThetaBase Services,1,2,strict,1,True,False,2027,10865,30759,88,9,8,10,10,9,9,52,0.65,10865,0.88,Isle of Man,2,True
Malta,Type F5,Quantum,ThetaBase Services,1,1,flexible,1,True,False,1325,31381,58248,92,10,9,10,10,9,9,47,0.58,31381,1,Niue,2,False
Malta,Type F5,Quantum,ThetaBase Services,1,1,moderate,1,True,False,1325,31381,3928,93,9,9,10,10,9,9,133,1.63,31381,1,Niue,2,False
Nicaragua,Type V5,Quantum,"Banks, Wood and Phillips",1,3,strict,1,False,False,1546,2115,45061,96,10,10,10,10,10,10,440,5.39,2115,1,Jersey,2,True
Nicaragua,Type V5,Plasma,ThetaBase Services,1,5,strict,2,False,False,2950,2115,9738,95,10,9,10,10,10,9,29,0.47,2115,1,Jersey,2,True
Rwanda,Type V5,Quantum,ThetaBase Services,1,1,flexible,1,False,False,1351,41207,25137,90,9,8,10,10,9,9,116,1.42,41207,1,Svalbard & Jan Mayen Islands,1,True
Bouvet Island (Bouvetoya),Type V5,Quantum,ThetaBase Services,1,2,moderate,1,False,False,1325,22030,59532,95,10,10,10,10,9,9,122,1.51,22030,1,French Guiana,3,True
Bouvet Island (Bouvetoya),Type V5,Quantum,ThetaBase Services,1,2,strict,1,False,False,1585,31871,28342,97,10,10,10,10,9,10,246,3.01,31871,1,Uzbekistan,1,True
Uzbekistan,Type V5,Quantum,ThetaBase Services,1,2,moderate,1,False,False,1520,37632,61194,93,9,10,9,10,9,9,27,0.33,37632,1,Costa Rica,2,False
Barbados,Type V5,Quantum,ThetaBase Services,1,2,strict,1,False,False,1650,14700,2390,91,10,8,10,10,10,9,34,0.63,14700,1,Montserrat,3,False
Barbados,Type V5,Quantum,ThetaBase Services,1,1,strict,1,False,False,1520,14700,50943,97,10,9,10,10,10,10,35,0.43,14700,1,Montserrat,3,False
Russian Federation,Type V5,Quantum,ThetaBase Services,1,1,strict,1,False,False,1416,48879,18325,92,10,9,10,9,9,9,30,0.44,48879,1,Russian Federation,1,True
Micronesia,Type V5,Plasma,ThetaBase Services,3,5,flexible,3,False,False,4510,37662,76729,96,10,8,10,10,10,9,10,0.15,37662,1,Kenya,2,True
Rwanda,Type V5,Plasma,ThetaBase Services,1,2,strict,1,False,False,1780,10195,30461,91,9,10,10,9,9,9,21,0.27,10195,1,Croatia,1,True
Anguilla,Type F5,Plasma,ThetaBase Services,1,2,flexible,1,False,False,1520,7802,75029,97,10,10,10,10,9,10,156,1.92,7802,1,Anguilla,1,True
Barbados,Type V5,Quantum,ThetaBase Services,0,2,strict,1,True,False,2833,37117,5819,92,9,9,9,10,10,9,161,1.99,37117,1,Slovakia (Slovak Republic),2,True
Bouvet Island (Bouvetoya),Type V5,Quantum,ThetaBase Services,1,2,strict,1,False,False,1390,33956,21106,95,10,9,10,10,9,9,58,0.74,33956,1,Lebanon,1,True
United Kingdom,Type F5,Quantum,ThetaBase Services,1,2,flexible,1,False,False,1195,17650,62917,90,9,10,10,10,10,10,2,0.45,17650,1,Tanzania,1,False
United Kingdom,Type V5,Plasma,ThetaBase Services,1,2,strict,1,False,False,2040,39467,63824,99,10,10,10,10,10,10,286,3.55,39467,1,Nicaragua,4,True
Bouvet Island (Bouvetoya),Type V7,Quantum,ThetaBase Services,1,2,strict,1,False,False,1793,5223,28814,99,10,10,10,10,10,10,102,1.27,5223,1,Chile,1,True
Estonia,Type F5,Quantum,ThetaBase Services,1,1,strict,1,True,False,1195,33400,37297,93,9,9,10,10,9,9,169,2.14,33400,0.97,Zimbabwe,5,True
Estonia,Type F5,Quantum,ThetaBase Services,1,3,moderate,2,True,False,1416,33400,11190,86,9,8,9,9,9,9,129,1.74,33400,0.97,Zimbabwe,5,True
Russian Federation,Type V2,Quantum,ThetaBase Services,1,2,moderate,1,True,False,1494,13831,16187,93,9,9,10,10,9,9,133,1.9,13831,1,Russian Federation,1,True
Russian Federation,Type O3,Quantum,ThetaBase Services,1,2,strict,2,False,False,1585,43481,26349,97,10,9,10,10,9,10,35,0.54,43481,1,Russian Federation,4,True
Rwanda,Type V5,Quantum,ThetaBase Services,1,2,moderate,1,True,False,1845,24781,9169,94,9,9,10,10,8,9,54,0.67,24781,1,Svalbard & Jan Mayen Islands,1,True
Russian Federation,Type V5,Plasma,ThetaBase Services,1,4,strict,1,False,False,2170,23308,26104,86,9,8,9,10,9,9,73,0.96,23308,1,Tonga,2,True
Faroe Islands,Type O3,Quantum,ThetaBase Services,1,2,flexible,2,False,False,1520,1539,24698,93,9,9,10,10,9,10,3,0.15,1539,1,Micronesia,3,False
Nicaragua,Type V5,Plasma,ThetaBase Services,2,7,strict,3,True,False,3171,30435,50222,89,9,9,9,9,9,9,39,0.49,30435,0.99,Cape Verde,41,False
Niue,Type F5,Plasma,ThetaBase Services,5,12,strict,7,False,False,4770,12017,34345,98,10,9,10,10,9,9,23,0.33,12017,1,Guinea,1,False
Rwanda,Type V5,Plasma,ThetaBase Services,2,4,strict,2,True,False,1975,3840,55690,91,9,9,10,10,9,9,7,0.42,3840,1,Estonia,1,True
Faroe Islands,Type F5,Quantum,ThetaBase Services,2,4,strict,3,False,False,2170,1539,2915,90,10,10,10,10,9,9,4,0.06,1539,1,Micronesia,3,False
Indonesia,Type V5,Plasma,ThetaBase Services,2,4,strict,2,True,False,1910,22091,46073,88,9,9,9,10,9,10,15,0.22,22091,1,Faroe Islands,9,False
Bouvet Island (Bouvetoya),Type V5,Plasma,ThetaBase Services,1,2,strict,1,False,False,1585,1294,7998,99,10,10,10,10,10,10,41,0.52,1294,1,Lebanon,1,False
Bouvet Island (Bouvetoya),Type V5,Quantum,ThetaBase Services,1,2,moderate,2,True,False,1845,38836,41774,92,9,9,10,10,10,9,16,0.26,38836,1,Lebanon,3,False
Nicaragua,Type V5,Plasma,ThetaBase Services,1,2,strict,1,False,False,2495,44046,18936,97,10,10,9,10,10,9,42,0.54,44046,1,Cuba,1,True
Bouvet Island (Bouvetoya),Type V5,Plasma,"Banks, Wood and Phillips",5,7,strict,5,False,False,2495,35176,5833,98,10,10,10,10,9,9,66,0.83,35176,1,Chile,3,True
Malta,Type V5,Plasma,"Banks, Wood and Phillips",1,1,moderate,1,True,False,1520,33514,49989,92,9,9,10,10,10,9,22,0.4,33514,1,Marshall Islands,2,True
United Kingdom,Type O3,Quantum,ThetaBase Services,1,2,flexible,1,True,False,1195,21642,69391,85,9,9,9,9,8,9,56,0.77,21642,1,Denmark,1,False
Nicaragua,Type Z6,Plasma,ThetaBase Services,1,2,moderate,1,False,False,2040,27227,36278,98,10,10,10,10,9,10,68,1.03,27227,1,Isle of Man,2,True
United Kingdom,Type V5,Quantum,ThetaBase Services,1,1,strict,1,False,False,1650,32651,23716,98,10,10,10,10,9,10,176,2.21,32651,1,Guinea,1,True
Malta,Type V5,Quantum,ThetaBase Services,1,2,moderate,1,True,False,1325,33514,32170,91,9,9,10,10,9,9,389,4.88,33514,1,Marshall Islands,2,True
Indonesia,Type F5,Plasma,ThetaBase Services,3,6,strict,3,False,False,4120,12799,70355,72,7,6,8,9,8,6,7,1.4,12799,0.8,Faroe Islands,2,False
Malta,Type V5,Plasma,ThetaBase Services,2,8,strict,4,False,False,3457,40752,51642,91,9,9,10,10,9,9,93,1.25,40752,1,Tunisia,5,True
Guinea,Type V5,Plasma,ThetaBase Services,1,2,strict,1,False,False,2690,13510,71059,99,10,10,10,10,10,10,82,1.05,13510,1,Fiji,3,True
Bouvet Island (Bouvetoya),Type V5,Quantum,ThetaBase Services,1,2,strict,1,True,False,1481,26704,55078,97,10,10,10,10,10,10,233,2.94,26704,1,Malawi,2,True
Russian Federation,Type V5,Plasma,ThetaBase Services,1,2,strict,1,False,False,2560,49765,15973,99,10,10,10,10,10,10,60,0.8,49765,1,Uzbekistan,1,True
Malta,Type V5,Plasma,ThetaBase Services,1,2,strict,0,False,False,2755,42867,32906,90,9,9,9,9,10,8,44,0.58,42867,1,Indonesia,2,True
United Kingdom,Type V7,Plasma,ThetaBase Services,1,2,strict,1,False,False,2040,12701,8171,89,9,8,10,10,10,9,13,0.3,12701,1,Monaco,1,False
Nicaragua,Type V5,Plasma,ThetaBase Services,2,4,moderate,2,True,False,2157,48652,16911,90,9,9,10,10,10,9,98,1.26,48652,1,Isle of Man,1,True
Malta,Type V5,Quantum,ThetaBase Services,1,2,strict,1,True,False,1780,30797,30018,87,9,9,9,9,9,9,214,2.78,30797,0.9,Tunisia,1,False
Nicaragua,Type V5,Plasma,ThetaBase Services,2,2,flexible,1,False,False,2170,14870,61949,100,10,10,10,10,10,10,1,0.01,14870,1,Jersey,1,True
Russian Federation,Type V5,Quantum,ThetaBase Services,1,1,strict,0,False,False,1455,14034,53554,97,10,10,10,10,9,9,23,0.31,14034,1,Russian Federation,1,False
United Kingdom,Type V5,Plasma,ThetaBase Services,3,8,strict,3,False,False,2573,44336,45295,87,9,8,10,10,9,9,19,0.33,44336,0.83,Monaco,1,True
Rwanda,Type F5,Plasma,ThetaBase Services,2,5,strict,3,False,False,2287,22860,55198,99,10,10,10,10,9,10,14,0.39,22860,1,Turkmenistan,2,True
Niue,Type F5,Quantum,MCW Global,1,1,flexible,1,False,False,1234,44578,15602,93,9,9,10,10,9,9,45,0.68,44578,1,Niue,2,True
Uzbekistan,Type F5,Quantum,ThetaBase Services,1,2,moderate,2,False,False,1130,41378,66890,95,9,9,10,9,9,9,82,1.05,41378,1,Kiribati,1,False
Niue,Type V5,Quantum,ThetaBase Services,1,2,flexible,1,False,False,1325,36537,58105,92,9,9,10,9,9,9,51,0.71,36537,1,Guinea,1,True
Rwanda,Type F5,Plasma,ThetaBase Services,2,4,strict,3,False,False,2690,17120,873,97,10,10,10,10,10,10,56,0.73,17120,1,Uzbekistan,2,True
Faroe Islands,Type F5,Quantum,ThetaBase Services,1,2,strict,1,False,False,1520,17396,46642,99,10,10,10,10,10,10,43,1.36,17396,1,Micronesia,1,False
Barbados,Type V5,Plasma,ThetaBase Services,2,3,moderate,1,False,False,2820,5567,21016,86,9,8,9,10,10,9,54,0.77,5567,1,Bosnia and Herzegovina,2,True
Russian Federation,Type V5,Quantum,ThetaBase Services,1,1,strict,1,False,False,1260,39013,36733,96,9,9,10,10,9,9,36,0.66,39013,0.86,Russian Federation,1,True
United Kingdom,Type V5,Plasma,ThetaBase Services,3,6,strict,3,False,False,4757,4267,6838,96,10,10,10,10,9,10,23,0.3,4267,1,Senegal,22,True
Sao Tome and Principe,Type O3,Quantum,ThetaBase Services,1,2,flexible,1,False,False,1390,34344,4627,97,10,10,10,10,9,10,194,2.6,34344,1,Denmark,1,False
Barbados,Type V5,Plasma,ThetaBase Services,1,4,moderate,1,True,False,3210,35170,38039,96,10,10,10,10,10,9,177,2.36,35170,1,Vietnam,5,True
Kiribati,Type V5,Plasma,ThetaBase Services,1,2,moderate,1,True,False,2170,30118,44269,93,9,9,10,10,9,9,18,0.27,30118,1,Nicaragua,1,False
Malta,Type V5,Plasma,ThetaBase Services,1,4,strict,0,False,False,1962,44736,26992,95,10,10,10,10,9,10,34,0.44,44736,1,Guernsey,1,True
United Kingdom,Type V5,Plasma,ThetaBase Services,3,6,strict,3,False,False,3340,45546,64916,93,9,9,10,9,10,9,62,0.81,45546,1,Cape Verde,19,True
Rwanda,Type V5,Quantum,ThetaBase Services,1,1,strict,1,True,False,1650,20908,6682,95,10,10,10,10,10,9,196,2.67,20908,1,Maldives,1,True
United Kingdom,Type V5,Plasma,ThetaBase Services,2,4,strict,2,False,False,2690,20463,20792,97,10,10,10,10,10,10,68,0.94,20463,1,Lithuania,2,False
Switzerland,Type V2,Quantum,ThetaBase Services,1,1,strict,1,False,False,1234,43640,36206,80,10,6,10,10,10,10,1,0.15,43640,1,Turks and Caicos Islands,1,False
United Kingdom,Type V5,Plasma,ThetaBase Services,2,6,moderate,2,True,False,2495,29901,32877,94,10,8,10,10,9,9,25,0.32,29901,0.33,Lithuania,1,True
Bouvet Island (Bouvetoya),Type V5,Quantum,ThetaBase Services,1,2,flexible,1,False,False,1715,35176,76442,92,9,10,10,10,10,9,10,0.14,35176,1,Chile,3,True
Niue,Type F5,Quantum,ThetaBase Services,1,2,moderate,1,True,False,1455,9689,15714,98,10,10,10,10,9,10,74,1.02,9689,1,Guinea,2,False
United Kingdom,Type V2,Quantum,ThetaBase Services,4,2,strict,1,True,False,2105,41478,13904,90,10,9,9,9,9,9,14,0.21,41478,1,Monaco,2,False
Uzbekistan,Type V5,Quantum,ThetaBase Services,1,2,flexible,1,False,False,1546,37632,32160,100,10,10,10,10,9,10,3,0.06,37632,1,Costa Rica,2,False
Barbados,Type V5,Quantum,ThetaBase Services,1,2,strict,1,True,False,1494,3294,21354,94,9,9,10,10,10,9,128,2.15,3294,1,Uganda,3,False
Micronesia,Type V5,Quantum,ThetaBase Services,2,5,moderate,2,False,False,2157,44145,18478,90,9,9,9,9,9,9,64,0.83,44145,1,Rwanda,4,True
Niue,Type F5,Quantum,ThetaBase Services,2,3,moderate,2,True,False,1507,9689,20622,96,10,10,10,10,9,10,108,1.42,9689,1,Guinea,2,False
Bouvet Island (Bouvetoya),Type V5,Plasma,ThetaBase Services,1,2,strict,1,False,False,1910,37491,67772,99,10,10,10,10,10,10,40,0.58,37491,1,Lebanon,1,True
Russian Federation,Type V5,Quantum,ThetaBase Services,1,2,strict,1,False,False,1390,24112,67142,99,10,10,10,10,10,10,501,6.5,24112,1,Russian Federation,1,True
Nicaragua,Type V5,Plasma,ThetaBase Services,2,3,strict,2,False,False,2027,26089,66593,88,9,8,10,10,9,9,114,1.51,26089,1,Jersey,1,True
Switzerland,Type G0,Plasma,ThetaBase Services,1,1,moderate,1,True,False,1780,7251,34516,95,10,10,10,10,9,9,25,0.36,7251,1,Turks and Caicos Islands,3,True
Estonia,Type F5,Quantum,ThetaBase Services,1,2,strict,1,False,False,1520,7251,40563,99,10,10,10,10,9,10,14,0.18,7251,1,Turks and Caicos Islands,3,True
Anguilla,Type V5,Plasma,ThetaBase Services,3,7,strict,5,False,False,2820,44835,39287,87,9,8,9,10,8,9,220,3.04,44835,1,United Kingdom,3,False
Rwanda,Type F5,Quantum,ThetaBase Services,1,2,strict,1,False,False,1455,46421,13775,96,10,10,10,10,9,9,51,0.69,46421,0.8,Croatia,2,True
Malta,Type V5,Plasma,ThetaBase Services,1,4,strict,1,True,False,3015,24858,33088,100,10,10,10,10,10,10,43,0.6,24858,1,Indonesia,2,True
Gambia,Type F5,Quantum,ThetaBase Services,1,2,moderate,1,False,False,1520,29932,12633,98,10,10,10,10,10,10,122,1.61,29932,1,France,2,True
Bouvet Island (Bouvetoya),Type V5,Quantum,ThetaBase Services,1,2,moderate,2,True,False,1754,38836,43629,95,10,10,10,10,10,10,5,0.07,38836,1,Lebanon,3,False
Bouvet Island (Bouvetoya),Type V5,Quantum,ThetaBase Services,1,2,moderate,2,True,False,1754,38836,6108,95,10,10,10,10,10,9,8,0.12,38836,1,Lebanon,3,False
Niue,Type V5,Plasma,ThetaBase Services,1,3,strict,2,True,False,1845,14887,2549,94,9,9,10,10,9,9,59,0.79,14887,1,Guinea,1,False
Costa Rica,Type V5,Quantum,ThetaBase Services,1,1,strict,1,False,False,1598,39129,74500,93,9,10,9,10,10,9,71,0.97,39129,0.67,Mauritania,3,True
Bouvet Island (Bouvetoya),Type V5,Quantum,ThetaBase Services,1,2,strict,1,True,False,1650,43992,3183,88,9,9,9,9,9,9,335,4.49,43992,1,Uzbekistan,3,True
Malta,Type G0,Plasma,ThetaBase Services,1,3,strict,1,True,False,2872,37646,31400,83,9,9,7,8,9,8,15,0.24,37646,1,Estonia,60,False
United Kingdom,Type V5,Plasma,ThetaBase Services,1,2,strict,1,False,False,2417,39467,10451,98,10,10,10,10,10,10,208,2.77,39467,1,Nicaragua,4,True
Costa Rica,Type V5,Quantum,ThetaBase Services,1,1,moderate,1,False,False,1195,12980,75461,97,10,10,10,10,10,10,140,2.24,12980,1,Uzbekistan,3,True
Rwanda,Type Z6,Plasma,ThetaBase Services,2,6,flexible,2,False,False,2235,20229,42218,96,10,10,10,10,8,10,130,1.77,20229,1,Papua New Guinea,1,False
Nicaragua,Type V5,Plasma,ThetaBase Services,1,2,moderate,1,False,False,2040,47777,74153,96,10,10,10,10,10,10,10,0.19,47777,0,Isle of Man,1,True
Brazil,Type O3,Quantum,ThetaBase Services,6,2,strict,1,True,False,2170,10039,44037,97,9,10,10,10,10,10,7,0.12,10039,1,Vanuatu,6,True
Micronesia,Type V5,Plasma,ThetaBase Services,2,2,strict,2,False,False,2170,30460,75967,95,9,9,10,10,9,9,34,0.46,30460,0.8,Netherlands,1,False
Malta,Type V5,Quantum,ThetaBase Services,1,5,strict,3,True,False,2001,15756,66884,97,10,10,10,10,9,10,361,4.85,15756,0.94,Afghanistan,2,True
Costa Rica,Type V7,Quantum,ThetaBase Services,1,1,strict,1,False,False,1325,24738,27490,97,10,10,10,10,9,9,54,0.93,24738,1,Somalia,2,True
Brazil,Type O3,Quantum,ThetaBase Services,6,1,strict,1,True,False,1650,10039,17525,91,10,10,10,10,9,9,9,0.14,10039,1,Vanuatu,6,True
Brazil,Type O3,Quantum,ThetaBase Services,6,2,strict,1,True,False,2430,10039,2840,85,9,10,10,10,9,10,9,0.15,10039,1,Vanuatu,6,True
Kiribati,Type V2,Quantum,ThetaBase Services,1,2,moderate,1,False,False,1546,45941,12150,99,10,10,10,10,10,10,215,2.87,45941,1,United Kingdom,1,True
Switzerland,Type F5,Quantum,ThetaBase Services,1,1,strict,1,False,False,1195,49189,64586,94,9,9,9,10,9,10,28,0.65,49189,1,Turks and Caicos Islands,3,False
Costa Rica,Type V2,Plasma,ThetaBase Services,1,2,strict,1,False,False,1845,12980,22471,86,9,9,9,10,8,9,32,0.53,12980,1,Uzbekistan,3,True
United Kingdom,Type F5,Quantum,ThetaBase Services,1,2,flexible,1,False,False,1377,4265,30328,97,10,10,10,10,9,10,24,0.86,4265,1,Palestinian Territory,2,True
Sao Tome and Principe,Type O3,Quantum,ThetaBase Services,1,1,moderate,1,True,False,1520,6888,17099,97,10,10,10,10,10,10,139,1.86,6888,1,Sao Tome and Principe,1,True
Anguilla,Type V5,Plasma,ThetaBase Services,1,4,moderate,1,True,False,1780,22097,6907,91,9,9,9,10,9,9,46,0.65,22097,1,United Kingdom,1,True
Micronesia,Type V5,Plasma,ThetaBase Services,2,4,strict,2,False,False,3405,31244,47661,95,9,9,9,9,10,9,15,0.2,31244,0.57,Niger,4,True
Malta,Type V2,Quantum,ThetaBase Services,1,2,moderate,1,False,False,1520,22347,50250,95,10,10,10,10,10,9,52,0.7,22347,1,Brazil,2,True
Russian Federation,Type V5,Plasma,ThetaBase Services,1,4,moderate,1,False,False,1988,28780,61177,93,10,9,10,10,9,9,107,1.48,28780,1,Russian Federation,1,True
Brazil,Type F5,Quantum,ThetaBase Services,6,2,strict,1,True,False,2820,10039,69839,100,10,10,10,10,10,10,1,0.36,10039,1,Vanuatu,6,True
Niue,Type V2,Quantum,ThetaBase Services,1,1,strict,1,True,False,1182,40320,55222,96,10,10,10,10,9,10,50,0.68,40320,1,Niue,2,False
Micronesia,Type V5,Plasma,ThetaBase Services,1,4,strict,2,True,False,2430,10920,69433,99,10,10,10,10,10,10,65,0.89,10920,1,Kenya,2,True
Switzerland,Type F5,Quantum,ThetaBase Services,1,2,strict,1,True,False,1585,7251,58603,98,10,10,9,9,9,9,14,0.21,7251,1,Turks and Caicos Islands,3,True
Micronesia,Type V5,Plasma,ThetaBase Services,1,2,strict,1,False,False,2625,30023,71609,97,10,10,10,10,10,9,58,0.78,30023,0.75,Rwanda,1,True
Costa Rica,Type O3,Quantum,ThetaBase Services,1,2,strict,1,False,False,1494,28992,34260,99,10,10,10,10,10,10,85,1.5,28992,1,Jersey,1,True
Micronesia,Type V5,Plasma,ThetaBase Services,1,1,flexible,1,False,False,2040,25602,44337,93,10,8,9,10,9,9,17,0.23,25602,0.13,Kenya,2,False
Estonia,Type F5,Plasma,ThetaBase Services,3,8,strict,6,True,False,3249,13474,47511,92,9,9,10,10,9,9,19,0.44,13474,0.8,Zimbabwe,7,True
Wallis and Futuna,Type V5,Plasma,ThetaBase Services,1,2,moderate,1,False,False,2755,18269,48638,95,10,10,10,10,10,10,4,0.17,18269,0.86,Fiji,12,False
Guinea,Type V5,Plasma,ThetaBase Services,1,2,moderate,1,False,False,2560,18269,53360,93,10,10,10,9,10,9,8,0.33,18269,0.86,Fiji,12,False
Guinea,Type G0,Plasma,ThetaBase Services,1,2,moderate,1,False,False,3340,18269,41394,94,9,10,10,10,10,9,18,0.77,18269,0.86,Fiji,12,False
Rwanda,Type F5,Plasma,ThetaBase Services,2,4,moderate,2,False,False,3210,46421,23650,100,9,9,10,10,9,8,3,0.04,46421,0.8,Croatia,2,True
Rwanda,Type V5,Plasma,ThetaBase Services,1,2,strict,2,False,False,2651,49510,14578,96,10,10,9,10,9,10,24,0.35,49510,1,Croatia,1,True
Micronesia,Type V5,Plasma,ThetaBase Services,2,4,strict,2,False,False,4367,17178,33703,90,9,9,10,10,10,9,33,0.49,17178,0.25,Rwanda,1,True
Bouvet Island (Bouvetoya),Type V5,Quantum,ThetaBase Services,1,2,moderate,1,False,False,1455,12390,48668,100,10,10,10,10,10,10,7,0.33,12390,0.86,Uzbekistan,3,False
Costa Rica,Type V5,Quantum,ThetaBase Services,1,3,strict,1,False,False,1325,24738,34987,94,9,9,10,10,8,9,96,1.33,24738,1,Somalia,2,True
Russian Federation,Type V7,Plasma,ThetaBase Services,1,4,moderate,2,True,False,2027,25003,13543,89,9,9,9,9,9,9,57,1.04,25003,0.96,Latvia,9,True
Rwanda,Type V5,Quantum,ThetaBase Services,1,2,strict,1,False,False,1637,47396,45634,97,10,10,10,10,10,10,43,1.68,47396,1,Maldives,1,True
Bosnia and Herzegovina,Type F5,Nuclear,Warwick Technology Multinational,1,2,flexible,2,False,False,1195,27316,42873,100,8,10,10,10,8,10,1,0.07,27316,1,Puerto Rico,5,False
Bosnia and Herzegovina,Type F5,Quantum,ThetaBase Services,1,4,strict,4,False,False,1780,27316,72786,80,10,10,8,8,6,8,1,0.03,27316,1,Puerto Rico,5,False
Malta,Type Z6,Plasma,ThetaBase Services,1,5,strict,1,False,False,2612,1604,1069,94,10,9,10,10,9,10,32,0.45,1604,1,Tunisia,1,True
Malta,Type V5,Plasma,ThetaBase Services,1,4,strict,1,False,False,1845,12133,19758,92,9,9,10,10,10,9,48,0.75,12133,1,Mexico,4,False
Malta,Type V5,Quantum,ThetaBase Services,1,4,strict,3,True,False,2352,35593,76178,99,10,10,10,10,10,10,30,0.48,35593,1,Marshall Islands,3,False
Nicaragua,Type V5,Plasma,ThetaBase Services,1,2,strict,1,False,False,2170,24970,31938,96,10,10,10,10,10,10,148,2.1,24970,1,Cape Verde,1,True
Russian Federation,Type V5,Plasma,ThetaBase Services,2,8,strict,4,True,False,2859,28833,13144,83,9,8,9,9,8,8,258,3.74,28833,1,Venezuela,5,False
Micronesia,Type V5,Plasma,ThetaBase Services,1,1,moderate,1,False,False,2040,32875,50700,100,10,10,10,10,10,10,7,0.12,32875,0,Kenya,1,True
United Kingdom,Type F5,Quantum,ThetaBase Services,1,2,strict,1,False,False,1845,2255,71722,97,10,10,10,10,10,10,52,0.76,2255,1,Guinea,1,True
Russian Federation,Type V5,Plasma,ThetaBase Services,2,4,moderate,2,False,False,2547,40770,34003,100,10,9,10,10,10,10,11,1.3,40770,1,Tonga,2,False
Bouvet Island (Bouvetoya),Type V5,Quantum,ThetaBase Services,1,2,strict,1,False,False,1468,25105,28990,97,10,10,10,10,10,9,80,1.45,25105,1,Uzbekistan,2,True
Malta,Type V5,Quantum,SIT Technology Unlimited,1,2,moderate,1,False,False,1130,1360,63590,91,10,9,9,9,9,9,148,2.33,1360,0.86,Guernsey,1,False
Nicaragua,Type V5,Plasma,ThetaBase Services,2,4,strict,2,False,False,2365,1548,53906,100,10,10,10,10,9,10,11,0.16,1548,1,Jersey,1,True
Malta,Type F5,Quantum,ThetaBase Services,1,3,strict,1,False,False,1507,11275,71992,94,10,9,10,10,9,9,141,2.01,11275,1,Brazil,3,True
Malta,Type V2,Quantum,ThetaBase Services,1,2,strict,1,False,False,1221,11275,16922,95,10,10,10,10,9,9,230,3.31,11275,1,Brazil,3,True
Kiribati,Type F5,Quantum,ThetaBase Services,1,4,strict,2,False,False,1702,22321,6403,94,10,10,10,10,9,10,420,6.01,22321,1,United Kingdom,16,False
Barbados,Type V5,Plasma,ThetaBase Services,2,5,strict,3,False,False,4640,13365,27049,93,9,10,10,10,10,9,56,0.81,13365,1,Indonesia,7,True
United Kingdom,Type V5,Quantum,ThetaBase Services,2,4,flexible,2,False,False,1520,9616,37036,95,10,9,10,10,9,9,36,0.53,9616,1,Gibraltar,1,False
Guinea,Type V5,Plasma,ThetaBase Services,2,6,strict,3,False,False,3210,13331,27602,96,10,10,10,10,10,10,281,4.04,13331,1,Fiji,1,False
Faroe Islands,Type V5,Plasma,ThetaBase Services,3,10,moderate,4,True,False,3405,40927,19729,89,8,7,9,9,8,8,8,0.12,40927,1,Micronesia,3,False
Brazil,Type F5,Quantum,ThetaBase Services,1,1,strict,1,True,False,1455,21736,68844,99,10,10,10,10,10,10,20,1.31,21736,1,Vanuatu,4,False
Nicaragua,Type V5,Quantum,ThetaBase Services,1,3,strict,1,True,False,1650,25001,74895,91,9,9,10,10,9,9,276,4,25001,1,Saint Helena,1,False
Gambia,Type V5,Plasma,ThetaBase Services,3,7,strict,4,True,False,2560,33823,6919,79,9,7,9,9,9,8,48,0.73,33823,0.78,France,17,True
Bouvet Island (Bouvetoya),Type V5,Quantum,ThetaBase Services,1,2,strict,1,True,False,1585,43992,47327,87,9,9,9,9,9,9,349,5.05,43992,1,Uzbekistan,3,True
Niue,Type V2,Quantum,ThetaBase Services,1,1,strict,1,True,False,1195,40320,31752,91,9,9,9,10,9,9,20,0.32,40320,1,Niue,2,False
Kiribati,Type F5,Quantum,ThetaBase Services,1,3,strict,2,False,False,1494,22321,28427,92,9,9,10,10,9,9,324,4.7,22321,1,United Kingdom,16,False
Kiribati,Type F5,Quantum,ThetaBase Services,1,2,strict,1,False,False,1364,22321,14894,94,10,10,10,10,9,9,334,4.9,22321,1,United Kingdom,16,False
Kiribati,Type F5,Quantum,ThetaBase Services,1,2,strict,1,False,False,1364,22321,28859,94,9,10,10,10,10,9,307,4.5,22321,1,United Kingdom,16,False
Kiribati,Type F5,Quantum,ThetaBase Services,1,1,strict,1,False,False,1364,22321,34975,94,10,10,10,10,10,10,339,4.94,22321,1,United Kingdom,16,False
Nicaragua,Type V5,Plasma,ThetaBase Services,2,6,strict,2,False,False,3860,19943,53392,87,9,9,9,10,9,8,3,0.12,19943,0.63,Isle of Man,34,False
Bouvet Island (Bouvetoya),Type V2,Quantum,ThetaBase Services,1,2,moderate,1,True,False,1585,25637,73597,99,10,10,10,10,10,10,166,2.41,25637,1,French Guiana,3,True
United Kingdom,Type F5,Quantum,ThetaBase Services,1,4,strict,3,True,False,1325,39713,61925,93,9,10,10,10,8,9,99,1.47,39713,1,Denmark,4,False
United Kingdom,Type F5,Quantum,ThetaBase Services,1,2,strict,1,True,False,1221,39713,55947,96,10,10,10,10,9,9,90,1.32,39713,1,Denmark,4,False
Bouvet Island (Bouvetoya),Type V5,Plasma,ThetaBase Services,1,2,moderate,1,False,False,2430,29422,69379,94,10,9,10,10,9,9,35,0.51,29422,0.5,Uzbekistan,1,False
Bouvet Island (Bouvetoya),Type V5,Plasma,ThetaBase Services,2,5,strict,4,False,False,2170,41165,23346,96,10,9,10,10,9,9,10,0.15,41165,1,Lebanon,1,False
Nicaragua,Type V5,Plasma,ThetaBase Services,1,4,strict,1,True,False,2885,6224,10373,99,10,10,10,10,10,10,91,1.69,6224,1,Wallis and Futuna,2,True
Russian Federation,Type V5,Plasma,ThetaBase Services,1,2,moderate,1,False,False,2040,17771,71983,96,10,10,10,10,9,10,5,4.69,17771,0.9,Russian Federation,1,False
Malta,Type V5,Plasma,ThetaBase Services,1,5,strict,2,False,False,3470,12032,57324,100,10,10,10,10,10,10,2,0.12,12032,1,Mauritania,2,True
Malta,Type V5,Quantum,ThetaBase Services,1,4,strict,2,False,False,1390,12032,33313,91,9,9,10,10,9,9,55,1.27,12032,1,Mauritania,2,True
Bouvet Island (Bouvetoya),Type V2,Quantum,ThetaBase Services,1,2,moderate,1,True,False,1455,25637,25175,99,10,10,10,10,9,10,204,2.99,25637,1,French Guiana,3,True
Sao Tome and Principe,Type V5,Quantum,ThetaBase Services,1,3,strict,2,True,False,1650,17694,30792,100,10,10,10,10,10,10,45,1.14,17694,1,Isle of Man,4,True
Sao Tome and Principe,Type F5,Plasma,ThetaBase Services,3,6,moderate,4,False,False,2417,15356,51356,100,10,10,10,10,10,10,3,0.16,15356,0.8,Denmark,2,False
Malta,Type V5,Plasma,ThetaBase Services,1,2,strict,2,False,False,2105,48602,27023,98,10,10,10,10,9,10,189,2.81,48602,1,El Salvador,1,True
United Kingdom,Type V5,Plasma,ThetaBase Services,2,6,strict,3,False,False,2820,32603,53476,91,9,9,9,9,10,9,54,0.79,32603,0.83,Nicaragua,4,True
United Kingdom,Type V5,Plasma,ThetaBase Services,2,6,strict,3,False,False,3990,32603,73596,84,9,9,9,10,10,9,29,0.43,32603,0.83,Nicaragua,4,True
Russian Federation,Type G0,Plasma,ThetaBase Services,1,3,strict,1,True,False,2872,37646,41589,88,9,9,9,9,10,9,41,0.6,37646,1,Estonia,60,False
Niue,Type V5,Quantum,ThetaBase Services,1,2,strict,1,False,False,1416,48671,34146,88,9,9,10,9,9,9,155,2.33,48671,1,Guinea,3,True
Costa Rica,Type F5,Quantum,ThetaBase Services,1,1,flexible,1,False,False,1260,48349,1350,93,10,10,10,10,9,9,28,0.89,48349,1,Isle of Man,2,False
Marshall Islands,Type F5,Quantum,ThetaBase Services,1,2,moderate,1,False,False,1221,7051,61747,94,10,9,10,10,9,9,10,0.15,7051,0,Malta,1,False
Niue,Type V5,Quantum,ThetaBase Services,1,2,moderate,1,False,False,1169,41341,61765,100,10,10,10,10,9,10,7,0.1,41341,1,Guinea,3,True
Wallis and Futuna,Type V5,Plasma,ThetaBase Services,1,4,strict,3,True,False,1949,31074,23141,97,10,10,10,10,10,10,141,2.11,31074,1,Malta,4,True
United Kingdom,Type V5,Quantum,ThetaBase Services,1,2,flexible,1,False,False,1455,36196,67374,90,9,9,9,9,9,9,31,0.48,36196,0.9,Gibraltar,1,False
Russian Federation,Type V5,Plasma,ThetaBase Services,1,5,strict,2,False,False,1845,7696,25737,92,10,10,9,10,9,9,76,1.14,7696,0.97,Russian Federation,7,True
Barbados,Type V5,Quantum,ThetaBase Services,1,2,moderate,1,True,False,1975,42114,76216,90,9,9,9,10,10,9,55,0.83,42114,1,Sao Tome and Principe,3,True
Russian Federation,Type V5,Plasma,ThetaBase Services,2,4,moderate,2,False,False,2430,43542,10564,96,10,8,10,10,9,9,22,0.33,43542,0.67,Russian Federation,2,False
Niue,Type V5,Quantum,ThetaBase Services,1,1,flexible,1,True,False,1312,42860,7773,96,9,10,10,10,9,10,9,0.17,42860,1,Guinea,1,False
Niue,Type V5,Quantum,ThetaBase Services,1,2,strict,1,False,False,1650,30788,18305,96,10,10,10,10,9,10,4,0.06,30788,1,Niue,1,True
Niue,Type V5,Quantum,ThetaBase Services,1,2,moderate,1,False,False,1286,21363,61052,85,9,7,10,10,9,9,33,0.49,21363,1,Guinea,2,True
Bouvet Island (Bouvetoya),Type F5,Quantum,ThetaBase Services,1,2,strict,1,False,False,1455,11034,43117,99,10,10,10,10,10,10,86,2.59,11034,0.9,Chile,1,False
Bosnia and Herzegovina,Type Z6,Plasma,ThetaBase Services,2,3,moderate,2,True,False,1871,42183,32400,89,9,9,9,9,9,9,18,0.28,42183,1,Puerto Rico,1,True
Bouvet Island (Bouvetoya),Type V5,Plasma,ThetaBase Services,1,4,moderate,2,True,False,1767,35273,59191,96,10,10,10,10,9,10,100,1.5,35273,1,Chad,1,True
Nicaragua,Type V5,Plasma,ThetaBase Services,1,2,moderate,1,True,False,2352,20251,64124,99,10,10,10,10,10,10,211,3.16,20251,1,Jersey,1,True
Nicaragua,Type E3,Quantum,ThetaBase Services,1,2,strict,1,False,False,1715,46082,76782,94,9,10,10,10,9,9,44,0.66,46082,1,Isle of Man,1,True
Malta,Type V5,Plasma,ThetaBase Services,1,4,strict,2,False,False,2001,8223,14797,94,10,10,10,10,9,9,139,2.61,8223,1,El Salvador,2,True
Barbados,Type V5,Quantum,ThetaBase Services,1,2,strict,1,False,False,2300,1003,75305,99,10,10,10,10,10,10,236,3.54,1003,1,Tonga,1,True
Rwanda,Type V5,Plasma,ThetaBase Services,1,2,strict,1,False,False,2300,44234,3428,98,10,10,10,10,9,10,47,0.72,44234,0.9,Philippines,1,True
Barbados,Type V5,Plasma,ThetaBase Services,2,6,strict,3,True,False,3067,48769,54733,100,10,10,10,10,10,9,3,1.01,48769,1,Indonesia,4,True
Kiribati,Type F5,Quantum,ThetaBase Services,1,2,strict,1,False,False,1585,22321,1406,94,9,10,10,10,9,9,339,5.12,22321,1,United Kingdom,16,False
Nicaragua,Type V5,Plasma,ThetaBase Services,1,3,strict,2,False,False,2157,15559,34810,93,10,9,10,10,10,9,176,2.73,15559,1,Barbados,1,True
Kiribati,Type F5,Quantum,ThetaBase Services,1,1,strict,1,False,False,1312,22321,50726,93,9,10,10,10,9,9,347,5.26,22321,1,United Kingdom,16,False
Estonia,Type V2,Quantum,ThetaBase Services,1,2,strict,1,True,False,1195,27186,13848,91,10,10,10,10,9,9,137,2.09,27186,1,Zimbabwe,7,True
Rwanda,Type V5,Plasma,ThetaBase Services,2,10,strict,5,False,False,2170,32578,1769,100,10,10,10,10,10,10,6,0.09,32578,0.74,Zimbabwe,2,True
Nicaragua,Type V5,Plasma,ThetaBase Services,1,3,strict,1,True,False,2300,16370,1854,100,10,10,10,10,10,10,8,0.14,16370,0.5,Isle of Man,1,True
Malta,Type V5,Plasma,ThetaBase Services,0,2,flexible,1,True,False,1546,41741,35926,90,9,9,10,10,9,9,84,1.31,41741,1,Brazil,9,True
Malta,Type E3,Quantum,ThetaBase Services,1,2,flexible,1,False,False,2300,23088,3070,98,10,10,10,10,10,10,49,0.76,23088,1,El Salvador,1,True
Uzbekistan,Type V5,Plasma,ThetaBase Services,3,6,strict,3,True,False,3340,13103,3130,80,10,8,8,10,10,10,1,1,13103,1,Costa Rica,1,False
Anguilla,Type V5,Plasma,ThetaBase Services,1,4,strict,2,True,False,2365,1330,57779,95,10,10,10,10,9,10,16,0.87,1330,1,United Kingdom,1,True
Nicaragua,Type V5,Plasma,ThetaBase Services,1,2,strict,1,False,False,2560,25384,38794,95,10,9,10,10,10,9,61,0.95,25384,1,Slovakia (Slovak Republic),1,False
Micronesia,Type V5,Quantum,ThetaBase Services,1,1,strict,1,False,False,1390,11256,16063,94,10,10,10,10,10,9,221,3.53,11256,1,Kenya,1,False
Anguilla,Type F5,Quantum,ThetaBase Services,1,1,moderate,1,False,False,1247,36659,73821,97,10,10,10,10,9,10,21,0.33,36659,1,Anguilla,2,True
Malta,Type F5,Plasma,ThetaBase Services,2,4,moderate,2,False,False,3405,31993,40215,94,9,9,10,10,10,9,47,0.76,31993,1,Holy See (Vatican City State),1,True
Malta,Type V5,Plasma,ThetaBase Services,0,2,flexible,1,True,False,1598,41741,76542,86,9,10,10,10,10,9,17,1.41,41741,1,Brazil,9,True
Wallis and Futuna,Type V5,Plasma,ThetaBase Services,1,2,strict,1,False,False,1845,11076,16527,93,10,9,10,10,10,9,45,0.69,11076,1,Malta,1,True
Niue,Type V5,Quantum,ThetaBase Services,1,1,strict,1,False,False,1260,22438,75181,95,10,9,10,10,9,9,17,0.31,22438,0.9,Guinea,2,True
Gambia,Type V2,Quantum,ThetaBase Services,1,1,moderate,1,False,False,1364,11997,66941,100,10,10,10,10,10,10,4,0.16,11997,1,Mauritania,2,True
Malta,Type V5,Quantum,ThetaBase Services,1,1,flexible,0,False,False,1325,19776,4210,96,10,9,10,10,10,10,88,1.39,19776,1,Marshall Islands,2,True
Bouvet Island (Bouvetoya),Type V5,Plasma,ThetaBase Services,1,3,strict,1,False,False,2430,48200,73868,100,10,10,10,10,10,9,2,0.04,48200,0.57,French Guiana,1,True
Malta,Type F5,Plasma,ThetaBase Services,1,4,moderate,1,False,False,1975,16304,225,98,10,10,10,10,10,10,10,0.27,16304,1,Guernsey,1,False
Barbados,Type V5,Plasma,ThetaBase Services,3,8,moderate,5,True,False,4588,7561,38468,92,9,10,10,10,10,9,58,0.91,7561,1,Venezuela,6,True
Russian Federation,Type V5,Plasma,ThetaBase Services,2,6,strict,4,False,False,3470,14045,76406,94,9,9,10,10,10,9,67,1.05,14045,1,Tonga,2,True
Malta,Type V5,Plasma,ThetaBase Services,1,4,strict,2,False,False,2261,11833,12365,94,9,9,10,10,9,9,177,3.07,11833,0.9,Afghanistan,2,False
Anguilla,Type F5,Quantum,ThetaBase Services,1,1,strict,1,True,False,1260,40683,42162,93,10,10,10,10,9,9,22,0.56,40683,1,United Kingdom,2,True
Malta,Type V5,Quantum,ThetaBase Services,1,2,moderate,0,False,False,1468,48487,14681,97,9,9,10,10,9,9,33,0.52,48487,1,Tunisia,2,True
Costa Rica,Type F5,Quantum,ThetaBase Services,1,2,strict,2,False,False,1507,6060,68514,90,9,9,9,10,9,9,11,0.19,6060,1,Christmas Island,1,False
United Kingdom,Type F5,Quantum,ThetaBase Services,1,2,moderate,1,False,False,1195,24700,10644,91,9,9,10,9,8,9,45,0.78,24700,0.33,Denmark,1,True
Niue,Type F5,Quantum,"Banks, Wood and Phillips",1,2,moderate,1,False,False,1455,2046,62602,93,9,9,10,9,10,10,3,2.43,2046,1,Niue,1,False
Malta,Type V5,Quantum,ThetaBase Services,1,2,flexible,1,False,False,1533,6966,1282,97,10,10,10,10,9,9,121,1.91,6966,1,Afghanistan,1,True
Micronesia,Type V5,Plasma,ThetaBase Services,2,4,strict,2,False,False,4120,3934,51965,89,9,9,10,10,9,9,14,0.25,3934,1,Rwanda,4,False
Marshall Islands,Type F5,Quantum,ThetaBase Services,1,2,moderate,1,False,False,1455,37548,29465,96,10,10,10,10,9,10,26,2.11,37548,1,Russian Federation,2,False
United Kingdom,Type V5,Plasma,ThetaBase Services,2,3,moderate,2,True,False,1884,7824,55137,99,10,10,10,10,10,10,76,1.19,7824,1,Monaco,2,True
Malta,Type V2,Quantum,ThetaBase Services,1,2,strict,1,False,False,1377,21836,68472,100,10,9,10,10,10,10,6,0.1,21836,1,Mauritania,3,False
Bouvet Island (Bouvetoya),Type V5,Plasma,ThetaBase Services,1,2,moderate,1,False,False,2300,17341,17549,94,9,9,10,10,10,10,8,0.13,17341,0.7,Malawi,2,False
Malta,Type V2,Plasma,ThetaBase Services,3,5,strict,3,True,False,3015,37392,58621,92,9,9,10,10,10,9,48,0.75,37392,1,Micronesia,7,True
Rwanda,Type V5,Quantum,"Banks, Wood and Phillips",1,2,moderate,1,False,False,1260,42301,49445,97,10,10,10,10,10,10,15,0.39,42301,1,Turkmenistan,1,True
Malta,Type V5,Plasma,ThetaBase Services,1,2,flexible,1,False,False,1624,19776,23252,100,10,9,10,10,10,10,2,0.06,19776,1,Marshall Islands,2,True
Russian Federation,Type G0,Plasma,ThetaBase Services,1,3,strict,1,True,False,2872,37646,34908,85,8,9,8,8,9,9,27,0.48,37646,1,Estonia,60,False
Rwanda,Type G0,Plasma,ThetaBase Services,2,5,strict,2,True,False,2755,37646,45771,81,8,9,9,9,9,8,18,0.31,37646,1,Estonia,60,False
Bouvet Island (Bouvetoya),Type V5,Plasma,ThetaBase Services,1,2,moderate,1,False,False,1767,22178,27336,92,10,9,10,10,9,9,35,0.55,22178,0.65,Lebanon,1,True
United Kingdom,Type F5,Quantum,ThetaBase Services,1,3,strict,3,False,False,1234,1264,52053,92,10,9,10,10,9,9,35,0.56,1264,0.9,Denmark,1,False
Nicaragua,Type V5,Plasma,ThetaBase Services,1,4,strict,1,True,False,1897,30435,8342,81,8,8,9,9,9,8,38,0.6,30435,0.99,Cape Verde,41,False
Malta,Type F5,Quantum,ThetaBase Services,1,1,moderate,1,True,False,1325,45291,72014,88,10,9,9,9,9,9,21,0.42,45291,1,Holy See (Vatican City State),1,True
Micronesia,Type V5,Quantum,ThetaBase Services,1,2,moderate,1,False,False,1546,3148,19834,96,10,10,10,10,10,10,190,3.88,3148,0.9,Rwanda,1,True
United Kingdom,Type F5,Quantum,"Banks, Wood and Phillips",1,2,strict,1,False,False,1416,41867,69363,93,9,9,10,10,9,9,40,0.64,41867,1,Monaco,1,True
Barbados,Type V5,Plasma,ThetaBase Services,2,4,strict,2,False,False,2820,41501,57616,93,9,9,10,10,10,9,31,0.5,41501,1,Montserrat,2,True
Gambia,Type F5,Quantum,ThetaBase Services,2,4,moderate,2,False,False,2040,29932,10377,98,10,10,10,10,10,10,60,1.06,29932,1,France,2,True
Russian Federation,Type V5,Plasma,ThetaBase Services,2,5,flexible,2,True,False,2807,19721,54404,94,10,9,10,10,10,9,91,1.45,19721,1,Tonga,3,True
Rwanda,Type V5,Plasma,ThetaBase Services,1,2,strict,1,False,False,1845,3566,36045,94,10,9,10,10,9,9,77,1.86,3566,0.9,Turkmenistan,1,True
Malta,Type F5,Quantum,ThetaBase Services,1,2,flexible,1,False,False,1520,33163,5577,98,10,10,10,9,9,9,11,0.17,33163,1,Marshall Islands,1,False
Sao Tome and Principe,Type V5,Quantum,ThetaBase Services,2,5,strict,2,False,False,1390,46427,13666,94,10,9,10,10,9,9,170,2.7,46427,0.81,Sao Tome and Principe,4,True
Sao Tome and Principe,Type V5,Plasma,ThetaBase Services,2,4,moderate,3,False,False,1910,29261,8309,95,9,9,10,10,9,9,41,0.68,29261,1,Uruguay,1,True
Costa Rica,Type V5,Plasma,ThetaBase Services,1,2,strict,1,False,False,1650,40869,46438,94,9,9,10,10,9,9,29,0.47,40869,1,Jersey,1,True
Malta,Type V2,Quantum,ThetaBase Services,1,1,strict,1,False,False,1455,22347,39812,95,9,10,10,10,10,10,68,1.18,22347,1,Brazil,2,True
Wallis and Futuna,Type V5,Plasma,ThetaBase Services,2,5,strict,5,False,False,2300,36506,5614,89,9,9,9,10,10,9,53,0.86,36506,0.7,Marshall Islands,2,False
Bouvet Island (Bouvetoya),Type V5,Quantum,ThetaBase Services,1,2,strict,1,True,False,1234,24198,11153,89,9,9,9,10,9,9,79,1.26,24198,0.25,French Guiana,4,False
Malta,Type V2,Quantum,ThetaBase Services,1,2,moderate,1,False,False,1390,8032,69937,99,10,10,10,10,9,10,93,1.5,8032,0.7,United Kingdom,1,True
Sao Tome and Principe,Type E3,Plasma,ThetaBase Services,1,2,moderate,1,False,False,1650,282,27136,98,10,10,10,10,10,10,132,2.12,282,1,Sao Tome and Principe,2,True
Micronesia,Type V5,Quantum,ThetaBase Services,1,2,moderate,1,False,False,1845,7635,7798,97,10,10,10,10,10,9,45,0.74,7635,1,Kenya,1,True
Indonesia,Type F5,Plasma,ThetaBase Services,2,4,strict,2,False,False,1910,22091,53816,87,9,8,10,10,10,9,11,0.19,22091,1,Faroe Islands,9,False
Russian Federation,Type V5,Plasma,ThetaBase Services,2,4,strict,2,False,False,2144,40737,23354,88,9,8,10,10,10,9,15,0.25,40737,0.89,Russian Federation,1,True
Estonia,Type V5,Plasma,ThetaBase Services,2,4,strict,2,True,False,2157,2293,52588,96,10,10,9,10,9,10,25,1.7,2293,1,Zimbabwe,3,True
Malta,Type V5,Plasma,ThetaBase Services,2,4,strict,3,False,False,2820,43668,7183,94,10,10,10,10,9,10,14,0.24,43668,1,Marshall Islands,6,True
Faroe Islands,Type O3,Quantum,ThetaBase Services,1,2,moderate,1,False,False,1325,31806,17829,96,9,9,9,9,9,9,15,0.28,31806,1,Micronesia,1,True
Niue,Type F5,Quantum,ThetaBase Services,1,2,flexible,1,False,False,1299,5048,75785,92,10,10,9,10,9,10,45,0.72,5048,1,Niue,2,True
Barbados,Type V5,Plasma,ThetaBase Services,2,5,strict,3,False,False,4380,13365,44131,95,10,10,10,10,10,9,92,1.49,13365,1,Indonesia,7,True
Malta,Type V5,Plasma,ThetaBase Services,1,3,strict,2,True,False,2313,35593,50578,97,10,10,10,10,10,9,32,0.56,35593,1,Marshall Islands,3,False
Sao Tome and Principe,Type F5,Plasma,ThetaBase Services,4,9,moderate,8,False,False,5420,5629,1019,98,10,10,10,10,10,10,47,0.78,5629,0.5,Sao Tome and Principe,1,False
Faroe Islands,Type V5,Quantum,ThetaBase Services,1,1,flexible,1,True,False,1559,27231,46819,95,10,10,10,10,9,10,76,1.25,27231,1,Isle of Man,1,True
Nicaragua,Type V5,Plasma,ThetaBase Services,2,4,strict,0,False,False,2300,43692,56085,93,9,9,10,10,10,10,12,0.2,43692,1,Isle of Man,1,True
Micronesia,Type V5,Plasma,ThetaBase Services,2,4,strict,3,True,False,3067,28224,71067,94,9,9,10,10,10,9,7,0.17,28224,1,Rwanda,1,False
Bouvet Island (Bouvetoya),Type F5,Plasma,ThetaBase Services,4,6,moderate,4,False,False,3145,24945,70902,98,10,10,10,10,8,9,10,0.17,24945,1,Lebanon,1,True
Switzerland,Type F5,Quantum,ThetaBase Services,1,1,strict,1,False,False,1195,49189,37769,95,10,10,10,10,9,9,41,0.96,49189,1,Turks and Caicos Islands,3,False
Barbados,Type V5,Plasma,ThetaBase Services,2,6,strict,3,False,False,3795,33823,8653,90,9,9,9,9,10,9,82,1.52,33823,0.78,France,17,True
Barbados,Type V5,Plasma,ThetaBase Services,3,10,moderate,6,False,False,6070,33823,59404,89,9,9,9,9,10,9,65,1.06,33823,0.78,France,17,True
Uzbekistan,Type V5,Quantum,ThetaBase Services,1,1,flexible,1,False,False,1455,31310,57399,100,10,10,10,10,10,10,1,0.02,31310,1,Kiribati,1,True
Costa Rica,Type V2,Quantum,ThetaBase Services,2,4,flexible,3,False,False,1377,15963,57167,97,10,10,10,10,9,10,24,0.58,15963,1,Svalbard & Jan Mayen Islands,1,False
Marshall Islands,Type V5,Quantum,ThetaBase Services,1,2,flexible,1,False,False,1169,37909,48141,98,10,10,10,10,10,10,33,0.89,37909,1,Russian Federation,2,True
Gambia,Type V2,Plasma,ThetaBase Services,3,8,strict,3,True,False,2040,26052,11376,91,9,9,10,10,9,9,71,1.18,26052,0.9,Gambia,3,True
Barbados,Type V5,Quantum,ThetaBase Services,1,2,strict,1,False,False,1585,35841,56202,78,9,7,10,10,10,8,12,0.2,35841,1,Saint Helena,4,False
Bouvet Island (Bouvetoya),Type V5,Plasma,ThetaBase Services,1,4,moderate,1,False,False,2560,9797,73229,98,10,10,10,10,9,9,80,1.33,9797,1,Uzbekistan,1,False
Malta,Type F5,Quantum,ThetaBase Services,1,2,moderate,1,False,False,1260,40757,8663,96,10,10,10,10,9,10,46,0.79,40757,1,United Kingdom,1,True
Malta,Type V5,Quantum,ThetaBase Services,1,4,strict,3,True,False,2495,35593,2748,95,10,9,10,10,10,10,63,1.06,35593,1,Marshall Islands,3,False
Nicaragua,Type O3,Quantum,ThetaBase Services,1,2,strict,0,False,False,1975,41755,47795,97,10,10,10,10,10,10,101,1.66,41755,1,Isle of Man,2,False
Bouvet Island (Bouvetoya),Type V5,Quantum,ThetaBase Services,1,2,strict,1,True,False,1598,38218,71147,96,10,10,10,10,10,9,141,2.35,38218,1,Malawi,1,True
Kiribati,Type V2,Plasma,ThetaBase Services,3,6,moderate,3,False,False,2495,1020,32821,97,10,9,10,10,10,10,77,1.4,1020,1,United Kingdom,7,True
Malta,Type G0,Plasma,ThetaBase Services,1,3,strict,2,False,False,2690,30283,65561,74,7,8,9,8,9,8,17,0.28,30283,1,Brazil,15,False
Malta,Type V5,Plasma,ThetaBase Services,1,4,strict,2,False,False,3080,30283,70128,60,8,8,8,7,7,7,5,0.09,30283,1,Brazil,15,False
Micronesia,Type G0,Plasma,ThetaBase Services,1,5,moderate,3,False,False,3145,30283,25145,80,8,9,8,8,9,8,23,0.38,30283,1,Brazil,15,False
Malta,Type V5,Plasma,ThetaBase Services,1,4,moderate,1,False,False,2040,37215,39917,82,8,8,9,10,9,8,22,0.39,37215,1,Indonesia,4,True
Sao Tome and Principe,Type V5,Plasma,ThetaBase Services,1,2,moderate,1,False,False,2040,45905,34534,80,10,10,10,9,8,9,3,0.05,45905,1,Sao Tome and Principe,3,True
Micronesia,Type V5,Plasma,ThetaBase Services,1,3,flexible,1,False,False,2040,49030,15449,100,10,10,10,9,9,9,9,0.16,49030,1,Kenya,2,False
United Kingdom,Type V7,Quantum,ThetaBase Services,1,1,strict,2,False,False,1520,4906,13665,96,10,9,10,10,10,9,306,5.03,4906,1,Senegal,2,True
Niue,Type F5,Quantum,ThetaBase Services,1,2,moderate,1,True,False,2105,1877,33109,98,10,10,10,10,10,10,76,1.27,1877,1,Guinea,1,False
Bouvet Island (Bouvetoya),Type F5,Quantum,ThetaBase Services,1,2,strict,1,False,False,1585,34018,14569,94,10,10,10,10,10,10,14,0.34,34018,1,French Guiana,1,False
Rwanda,Type V5,Plasma,ThetaBase Services,2,4,strict,2,True,False,2170,26052,49276,94,10,10,10,10,10,10,99,1.76,26052,0.9,Gambia,3,True
Gambia,Type V2,Quantum,ThetaBase Services,3,8,moderate,3,False,False,1520,26052,20559,88,9,9,9,10,8,9,27,0.44,26052,0.9,Gambia,3,True
Niue,Type V7,Plasma,ThetaBase Services,1,2,strict,1,False,False,2560,39023,68600,99,10,10,10,10,10,10,22,0.58,39023,1,Niue,1,True
Niue,Type O3,Quantum,ThetaBase Services,1,2,moderate,1,False,False,2300,6407,32678,100,10,10,10,10,10,10,1,0.02,6407,0,Niue,3,False
Barbados,Type V2,Plasma,ThetaBase Services,4,10,strict,6,True,False,4757,39952,32145,81,8,8,9,9,9,8,56,0.92,39952,1,Tonga,21,False
Rwanda,Type F5,Plasma,ThetaBase Services,1,2,strict,1,False,False,1455,34653,6244,91,9,10,10,10,10,10,22,0.87,34653,1,Turkmenistan,1,True
Russian Federation,Type V5,Quantum,ThetaBase Services,1,1,flexible,1,False,False,1520,40678,46949,93,9,9,10,10,10,9,193,3.27,40678,1,Ecuador,3,True
Micronesia,Type V5,Plasma,"Banks, Wood and Phillips",1,4,strict,1,True,False,2105,30435,59119,76,8,8,8,8,9,8,67,1.11,30435,0.99,Cape Verde,41,False
Bouvet Island (Bouvetoya),Type V5,Quantum,ThetaBase Services,1,2,strict,1,False,False,1910,14240,53582,100,10,10,10,10,9,10,3,0.15,14240,1,Chile,3,True
Nicaragua,Type V5,Plasma,ThetaBase Services,1,4,strict,1,True,False,2560,30435,51765,86,9,9,10,9,10,9,60,1.08,30435,0.99,Cape Verde,41,False
Micronesia,Type V5,Plasma,ThetaBase Services,1,3,moderate,1,False,False,2430,3362,67365,95,10,9,10,10,9,9,32,0.53,3362,0.4,Rwanda,1,True
Estonia,Type V5,Quantum,ThetaBase Services,1,2,strict,1,True,False,1195,22316,61333,93,10,9,9,10,9,9,45,0.78,22316,1,Zimbabwe,1,True
Malta,Type V5,Plasma,ThetaBase Services,2,4,strict,2,False,False,2157,44459,53436,97,10,9,10,10,10,9,41,0.69,44459,0.89,Kenya,1,True
Barbados,Type V5,Quantum,ThetaBase Services,1,2,strict,1,False,False,1780,14700,71794,89,9,8,9,10,10,9,23,0.41,14700,1,Montserrat,3,False
Gambia,Type F5,Quantum,ThetaBase Services,1,1,moderate,1,False,False,1130,23009,41459,95,10,10,10,10,8,9,96,1.62,23009,1,Gambia,1,True
Barbados,Type V2,Quantum,"Banks, Wood and Phillips",1,3,strict,2,False,False,1650,25728,7419,98,10,10,10,10,9,10,99,1.72,25728,1,Bouvet Island (Bouvetoya),3,False
Rwanda,Type V5,Quantum,ThetaBase Services,1,2,strict,1,False,False,1572,11332,3530,97,10,10,10,10,9,10,16,0.27,11332,1,Croatia,2,True
Costa Rica,Type V5,Plasma,ThetaBase Services,1,2,moderate,1,False,False,1650,32801,40579,93,9,10,10,10,9,9,4,0.08,32801,0.63,Somalia,1,False
Bosnia and Herzegovina,Type F5,Quantum,ThetaBase Services,1,2,flexible,1,False,False,1338,9307,39375,97,10,9,10,10,9,10,60,1.03,9307,1,Puerto Rico,1,False
Rwanda,Type V5,Plasma,ThetaBase Services,1,2,strict,1,False,False,2105,47848,4238,99,10,10,10,10,10,10,26,0.47,47848,0.3,Uzbekistan,1,True
Sao Tome and Principe,Type V2,Plasma,ThetaBase Services,3,7,moderate,4,False,False,4120,29564,70971,100,10,10,10,10,10,10,2,0.06,29564,1,Turkmenistan,1,True
Micronesia,Type V5,Plasma,ThetaBase Services,2,4,strict,2,False,False,2950,37662,52561,94,10,9,10,10,10,10,69,1.18,37662,1,Kenya,2,True
Micronesia,Type V5,Quantum,ThetaBase Services,1,2,moderate,1,False,False,1767,44145,13030,97,10,10,10,10,10,10,20,0.34,44145,1,Rwanda,4,True
Micronesia,Type V5,Plasma,ThetaBase Services,1,2,strict,1,False,False,2560,9264,30281,95,10,9,10,10,10,9,57,0.96,9264,0.88,Kenya,2,True
Malta,Type V5,Quantum,ThetaBase Services,1,2,strict,1,True,False,1910,4517,26984,97,10,10,10,10,9,9,116,2.04,4517,1,El Salvador,3,True
United Kingdom,Type V5,Plasma,ThetaBase Services,2,4,strict,2,False,False,4705,4267,14885,95,10,9,10,10,10,9,27,0.48,4267,1,Senegal,22,True
Wallis and Futuna,Type V5,Plasma,ThetaBase Services,0,2,moderate,2,True,False,1715,20482,4728,97,10,10,10,10,10,10,23,0.4,20482,1,Malta,1,True
Nicaragua,Type V5,Plasma,ThetaBase Services,2,4,strict,2,False,False,3470,41755,61219,98,10,10,10,10,10,10,9,0.2,41755,1,Isle of Man,2,False
Micronesia,Type V2,Quantum,ThetaBase Services,1,2,flexible,2,False,False,2430,18566,10745,100,10,10,10,10,10,10,1,0.56,18566,0.9,Nicaragua,2,True
United Kingdom,Type V5,Quantum,ThetaBase Services,1,2,moderate,1,False,False,1377,15023,42156,99,10,10,10,10,9,10,81,1.49,15023,1,Tanzania,1,True
Anguilla,Type V5,Plasma,ThetaBase Services,1,2,strict,1,False,False,1858,11380,55466,91,9,10,10,10,9,9,18,0.45,11380,1,United Kingdom,1,True
United Kingdom,Type V5,Plasma,ThetaBase Services,2,3,strict,2,False,False,2625,10479,33739,100,10,10,10,10,10,10,1,0.06,10479,1,Palestinian Territory,3,True
Rwanda,Type V5,Quantum,ThetaBase Services,1,3,strict,0,False,False,1455,24728,8232,81,9,9,9,9,9,9,22,0.5,24728,1,Turkmenistan,3,True
Sao Tome and Principe,Type F5,Quantum,ThetaBase Services,1,3,flexible,3,False,False,1845,12006,3522,87,8,9,10,9,10,9,18,0.31,12006,1,Uruguay,5,False
Kiribati,Type V5,Quantum,ThetaBase Services,1,2,moderate,1,False,False,1520,14479,54805,95,10,10,10,10,9,9,71,1.29,14479,1,United Kingdom,1,True
Malta,Type F5,Plasma,ThetaBase Services,5,8,strict,8,False,False,4120,32065,22697,100,10,10,10,10,9,9,12,0.21,32065,1,Niue,1,False
Rwanda,Type V5,Quantum,ThetaBase Services,1,2,strict,1,False,False,1780,44477,76011,100,10,10,10,10,10,10,13,1.47,44477,0.9,Maldives,3,True
Malta,Type V2,Nuclear,ThetaBase Services,1,16,strict,16,False,False,1208,44194,13710,81,8,8,9,8,9,8,163,2.82,44194,1,Indonesia,5,True
Malta,Type V5,Quantum,ThetaBase Services,0,4,flexible,4,False,False,1091,20807,70087,84,9,8,9,9,8,8,97,1.69,20807,1,Mauritania,2,True
Kiribati,Type F5,Plasma,ThetaBase Services,4,9,strict,6,False,False,3457,12210,62112,92,10,9,10,10,9,9,107,1.91,12210,1,United Kingdom,2,False
Micronesia,Type V5,Plasma,ThetaBase Services,1,3,strict,1,False,False,2768,8058,57751,97,10,10,10,10,10,10,101,1.76,8058,0.9,Niger,2,True
Nicaragua,Type F5,Quantum,ThetaBase Services,1,1,moderate,1,False,False,1520,13977,39021,92,10,10,10,10,9,9,5,0.16,13977,0.9,Isle of Man,1,False
Rwanda,Type V5,Plasma,ThetaBase Services,0,3,moderate,2,True,False,1806,22324,29435,90,10,9,10,10,9,9,53,2.8,22324,1,Venezuela,6,True
Rwanda,Type V5,Quantum,ThetaBase Services,1,2,moderate,1,False,False,1455,38078,31816,99,10,9,10,10,9,9,16,0.28,38078,1,Uzbekistan,2,True
Sao Tome and Principe,Type O3,Quantum,ThetaBase Services,4,10,strict,10,False,False,4640,15160,44273,100,10,10,10,10,10,9,16,0.28,15160,1,Peru,5,True
Wallis and Futuna,Type V2,Quantum,ThetaBase Services,1,2,strict,1,True,False,1507,47548,66046,98,10,10,10,10,10,10,97,1.68,47548,1,Malta,1,True
Barbados,Type V5,Plasma,ThetaBase Services,2,6,strict,2,True,False,2807,39952,72070,72,8,7,8,8,10,7,40,0.7,39952,1,Tonga,21,False
Rwanda,Type V5,Quantum,ThetaBase Services,1,3,strict,0,False,False,1390,24728,75275,87,9,9,9,9,9,9,74,1.27,24728,1,Turkmenistan,3,True
United Kingdom,Type V5,Quantum,ThetaBase Services,1,1,strict,0,False,False,1650,15193,29979,100,10,10,10,10,10,10,2,0.07,15193,1,Tanzania,2,True
Niue,Type V5,Plasma,ThetaBase Services,1,2,strict,1,False,False,1975,38401,15387,94,10,10,10,10,10,9,40,0.73,38401,1,Guinea,1,False
Nicaragua,Type V5,Plasma,ThetaBase Services,2,4,strict,2,False,False,2235,21263,29316,94,10,9,10,10,10,10,27,0.48,21263,1,Isle of Man,1,True
Sao Tome and Principe,Type V2,Quantum,ThetaBase Services,1,1,flexible,1,False,False,1325,12006,35312,91,10,9,10,10,10,9,45,0.8,12006,1,Uruguay,5,False
Malta,Type V2,Nuclear,ThetaBase Services,1,16,strict,16,False,False,1208,44194,5744,83,9,8,9,9,9,9,146,2.54,44194,1,Indonesia,5,True
Anguilla,Type V5,Quantum,ThetaBase Services,1,1,flexible,1,False,False,1455,28436,41206,97,9,10,10,10,9,9,8,0.14,28436,1,Anguilla,1,True
Sao Tome and Principe,Type F5,Quantum,ThetaBase Services,1,1,flexible,1,False,False,1247,12006,50104,91,10,9,10,10,10,10,72,1.24,12006,1,Uruguay,5,False
Malta,Type N0,Nuclear,ThetaBase Services,1,16,strict,16,False,False,1208,44194,5401,85,9,8,9,9,9,9,113,2,44194,1,Indonesia,5,True
Faroe Islands,Type O3,Quantum,ThetaBase Services,1,1,moderate,1,False,False,1338,29070,65256,93,10,10,10,10,10,10,73,1.37,29070,1,Micronesia,1,False
Sao Tome and Principe,Type F5,Plasma,ThetaBase Services,6,12,strict,6,False,False,8670,38547,25243,94,9,10,9,9,9,10,11,0.21,38547,0,Angola,3,True
Rwanda,Type V5,Quantum,ThetaBase Services,1,2,moderate,1,False,False,1520,45783,30499,97,10,10,10,10,9,10,82,1.43,45783,1,Nauru,1,True
Bouvet Island (Bouvetoya),Type V5,Plasma,ThetaBase Services,1,3,moderate,1,False,False,2105,29246,24623,96,10,10,10,10,9,9,38,0.68,29246,0.5,Malawi,1,True
Sao Tome and Principe,Type O3,Quantum,ThetaBase Services,1,2,strict,1,False,False,1715,15160,9456,93,9,10,10,10,9,9,3,0.06,15160,1,Peru,5,True
Sao Tome and Principe,Type O3,Quantum,ThetaBase Services,1,2,strict,1,False,False,1845,15160,18603,96,9,10,10,10,10,10,20,0.36,15160,1,Peru,5,True
Sao Tome and Principe,Type V2,Quantum,ThetaBase Services,1,3,strict,1,False,False,1845,15160,48167,100,10,10,10,10,10,10,10,0.18,15160,1,Peru,5,True
Niue,Type F5,Quantum,ThetaBase Services,1,3,moderate,2,False,False,1325,2667,26913,91,10,10,10,10,9,9,17,0.43,2667,1,Niue,3,False
Niue,Type V5,Plasma,ThetaBase Services,1,2,moderate,1,False,False,1975,28685,72490,92,10,9,10,10,9,9,85,1.52,28685,1,Guinea,1,True
Sao Tome and Principe,Type F5,Quantum,ThetaBase Services,1,2,flexible,1,False,False,1390,28731,57577,97,10,10,10,10,10,10,80,1.41,28731,1,Faroe Islands,1,True
Malta,Type V5,Plasma,ThetaBase Services,2,4,flexible,2,False,False,2690,4517,479,96,10,9,10,10,9,10,96,2,4517,1,El Salvador,3,True
Wallis and Futuna,Type V5,Quantum,ThetaBase Services,1,1,strict,1,False,False,1156,19526,26038,92,10,9,9,10,9,9,19,0.63,19526,1,Malta,2,False
United Kingdom,Type V5,Quantum,ThetaBase Services,1,5,strict,3,False,False,1754,38831,63617,84,9,8,9,9,9,9,12,0.21,38831,0.65,Tanzania,8,True
Malta,Type F5,Quantum,ThetaBase Services,1,4,strict,2,False,False,1624,22321,56827,94,10,10,10,10,9,9,421,7.39,22321,1,United Kingdom,16,False
Barbados,Type V5,Plasma,ThetaBase Services,3,6,strict,3,True,False,2547,39952,35949,76,8,7,9,8,9,8,30,0.56,39952,1,Tonga,21,False
Malta,Type F5,Quantum,ThetaBase Services,1,4,strict,2,True,False,1624,22321,5855,94,10,10,10,10,9,9,335,5.88,22321,1,United Kingdom,16,False
Malta,Type F5,Quantum,ThetaBase Services,1,3,strict,2,False,False,1494,22321,26420,95,10,10,10,10,9,9,393,6.93,22321,1,United Kingdom,16,False
Malta,Type F5,Quantum,ThetaBase Services,1,3,strict,2,False,False,1494,22321,62277,93,9,9,10,10,9,9,383,6.74,22321,1,United Kingdom,16,False
Wallis and Futuna,Type V5,Quantum,MCW Global,1,1,strict,1,False,False,1143,19526,4626,85,10,9,10,9,9,9,4,0.08,19526,1,Malta,2,False
Malta,Type F5,Quantum,ThetaBase Services,1,2,flexible,1,True,False,1637,21247,45471,96,10,10,9,10,9,8,5,0.44,21247,1,Guernsey,1,False
Rwanda,Type V5,Quantum,ThetaBase Services,1,2,flexible,1,True,False,1273,37554,69910,98,10,10,10,10,9,10,14,0.27,37554,1,Nauru,1,True
Nicaragua,Type V5,Quantum,ThetaBase Services,1,2,strict,1,True,False,1520,14120,69987,94,10,9,10,10,10,9,184,3.29,14120,1,Jersey,1,False
Bouvet Island (Bouvetoya),Type V2,Quantum,ThetaBase Services,1,1,moderate,1,True,False,1325,25637,53084,99,10,10,10,10,10,10,65,1.15,25637,1,French Guiana,3,True
Kiribati,Type Z6,Plasma,ThetaBase Services,3,5,flexible,4,False,False,4003,22625,21552,96,10,10,10,10,9,9,30,1.06,22625,1,Nicaragua,3,True
Bouvet Island (Bouvetoya),Type V5,Plasma,"Banks, Wood and Phillips",0,2,moderate,1,False,False,2157,20758,66067,95,10,9,10,10,10,9,137,2.41,20758,1,Uzbekistan,2,True
Malta,Type V5,Quantum,ThetaBase Services,1,1,strict,0,True,False,1507,3189,4800,98,10,10,10,10,10,10,180,4.23,3189,1,Marshall Islands,2,True
United Kingdom,Type V2,Plasma,ThetaBase Services,3,6,strict,6,False,False,2365,22513,31183,89,9,9,10,10,10,9,34,0.6,22513,0.9,Jersey,4,True
Bouvet Island (Bouvetoya),Type V5,Plasma,ThetaBase Services,1,2,strict,1,False,False,1715,22175,50875,87,9,7,10,10,9,9,3,0.06,22175,0.5,Lebanon,1,True
United Kingdom,Type V5,Plasma,ThetaBase Services,2,4,moderate,2,False,False,3470,37438,47184,99,10,10,10,10,9,10,31,0.56,37438,1,Andorra,4,True
Rwanda,Type V5,Quantum,ThetaBase Services,1,1,strict,1,False,False,1585,13212,14944,91,9,10,10,10,9,9,7,0.13,13212,1,Zimbabwe,12,True
Gambia,Type V5,Quantum,ThetaBase Services,1,2,moderate,1,False,False,1390,2076,36391,96,9,10,10,10,9,10,11,1.09,2076,1,New Zealand,2,False
Malta,Type F5,Quantum,ThetaBase Services,1,2,flexible,1,False,False,1624,11498,56813,98,10,10,10,10,9,10,218,4.03,11498,0.9,Niue,1,False
Bouvet Island (Bouvetoya),Type F5,Quantum,ThetaBase Services,1,2,strict,1,False,False,1585,44817,19069,97,10,10,10,10,10,9,89,5.15,44817,1,Chile,1,True
Switzerland,Type V5,Plasma,ThetaBase Services,2,6,strict,2,True,False,2430,33873,32931,100,10,10,10,10,10,10,3,0.08,33873,1,Turks and Caicos Islands,8,True
Gambia,Type V5,Plasma,ThetaBase Services,1,4,strict,2,False,False,2092,2368,58379,95,10,10,10,10,10,10,25,0.46,2368,0.78,France,1,True
Nicaragua,Type V7,Plasma,ThetaBase Services,3,6,strict,2,False,False,2690,33029,32491,88,10,9,9,10,9,9,16,0.3,33029,1,Isle of Man,3,False
Russian Federation,Type V5,Quantum,ThetaBase Services,1,2,strict,0,True,False,1325,44354,59223,89,9,8,9,9,9,9,133,2.36,44354,1,Russian Federation,1,True
Russian Federation,Type F5,Plasma,ThetaBase Services,4,9,strict,7,True,False,3990,43481,39692,97,10,9,10,10,9,10,28,0.53,43481,1,Russian Federation,4,True
Russian Federation,Type O3,Quantum,ThetaBase Services,0,2,strict,2,False,False,1585,43481,18644,99,10,10,10,10,10,10,40,0.75,43481,1,Russian Federation,4,True
Russian Federation,Type O3,Quantum,ThetaBase Services,1,2,strict,1,False,False,1585,43481,25953,98,10,10,10,10,10,10,38,0.71,43481,1,Russian Federation,4,True
Russian Federation,Type V5,Plasma,ThetaBase Services,2,3,moderate,3,False,False,2170,8866,13711,94,10,10,10,10,9,9,43,0.77,8866,0.9,Tonga,2,True
United Kingdom,Type V5,Plasma,ThetaBase Services,1,2,strict,1,False,False,1702,26878,74186,89,9,8,10,9,9,9,10,0.19,26878,0.8,Monaco,2,True
Barbados,Type V5,Quantum,ThetaBase Services,1,1,strict,1,True,False,1468,3294,27636,94,9,10,10,10,10,9,176,3.2,3294,1,Uganda,3,False
Uzbekistan,Type V2,Quantum,ThetaBase Services,1,2,strict,1,False,False,1208,11110,828,94,10,10,9,10,9,10,89,2.31,11110,0.88,Kiribati,3,True
Uzbekistan,Type V2,Quantum,ThetaBase Services,1,2,strict,1,False,False,1390,11110,71030,94,10,10,10,10,9,9,145,2.59,11110,0.88,Kiribati,3,True
Costa Rica,Type V5,Quantum,ThetaBase Services,1,2,strict,1,False,False,1325,42280,22054,100,10,10,10,10,9,10,47,1.6,42280,1,Micronesia,1,True
Barbados,Type V5,Quantum,ThetaBase Services,1,1,strict,1,False,False,1780,25948,35727,98,10,10,10,10,10,10,112,2.04,25948,1,Slovakia (Slovak Republic),1,True
Malta,Type V5,Quantum,ThetaBase Services,1,2,flexible,1,False,False,1741,37280,73407,96,10,10,10,10,10,10,140,2.59,37280,1,Indonesia,4,True
Barbados,Type V5,Plasma,ThetaBase Services,3,6,strict,3,True,False,2547,39952,66913,80,9,8,9,9,10,9,53,0.99,39952,1,Tonga,21,False
Nicaragua,Type V5,Plasma,ThetaBase Services,2,2,moderate,2,False,False,2300,35933,60679,100,9,10,10,10,10,10,3,0.07,35933,0.75,Isle of Man,1,True
El Salvador,Type F5,Quantum,ThetaBase Services,3,7,moderate,5,False,False,1650,25005,75223,98,10,10,10,10,10,10,185,3.51,25005,1,Papua New Guinea,1,True
Kiribati,Type F5,Plasma,ThetaBase Services,7,12,strict,10,False,False,7240,22321,32992,94,9,9,10,10,9,9,25,0.49,22321,1,United Kingdom,16,False
United Kingdom,Type V5,Plasma,ThetaBase Services,1,5,strict,3,False,False,1728,38831,25709,62,7,6,7,7,9,6,10,0.19,38831,0.65,Tanzania,8,True
Malta,Type V5,Plasma,ThetaBase Services,1,2,strict,1,False,False,2820,45764,7851,99,10,10,10,10,9,10,14,0.51,45764,1,Guernsey,1,True
Chad,Type F5,Plasma,ThetaBase Services,3,6,flexible,3,False,False,1858,44963,1250,88,9,8,10,9,8,9,90,1.63,44963,0,Togo,1,True
United Kingdom,Type V5,Quantum,ThetaBase Services,1,2,flexible,1,False,False,1455,24639,58355,95,10,10,10,10,9,10,66,1.41,24639,1,Kenya,2,True
Malta,Type Z6,Quantum,ThetaBase Services,1,2,moderate,1,False,False,2040,23795,27865,99,10,10,10,10,10,10,147,2.66,23795,1,Indonesia,1,False
Micronesia,Type V5,Plasma,ThetaBase Services,2,2,strict,2,False,False,2690,23541,47571,99,10,10,10,10,10,10,15,0.28,23541,0.89,Rwanda,1,False
Bouvet Island (Bouvetoya),Type P6,Quantum,ThetaBase Services,1,1,moderate,1,False,False,1260,23699,20156,96,10,10,10,10,9,10,213,4.21,23699,1,Lebanon,1,True
Malta,Type V5,Plasma,ThetaBase Services,2,6,moderate,2,False,False,3067,22876,31340,81,8,8,9,9,9,8,43,0.91,22876,0.9,Marshall Islands,2,True
Nicaragua,Type V5,Plasma,ThetaBase Services,1,4,strict,1,False,False,2469,26652,35481,91,9,9,10,10,9,9,28,0.73,26652,0.97,Pakistan,6,False
Malta,Type V5,Quantum,ThetaBase Services,1,2,strict,2,False,False,2157,42132,59909,97,10,10,10,10,9,10,39,0.77,42132,1,Marshall Islands,1,False
Chad,Type F5,Quantum,ThetaBase Services,1,2,strict,1,False,False,1130,15758,48495,90,9,9,9,8,8,9,7,0.3,15758,1,Togo,1,False
Estonia,Type F5,Plasma,ThetaBase Services,2,6,strict,3,True,False,2235,30959,23613,93,10,8,9,9,8,9,20,0.38,30959,1,Zimbabwe,2,False
United Kingdom,Type V5,Plasma,ThetaBase Services,2,4,strict,2,False,False,2820,20463,14633,100,10,10,10,10,10,10,12,0.22,20463,1,Lithuania,2,False
Russian Federation,Type V5,Plasma,ThetaBase Services,1,3,moderate,2,False,False,1702,47081,7108,96,10,9,10,10,9,9,34,1.04,47081,1,Finland,1,True
Anguilla,Type V5,Plasma,ThetaBase Services,3,7,strict,5,True,False,2820,44835,73151,90,9,9,10,10,9,9,205,3.73,44835,1,United Kingdom,3,False
Barbados,Type V5,Plasma,ThetaBase Services,1,2,strict,1,False,False,4185,12821,53161,90,9,7,10,9,10,9,2,0.04,12821,1,Tonga,1,True
Barbados,Type V5,Plasma,ThetaBase Services,1,2,strict,1,False,False,2157,6974,29263,95,10,9,10,10,10,10,33,0.6,6974,1,Barbados,1,True
United Kingdom,Type V5,Plasma,ThetaBase Services,1,2,strict,1,False,False,2170,12471,38165,99,10,10,10,10,10,10,17,0.62,12471,0.67,Gibraltar,1,True
Rwanda,Type V5,Plasma,ThetaBase Services,1,2,strict,1,False,False,2170,19309,6551,97,10,10,10,10,9,10,56,1.02,19309,1,Maldives,3,True
Rwanda,Type F5,Quantum,ThetaBase Services,1,2,strict,1,True,False,1390,41346,29738,88,9,9,9,9,9,9,118,3.46,41346,0.97,Estonia,7,True
Nicaragua,Type V5,Plasma,"Banks, Wood and Phillips",0,2,strict,1,False,False,2105,32556,64943,80,8,9,9,9,9,8,48,1.02,32556,0.9,Estonia,11,True
United Kingdom,Type V5,Quantum,ThetaBase Services,1,2,flexible,1,False,False,1507,7493,27995,94,10,9,10,10,9,10,295,5.47,7493,1,Monaco,1,True
Malta,Type F5,Plasma,ThetaBase Services,4,7,strict,4,False,False,6005,27163,68171,93,10,9,10,10,9,9,45,1.04,27163,1,Korea,3,True
Micronesia,Type V5,Plasma,ThetaBase Services,2,4,moderate,2,False,False,3145,20382,16570,96,10,9,10,10,10,10,26,0.49,20382,1,Svalbard & Jan Mayen Islands,4,True
Kiribati,Type F5,Plasma,ThetaBase Services,3,6,strict,4,False,False,3730,15282,12900,95,9,9,10,10,9,9,11,0.21,15282,1,Nicaragua,1,True
Barbados,Type F5,Plasma,ThetaBase Services,3,7,flexible,6,False,False,7240,18566,20740,98,9,10,10,10,10,9,15,0.29,18566,0.9,Nicaragua,2,True
United Kingdom,Type V5,Quantum,ThetaBase Services,1,3,strict,2,False,False,2027,2353,53256,99,10,10,10,10,10,9,19,0.35,2353,1,Senegal,2,True
United Kingdom,Type V5,Plasma,ThetaBase Services,0,2,strict,1,False,False,1715,7696,44267,88,9,9,10,10,9,9,123,2.27,7696,0.97,Russian Federation,7,True
United Kingdom,Type V5,Plasma,ThetaBase Services,0,2,strict,1,False,False,1585,7696,50052,86,9,9,9,10,9,9,185,3.39,7696,0.97,Russian Federation,7,True
United Kingdom,Type V5,Plasma,ThetaBase Services,0,2,strict,1,False,False,1585,7696,61914,88,9,9,9,9,9,9,183,3.35,7696,0.97,Russian Federation,7,True
United Kingdom,Type V5,Plasma,ThetaBase Services,0,2,strict,1,False,False,1585,7696,46802,86,9,9,9,9,9,9,138,2.61,7696,0.97,Russian Federation,7,True
United Kingdom,Type V5,Quantum,ThetaBase Services,1,1,strict,1,False,False,1455,7696,18135,91,9,9,10,10,9,9,109,2,7696,0.97,Russian Federation,7,True
Barbados,Type V2,Plasma,ThetaBase Services,4,7,strict,7,False,False,8670,16685,56049,92,9,9,10,10,10,9,31,0.62,16685,1,Reunion,2,False
Malta,Type F5,Plasma,ThetaBase Services,3,6,strict,3,False,False,4120,26368,21970,92,9,9,10,9,9,9,127,2.4,26368,1,Brazil,2,False
Faroe Islands,Type V5,Quantum,ThetaBase Services,1,1,flexible,1,False,False,1455,27407,6103,88,9,8,9,9,10,8,11,0.22,27407,0.5,Micronesia,1,False
Malta,Type V5,Quantum,ThetaBase Services,1,1,flexible,1,True,False,1780,3989,63015,73,7,7,8,7,7,6,6,0.12,3989,1,Marshall Islands,1,True
United Kingdom,Type V5,Plasma,ThetaBase Services,1,4,strict,1,True,False,2495,8018,54557,86,9,9,10,9,9,9,15,0.8,8018,1,Monaco,1,True
Niue,Type F5,Plasma,ThetaBase Services,4,8,strict,4,False,False,4770,7732,52239,91,10,9,9,9,9,9,11,0.29,7732,1,Guinea,1,True
Faroe Islands,Type V5,Quantum,Warwick Technology Multinational,1,2,flexible,1,False,False,1520,25030,42076,100,9,9,10,10,9,9,3,0.07,25030,0.75,Micronesia,1,True
Barbados,Type V5,Plasma,ThetaBase Services,1,4,strict,1,False,False,1975,1883,56321,88,9,9,10,10,9,9,88,1.62,1883,0.9,Reunion,2,True
United Kingdom,Type F5,Quantum,ThetaBase Services,1,2,moderate,1,False,False,1325,27071,19294,96,10,9,10,10,10,10,59,1.08,27071,1,El Salvador,1,False
Anguilla,Type F5,Plasma,ThetaBase Services,2,6,strict,3,False,False,2430,40276,45445,98,10,10,10,10,10,10,31,0.59,40276,1,Anguilla,1,True
Nicaragua,Type V5,Plasma,ThetaBase Services,1,2,moderate,1,False,False,2027,14747,8085,92,9,9,10,9,9,9,43,0.8,14747,1,Jersey,1,True
Barbados,Type V5,Quantum,ThetaBase Services,1,2,strict,1,True,False,1585,3294,14551,91,9,9,10,10,10,9,113,2.11,3294,1,Uganda,3,False
United Kingdom,Type V5,Quantum,ThetaBase Services,1,2,strict,1,False,False,1455,30916,43383,96,10,9,10,10,9,9,194,3.61,30916,1,Tunisia,3,False
Malta,Type O3,Nuclear,ThetaBase Services,1,16,strict,16,False,False,1208,44194,69084,79,8,8,8,8,8,8,27,0.64,44194,1,Indonesia,5,True
Niue,Type V5,Quantum,ThetaBase Services,0,2,moderate,1,True,False,1715,7581,21805,94,10,9,10,10,9,9,43,0.83,7581,1,Niue,1,False
Barbados,Type V5,Plasma,ThetaBase Services,1,4,strict,2,True,False,2157,39952,48685,78,9,9,9,8,9,8,12,0.22,39952,1,Tonga,21,False
Bouvet Island (Bouvetoya),Type V5,Plasma,ThetaBase Services,1,4,strict,2,False,False,1715,24198,72053,83,9,8,9,9,8,8,20,0.38,24198,0.25,French Guiana,4,False
Nicaragua,Type F5,Quantum,ThetaBase Services,0,2,strict,1,False,False,2027,1638,1463,95,10,10,10,10,10,9,79,1.46,1638,1,Jersey,1,False
Estonia,Type V2,Quantum,ThetaBase Services,1,3,strict,2,True,False,1195,27186,45437,91,10,10,10,10,9,9,140,3.84,27186,1,Zimbabwe,7,True
Rwanda,Type V2,Quantum,ThetaBase Services,1,2,moderate,1,False,False,1650,24073,18470,97,10,10,10,10,9,9,19,0.37,24073,1,Zimbabwe,2,False
Niue,Type V5,Quantum,ThetaBase Services,1,2,strict,1,True,False,1221,19682,44979,94,10,10,10,10,8,9,144,2.67,19682,1,Faroe Islands,15,True
Sao Tome and Principe,Type V5,Plasma,ThetaBase Services,3,6,flexible,3,False,False,3171,16769,17874,97,10,10,10,10,10,10,43,0.86,16769,0.8,Isle of Man,2,False
Malta,Type G0,Plasma,ThetaBase Services,1,2,strict,1,False,False,1767,30283,49774,77,9,9,9,8,9,7,7,0.18,30283,1,Brazil,15,False
Bouvet Island (Bouvetoya),Type V5,Quantum,ThetaBase Services,1,2,strict,1,True,False,1429,20785,76516,92,10,9,9,9,10,9,76,1.41,20785,0.63,Chad,2,True
Bouvet Island (Bouvetoya),Type V5,Quantum,ThetaBase Services,1,1,moderate,3,False,False,1364,4588,32077,98,10,10,10,10,10,10,17,0.32,4588,1,Malawi,1,True
Nicaragua,Type V5,Plasma,ThetaBase Services,3,7,strict,4,False,False,5420,33823,74251,64,8,8,9,8,9,7,11,0.24,33823,0.78,France,17,True
Nicaragua,Type O3,Quantum,ThetaBase Services,1,1,moderate,1,False,False,1520,19271,73348,100,10,10,10,10,10,10,1,0.05,19271,1,Jersey,11,False
Bouvet Island (Bouvetoya),Type Z6,Quantum,ThetaBase Services,1,3,moderate,1,False,False,1260,6566,594,97,10,10,10,10,9,10,33,1.48,6566,1,French Guiana,1,True
Malta,Type F5,Quantum,ThetaBase Services,1,2,strict,1,False,False,1299,36726,50744,91,9,9,9,9,9,9,148,2.77,36726,0.94,Mexico,6,False
Malta,Type F5,Quantum,ThetaBase Services,1,2,strict,1,False,False,1299,36726,51281,93,10,9,10,10,9,9,111,2.07,36726,0.94,Mexico,6,False
Malta,Type V5,Plasma,ThetaBase Services,1,2,flexible,1,False,False,1780,17801,18662,97,10,10,10,10,9,9,57,1.53,17801,0.8,Mauritania,2,True
United Kingdom,Type V5,Plasma,ThetaBase Services,2,6,strict,4,False,False,3327,2353,31086,97,10,9,10,10,9,9,54,1.01,2353,1,Senegal,2,True
Niue,Type V2,Quantum,ThetaBase Services,1,1,strict,1,False,False,1455,4129,35317,98,10,10,10,10,10,10,90,2.22,4129,1,Niue,3,True
Russian Federation,Type V5,Plasma,ThetaBase Services,2,4,flexible,2,False,False,1988,36206,23416,80,9,8,9,9,8,8,45,0.85,36206,0.86,Russian Federation,10,False
United Kingdom,Type V5,Quantum,ThetaBase Services,1,2,moderate,1,True,False,1455,36681,37595,99,10,10,10,10,10,10,32,0.63,36681,1,Tunisia,1,True
Faroe Islands,Type X3,Quantum,ThetaBase Services,1,4,strict,2,True,False,1845,43675,37015,92,9,9,10,9,9,9,44,0.84,43675,0.7,Micronesia,2,False
Barbados,Type V5,Plasma,ThetaBase Services,0,2,strict,1,True,False,2027,39952,5117,82,9,9,9,9,10,9,45,1.57,39952,1,Tonga,21,False
Malta,Type G0,Plasma,ThetaBase Services,0,2,strict,1,False,False,2040,35527,10168,98,10,10,10,10,10,10,20,0.68,35527,1,Marshall Islands,13,False
Malta,Type G0,Plasma,ThetaBase Services,0,2,strict,1,False,False,2040,35527,10724,92,9,10,10,10,10,9,15,0.29,35527,1,Marshall Islands,13,False
Malta,Type G0,Plasma,ThetaBase Services,0,2,strict,1,False,False,2040,35527,25426,94,10,9,10,10,10,9,13,0.45,35527,1,Marshall Islands,13,False
Malta,Type G0,Plasma,ThetaBase Services,0,2,strict,1,False,False,1910,35527,19644,96,10,10,10,10,10,10,10,0.8,35527,1,Marshall Islands,13,False
Malta,Type G0,Plasma,ThetaBase Services,0,4,strict,2,True,False,2170,35527,42657,100,10,10,10,10,10,10,8,0.28,35527,1,Marshall Islands,13,False
Malta,Type G0,Plasma,ThetaBase Services,1,4,strict,2,True,False,2690,35527,17187,93,10,10,10,10,10,10,3,0.11,35527,1,Marshall Islands,13,False
Malta,Type G0,Plasma,ThetaBase Services,1,4,strict,1,True,False,2690,35527,9988,96,10,10,10,10,10,10,5,1.16,35527,1,Marshall Islands,13,False
Malta,Type G0,Plasma,ThetaBase Services,1,4,strict,1,True,False,2430,35527,26968,96,10,9,10,10,10,10,5,0.15,35527,1,Marshall Islands,13,False
Malta,Type G0,Plasma,ThetaBase Services,2,4,strict,4,True,False,3470,35527,72023,100,10,10,10,10,10,10,2,0.81,35527,1,Marshall Islands,13,False
Malta,Type G0,Plasma,ThetaBase Services,2,6,strict,3,True,False,4705,35527,11666,93,9,9,9,10,10,9,3,0.69,35527,1,Marshall Islands,13,False
Malta,Type V5,Plasma,ThetaBase Services,0,2,strict,1,False,False,2287,34343,72159,96,10,10,10,10,10,10,21,0.4,34343,1,Marshall Islands,1,True
Russian Federation,Type V5,Plasma,ThetaBase Services,1,3,strict,1,False,False,2170,11844,56196,91,9,9,10,10,9,9,22,0.53,11844,0.75,Saint Helena,1,True
Rwanda,Type V5,Quantum,ThetaBase Services,1,2,strict,0,False,False,1507,48455,67712,89,9,9,9,10,10,9,20,0.42,48455,0.89,Uzbekistan,20,True
Russian Federation,Type V5,Quantum,ThetaBase Services,1,2,flexible,1,False,False,1585,29776,5075,95,10,9,10,10,9,9,16,0.91,29776,0.9,Russian Federation,2,False
Bouvet Island (Bouvetoya),Type V5,Plasma,ThetaBase Services,2,4,strict,2,False,False,2430,20785,48045,91,10,8,10,9,10,9,53,1.03,20785,0.63,Chad,2,True
Bouvet Island (Bouvetoya),Type V5,Plasma,ThetaBase Services,1,2,moderate,1,False,False,2807,20758,1038,90,9,8,10,10,10,9,6,0.13,20758,1,Uzbekistan,2,True
United Kingdom,Type V5,Quantum,ThetaBase Services,1,2,strict,1,False,False,1455,30916,20339,94,10,9,10,10,9,9,153,2.95,30916,1,Tunisia,3,False
Barbados,Type V5,Quantum,ThetaBase Services,1,2,strict,2,False,False,1689,9154,25207,96,9,10,10,10,10,10,16,0.31,9154,1,Djibouti,2,False
Nicaragua,Type V5,Plasma,ThetaBase Services,3,6,flexible,6,False,False,2885,21781,14082,93,10,9,10,10,10,10,9,0.17,21781,1,Isle of Man,1,True
Malta,Type F5,Nuclear,ThetaBase Services,1,1,flexible,4,True,False,1104,12542,20034,83,8,9,9,8,8,9,83,1.7,12542,0.98,Mauritania,19,True
Micronesia,Type V5,Plasma,ThetaBase Services,2,4,strict,2,True,False,2950,29203,58962,94,10,9,10,10,10,10,156,2.95,29203,1,Kenya,1,True
Malta,Type V5,Plasma,ThetaBase Services,1,4,strict,2,False,False,2365,3916,75526,97,10,10,10,10,9,9,46,0.88,3916,1,Guernsey,1,True
Rwanda,Type V5,Quantum,ThetaBase Services,1,2,strict,1,False,False,1585,48455,21580,90,9,9,9,10,10,9,45,0.85,48455,0.89,Uzbekistan,20,True
Costa Rica,Type F5,Quantum,ThetaBase Services,1,1,moderate,1,False,False,1195,42563,216,93,10,10,9,10,9,9,3,0.08,42563,0.9,Micronesia,3,True
Costa Rica,Type F5,Quantum,ThetaBase Services,1,1,moderate,1,False,False,1156,9711,12014,100,10,10,10,10,10,10,16,0.3,9711,0.89,Micronesia,2,True
Russian Federation,Type V5,Quantum,ThetaBase Services,1,2,flexible,1,False,False,1520,31372,32938,94,10,9,10,10,10,9,234,4.63,31372,1,Russian Federation,1,True
Nicaragua,Type V5,Plasma,SIT Technology Unlimited,0,2,strict,1,False,False,1325,7970,68105,74,8,7,9,9,9,8,56,1.06,7970,0.9,Isle of Man,3,True
Russian Federation,Type F5,Quantum,ThetaBase Services,1,2,strict,1,False,False,1260,38406,40534,85,9,8,9,9,9,9,117,2.21,38406,0.96,Russian Federation,6,True
Pakistan,Type V5,Plasma,ThetaBase Services,2,4,strict,3,False,False,2092,33166,70674,95,10,9,9,10,10,10,105,2.07,33166,1,Cocos (Keeling) Islands,1,True
Nicaragua,Type V5,Plasma,ThetaBase Services,3,9,strict,4,False,False,4237,24026,15055,88,9,8,10,10,10,9,31,0.92,24026,0.98,Cape Verde,69,True
Malta,Type V7,Plasma,ThetaBase Services,2,6,moderate,3,True,False,1910,34076,16822,88,9,9,10,10,9,9,24,0.46,34076,1,Niue,7,True
United Kingdom,Type V5,Quantum,ThetaBase Services,1,2,strict,0,False,False,1377,44237,69516,98,10,10,10,10,10,10,83,1.62,44237,1,Andorra,1,True
Micronesia,Type V5,Plasma,ThetaBase Services,2,2,strict,3,False,False,2365,29240,58833,100,10,10,10,10,10,8,4,0.29,29240,0.67,Kenya,1,False
Barbados,Type V5,Plasma,ThetaBase Services,1,2,strict,2,False,False,2144,9154,17195,97,10,10,10,10,10,10,26,0.5,9154,1,Djibouti,2,False
Micronesia,Type V5,Plasma,ThetaBase Services,1,2,strict,1,False,False,2040,27333,9845,100,10,10,10,10,10,10,1,0.15,27333,1,Netherlands,1,True
Barbados,Type V5,Plasma,ThetaBase Services,1,4,moderate,2,False,False,3210,41178,56086,91,9,10,10,10,10,9,165,3.15,41178,0.5,Barbados,1,True
Sao Tome and Principe,Type V5,Quantum,ThetaBase Services,1,2,flexible,1,False,False,1611,38387,22013,100,10,10,10,10,8,8,2,0.36,38387,1,Sao Tome and Principe,1,True
El Salvador,Type F5,Quantum,ThetaBase Services,1,2,strict,1,True,False,1234,49119,18151,99,10,10,10,10,10,10,115,2.82,49119,1,Papua New Guinea,1,True
Uzbekistan,Type F5,Quantum,ThetaBase Services,1,1,moderate,1,False,False,1351,35368,6067,100,10,10,10,10,10,10,2,0.05,35368,1,Kiribati,1,False
Malta,Type V5,Plasma,ThetaBase Services,1,2,flexible,1,False,False,2365,48616,54079,98,10,10,10,10,10,10,28,0.55,48616,1,El Salvador,2,True
Nicaragua,Type F1,Plasma,ThetaBase Services,1,3,strict,1,False,False,1910,28021,3458,82,9,8,9,9,9,9,97,1.91,28021,0.83,Isle of Man,2,False
Russian Federation,Type V5,Quantum,ThetaBase Services,1,1,moderate,1,False,False,1624,40314,37400,98,10,10,10,10,10,10,165,3.29,40314,1,Gambia,1,False
Bosnia and Herzegovina,Type V5,Plasma,ThetaBase Services,1,2,strict,1,True,False,1715,12123,22222,90,9,10,10,10,8,9,22,0.44,12123,0.8,Puerto Rico,8,True
Bosnia and Herzegovina,Type X3,Quantum,ThetaBase Services,1,2,strict,1,True,False,1585,12123,25572,85,9,9,9,9,8,9,11,0.22,12123,0.8,Puerto Rico,8,True
Niue,Type V5,Plasma,ThetaBase Services,3,5,strict,0,False,False,2079,17270,61770,94,9,9,10,10,10,9,7,0.14,17270,1,Niue,1,True
Sao Tome and Principe,Type V5,Quantum,ThetaBase Services,1,2,moderate,1,False,False,1624,8716,34144,100,10,10,10,9,9,10,4,0.28,8716,0.8,Sao Tome and Principe,2,True
Nicaragua,Type V5,Plasma,ThetaBase Services,2,7,strict,3,False,False,3327,24026,18763,85,8,9,10,9,9,8,8,0.45,24026,0.98,Cape Verde,69,True
Rwanda,Type V5,Plasma,ThetaBase Services,1,2,strict,1,False,False,1650,49696,4787,97,10,10,10,10,10,10,6,0.14,49696,1,Maldives,2,True
Micronesia,Type V5,Plasma,ThetaBase Services,2,3,strict,2,False,False,1520,43430,62353,89,9,10,10,10,10,9,24,0.5,43430,1,Kenya,1,False
United Kingdom,Type V5,Plasma,ThetaBase Services,1,2,strict,1,False,False,1845,972,23377,100,9,10,9,9,9,9,3,0.06,972,1,El Salvador,1,True
Micronesia,Type V5,Plasma,ThetaBase Services,2,4,strict,4,False,False,4120,3934,1205,98,10,9,10,10,9,9,13,0.31,3934,1,Rwanda,4,False
Indonesia,Type O3,Quantum,ThetaBase Services,1,1,flexible,1,False,False,1338,28568,74029,99,10,10,10,10,10,10,160,6.04,28568,1,Faroe Islands,3,False
United Kingdom,Type V5,Plasma,ThetaBase Services,2,4,flexible,2,True,False,3197,21053,31447,94,9,10,10,10,10,10,30,1.49,21053,0.9,Senegal,1,False
Rwanda,Type V5,Plasma,ThetaBase Services,2,4,strict,2,False,False,2300,22781,54933,96,10,9,10,10,9,9,14,0.48,22781,1,Croatia,1,False
Rwanda,Type V5,Quantum,Warwick Technology Multinational,1,2,flexible,1,False,False,1351,19843,56635,94,10,9,10,10,10,10,87,2.77,19843,1,Turkmenistan,3,True
Malta,Type V5,Quantum,ThetaBase Services,1,2,moderate,1,False,False,2027,22876,59533,80,8,8,8,4,8,8,1,0.02,22876,0.9,Marshall Islands,2,True
Niue,Type V5,Quantum,ThetaBase Services,1,2,strict,1,True,False,1234,19682,21063,90,9,9,10,9,8,9,102,2.02,19682,1,Faroe Islands,15,True
Rwanda,Type V5,Plasma,ThetaBase Services,1,2,flexible,1,False,False,5420,40678,49986,97,10,9,10,10,10,9,29,0.56,40678,1,Ecuador,3,True
Sao Tome and Principe,Type F5,Plasma,ThetaBase Services,2,3,moderate,2,True,False,2950,5567,29818,90,10,8,10,10,10,9,6,0.12,5567,1,Bosnia and Herzegovina,2,True
Malta,Type V5,Quantum,ThetaBase Services,1,2,strict,1,True,False,3977,28950,10965,100,10,10,10,10,10,10,5,0.85,28950,1,Mexico,2,True
Malta,Type V2,Quantum,ThetaBase Services,1,2,strict,1,False,False,1325,46767,10275,100,10,10,10,10,10,10,24,0.58,46767,1,El Salvador,3,True
Micronesia,Type V5,Quantum,ThetaBase Services,1,2,moderate,1,False,False,1715,6113,7501,100,10,10,10,10,10,10,12,0.23,6113,1,Guinea,2,True
Micronesia,Type V5,Plasma,ThetaBase Services,2,6,strict,2,False,False,3470,6113,47767,91,9,9,10,10,10,9,14,0.33,6113,1,Guinea,2,True
United Kingdom,Type F5,Quantum,ThetaBase Services,1,2,moderate,1,False,False,1715,37445,28277,92,9,9,9,9,9,9,19,0.39,37445,1,Jersey,2,False
Kiribati,Type O3,Quantum,ThetaBase Services,1,2,moderate,1,False,False,1767,48348,9413,99,10,10,10,10,10,10,174,3.39,48348,1,United Kingdom,1,True
Wallis and Futuna,Type F5,Plasma,ThetaBase Services,3,4,strict,3,False,False,3210,47383,5327,100,10,10,10,10,10,10,1,0.03,47383,0,Marshall Islands,1,False
Russian Federation,Type V5,Plasma,ThetaBase Services,0,2,strict,1,False,False,2365,31801,15459,90,8,8,8,8,10,8,2,0.04,31801,0.5,Tonga,2,False
Costa Rica,Type V2,Quantum,ThetaBase Services,1,2,strict,1,False,False,1390,21644,49021,97,10,9,9,10,9,9,16,1.1,21644,1,Australia,1,False
Sao Tome and Principe,Type V5,Quantum,ThetaBase Services,1,2,moderate,1,False,False,1390,4636,41782,93,10,10,10,10,9,9,108,2.1,4636,0.9,Peru,1,True
Costa Rica,Type V5,Plasma,ThetaBase Services,2,4,strict,2,False,False,2820,48511,40351,95,10,9,10,10,10,9,30,0.63,48511,0.9,Christmas Island,1,True
Russian Federation,Type F5,Quantum,ThetaBase Services,1,2,moderate,1,False,False,1650,18123,10957,96,10,10,10,10,10,10,30,0.59,18123,1,Russian Federation,3,False
Nicaragua,Type V5,Quantum,ThetaBase Services,1,1,flexible,0,False,False,1598,4868,3963,80,9,9,9,10,9,7,3,0.06,4868,1,Jersey,2,True
Malta,Type V5,Plasma,ThetaBase Services,1,4,strict,2,False,False,2690,37760,27357,97,9,10,10,10,10,9,26,0.51,37760,1,Niue,1,True
Barbados,Type Z6,Plasma,ThetaBase Services,0,2,strict,1,True,False,2495,7254,39704,95,10,10,10,10,10,9,129,2.63,7254,0.88,Tonga,1,True
Kiribati,Type F5,Quantum,ThetaBase Services,1,1,strict,1,False,False,1351,18705,50601,86,9,8,10,9,9,9,126,2.52,18705,1,Nicaragua,2,False
United Kingdom,Type V5,Plasma,ThetaBase Services,1,2,moderate,1,False,False,2235,24085,65212,97,10,10,10,10,10,10,26,0.52,24085,1,Gibraltar,1,True
Micronesia,Type V5,Plasma,ThetaBase Services,2,4,moderate,2,False,False,3340,9061,8821,97,10,10,10,10,10,10,17,0.58,9061,1,Rwanda,2,True
Kiribati,Type F5,Quantum,ThetaBase Services,1,2,strict,1,False,False,1351,18705,15022,89,9,8,10,9,9,9,131,2.63,18705,1,Nicaragua,2,False
Estonia,Type F5,Quantum,ThetaBase Services,1,2,flexible,1,False,False,1325,39632,7077,98,10,10,10,10,10,10,69,1.36,39632,1,Zimbabwe,1,True
Sao Tome and Principe,Type V5,Plasma,ThetaBase Services,2,5,strict,4,False,False,2625,46427,42751,90,9,9,9,10,10,9,127,2.64,46427,0.81,Sao Tome and Principe,4,True
United Kingdom,Type V5,Plasma,ThetaBase Services,2,4,strict,3,False,False,2430,31040,29337,98,10,10,10,10,9,10,27,0.53,31040,1,El Salvador,2,True
Guinea,Type V5,Plasma,ThetaBase Services,2,6,moderate,4,True,False,2820,12107,56328,96,10,9,10,10,10,9,14,0.28,12107,1,Fiji,2,True
Niue,Type V5,Quantum,ThetaBase Services,1,2,strict,1,True,False,1195,19682,25406,93,9,10,10,10,8,9,116,2.3,19682,1,Faroe Islands,15,True
Russian Federation,Type V2,Quantum,ThetaBase Services,1,2,flexible,1,False,False,1650,18123,57512,100,10,10,10,10,10,10,7,0.17,18123,1,Russian Federation,3,False
Russian Federation,Type V5,Plasma,ThetaBase Services,1,4,strict,1,False,False,1910,28852,11702,95,10,10,10,10,10,9,56,1.2,28852,1,Gambia,1,True
Brazil,Type V5,Quantum,ThetaBase Services,1,1,strict,1,False,False,1091,7102,4415,85,9,8,9,9,9,9,22,0.74,7102,1,Vanuatu,4,True
Niue,Type V2,Plasma,ThetaBase Services,3,7,moderate,4,False,False,3340,44442,70224,100,10,10,10,10,10,9,2,0.43,44442,1,Russian Federation,2,True
Rwanda,Type V5,Plasma,ThetaBase Services,1,2,strict,1,False,False,2105,12035,71809,95,10,10,10,10,10,9,65,1.35,12035,1,Uzbekistan,1,True
Sao Tome and Principe,Type F5,Quantum,ThetaBase Services,1,2,moderate,1,False,False,1715,8483,39521,97,10,10,10,10,10,10,51,1.03,8483,1,Peru,2,False
United Kingdom,Type V5,Quantum,ThetaBase Services,1,1,strict,1,False,False,1260,11160,72242,98,10,10,10,10,10,10,294,5.83,11160,1,Gibraltar,1,False
Sao Tome and Principe,Type V5,Quantum,ThetaBase Services,1,2,flexible,1,False,False,1403,38494,76129,100,10,10,10,10,10,10,14,0.32,38494,1,Palestinian Territory,1,False
Rwanda,Type V5,Plasma,ThetaBase Services,2,6,strict,2,False,False,2625,32556,44622,93,9,9,9,9,9,9,12,0.44,32556,0.9,Estonia,11,True
Niue,Type V5,Quantum,Warwick Technology Multinational,1,1,moderate,1,False,False,1260,45860,8576,100,10,10,10,10,10,10,2,0.04,45860,1,Niue,1,True
Rwanda,Type V5,Plasma,ThetaBase Services,0,3,strict,1,False,False,2157,32556,72692,93,9,9,10,10,10,9,33,1.2,32556,0.9,Estonia,11,True
Barbados,Type V5,Plasma,ThetaBase Services,1,2,strict,1,False,False,2105,45546,13501,100,10,10,10,10,10,9,6,0.12,45546,1,Cape Verde,19,True
Anguilla,Type V5,Quantum,ThetaBase Services,1,2,moderate,1,False,False,1312,21363,34096,84,9,8,10,9,9,9,33,0.66,21363,1,Guinea,2,True
Costa Rica,Type V2,Quantum,ThetaBase Services,1,2,strict,1,False,False,1715,9196,1005,99,10,10,10,10,10,10,99,1.99,9196,1,Jersey,1,False
Sao Tome and Principe,Type V5,Plasma,ThetaBase Services,1,3,strict,2,True,False,1780,19166,32538,92,10,10,10,10,9,9,5,0.53,19166,1,Brazil,2,True
Barbados,Type V5,Quantum,ThetaBase Services,1,2,strict,1,True,False,1494,6061,54698,91,9,8,10,9,10,9,38,0.76,6061,0,Tonga,2,True
Bosnia and Herzegovina,Type F5,Quantum,ThetaBase Services,1,2,flexible,2,False,False,1650,27732,37642,70,6,7,10,6,9,5,2,0.05,27732,1,Puerto Rico,3,True
Niue,Type V2,Plasma,ThetaBase Services,1,2,moderate,1,False,False,1845,7237,25615,99,10,10,10,10,10,10,33,0.67,7237,1,Guinea,1,True
Rwanda,Type V5,Plasma,ThetaBase Services,1,2,strict,1,False,False,1832,11332,50290,100,10,10,10,10,10,10,6,0.13,11332,1,Croatia,2,True
Russian Federation,Type V5,Plasma,ThetaBase Services,1,4,strict,2,False,False,2430,49014,62348,96,10,10,10,10,10,10,10,0.28,49014,1,Tonga,1,True
Sao Tome and Principe,Type O3,Quantum,ThetaBase Services,1,2,moderate,1,False,False,1715,8483,22731,92,10,9,9,10,9,9,50,1,8483,1,Peru,2,False
Russian Federation,Type V5,Plasma,ThetaBase Services,1,4,strict,2,True,False,1975,36206,39352,85,9,9,9,9,9,8,62,1.59,36206,0.86,Russian Federation,10,False
Costa Rica,Type F5,Plasma,ThetaBase Services,4,8,flexible,5,True,False,3210,37066,19667,91,10,9,10,10,9,9,16,0.62,37066,1,Micronesia,1,True
Sao Tome and Principe,Type V5,Plasma,ThetaBase Services,1,2,moderate,1,False,False,1897,48158,3701,97,10,10,10,10,10,10,14,0.29,48158,1,Canada,1,True
Nicaragua,Type V2,Quantum,ThetaBase Services,1,2,strict,1,False,False,1520,14204,7751,97,10,10,10,10,10,10,51,1.05,14204,1,Jersey,1,False
Malta,Type V5,Plasma,ThetaBase Services,1,3,moderate,1,False,False,2040,96,3488,95,10,9,10,10,9,9,31,0.63,96,1,Mexico,2,True
United Kingdom,Type V5,Plasma,ThetaBase Services,1,2,strict,1,False,False,2300,24432,23856,90,10,10,10,10,9,9,2,0.11,24432,1,Andorra,2,True
United Kingdom,Type V5,Quantum,ThetaBase Services,1,2,strict,1,False,False,1390,24432,47487,93,10,9,10,10,9,9,53,1.09,24432,1,Andorra,2,True
United Kingdom,Type V5,Quantum,ThetaBase Services,1,2,flexible,1,False,False,1845,18500,65524,93,9,8,10,10,10,9,13,0.28,18500,1,Lithuania,1,False
Pakistan,Type F5,Plasma,ThetaBase Services,5,12,strict,7,False,False,4757,38469,12351,99,10,10,10,10,10,10,43,1.05,38469,1,Cocos (Keeling) Islands,3,True
Nicaragua,Type V5,Plasma,ThetaBase Services,2,3,flexible,2,True,False,1975,4868,44181,87,9,9,10,9,9,9,6,0.13,4868,1,Jersey,2,True
Kiribati,Type F5,Plasma,ThetaBase Services,3,6,strict,6,True,False,4120,12164,59587,100,10,10,10,10,10,10,19,0.41,12164,1,Nicaragua,8,False
Sao Tome and Principe,Type G0,Quantum,ThetaBase Services,1,2,strict,1,True,False,1507,7981,3930,92,9,9,10,10,9,9,26,0.61,7981,1,Sao Tome and Principe,4,True
Rwanda,Type V5,Plasma,ThetaBase Services,1,3,moderate,1,False,False,2105,15185,41375,100,10,10,10,10,10,9,12,2.83,15185,1,Uzbekistan,1,False
Bouvet Island (Bouvetoya),Type V7,Plasma,ThetaBase Services,2,4,flexible,0,False,False,2755,12800,68305,100,10,10,10,10,10,10,1,0.02,12800,1,Malawi,2,False
United Kingdom,Type V5,Quantum,ThetaBase Services,1,2,flexible,1,False,False,1260,5823,47561,98,10,9,10,10,9,10,21,0.5,5823,1,Tanzania,1,True
Nicaragua,Type V2,Quantum,ThetaBase Services,1,2,flexible,1,False,False,1845,36687,18853,98,10,10,10,10,10,10,89,1.8,36687,1,Cape Verde,1,True
Russian Federation,Type V5,Quantum,ThetaBase Services,1,2,moderate,1,False,False,1767,1499,55243,97,10,9,10,10,10,10,7,0.14,1499,1,Tonga,2,True
Russian Federation,Type V5,Quantum,ThetaBase Services,1,2,moderate,1,False,False,1364,28633,11352,92,9,9,9,10,10,9,160,3.25,28633,0.6,Russian Federation,1,True
Malta,Type F5,Quantum,ThetaBase Services,1,2,strict,1,False,False,1494,22321,55757,94,10,10,10,10,9,9,134,3.12,22321,1,United Kingdom,16,False
Sao Tome and Principe,Type V5,Quantum,ThetaBase Services,1,1,strict,1,True,False,1442,7981,17317,94,9,9,10,10,10,9,24,0.5,7981,1,Sao Tome and Principe,4,True
Sao Tome and Principe,Type O3,Quantum,ThetaBase Services,1,2,strict,1,True,False,1455,7981,19916,86,9,9,9,10,9,9,18,0.39,7981,1,Sao Tome and Principe,4,True
Estonia,Type V5,Plasma,ThetaBase Services,2,4,moderate,2,False,False,1416,22614,74870,92,9,9,10,10,9,9,6,0.13,22614,0.63,Zimbabwe,1,True
Barbados,Type V5,Quantum,ThetaBase Services,1,2,moderate,1,True,False,1624,7255,57475,99,10,10,10,10,10,10,26,1.02,7255,1,Bouvet Island (Bouvetoya),8,True
Micronesia,Type V5,Plasma,ThetaBase Services,1,2,strict,1,False,False,3080,7840,8586,99,10,10,10,10,10,10,33,0.69,7840,1,Kenya,1,True
Wallis and Futuna,Type V5,Plasma,ThetaBase Services,1,2,moderate,1,False,False,1793,25151,65552,99,10,10,10,10,10,10,31,0.63,25151,1,Marshall Islands,1,True
Malta,Type V5,Plasma,ThetaBase Services,1,3,moderate,2,False,False,2755,37392,67342,96,10,10,10,10,10,9,54,1.13,37392,1,Micronesia,7,True
Micronesia,Type V5,Quantum,ThetaBase Services,1,2,strict,2,False,False,1650,23682,36209,95,10,10,10,10,10,10,129,2.65,23682,0.57,Uganda,4,False
Micronesia,Type V5,Plasma,ThetaBase Services,2,4,strict,2,False,False,3535,15086,47939,94,10,9,10,10,10,9,68,1.55,15086,0.75,Kenya,2,False
United Kingdom,Type V5,Quantum,ThetaBase Services,1,3,flexible,2,True,False,1585,35499,73425,83,9,8,9,9,9,8,127,2.61,35499,0.94,Andorra,4,False
Niue,Type O3,Quantum,ThetaBase Services,2,2,moderate,2,False,False,1390,19351,42620,87,9,9,10,8,9,8,14,0.31,19351,1,Guinea,2,False
United Kingdom,Type V5,Plasma,ThetaBase Services,2,5,strict,2,False,False,3535,8909,60723,89,10,9,10,10,10,9,13,0.27,8909,1,Tunisia,1,True
United Kingdom,Type V2,Plasma,ThetaBase Services,3,8,strict,4,False,False,4120,27745,73983,95,10,10,10,10,9,9,16,0.33,27745,1,Lithuania,1,True
Niue,Type F5,Quantum,ThetaBase Services,1,1,flexible,1,False,False,1234,5048,5020,94,9,10,10,10,10,10,59,1.22,5048,1,Niue,2,True
Malta,Type Z6,Plasma,ThetaBase Services,4,7,strict,4,False,False,3600,28636,57048,98,10,10,10,10,10,9,10,0.21,28636,0.8,United Kingdom,2,True
Russian Federation,Type V5,Plasma,ThetaBase Services,1,2,moderate,1,False,False,2157,10838,9386,98,10,10,10,10,10,10,41,0.86,10838,0.78,Ecuador,2,True
Rwanda,Type V5,Quantum,ThetaBase Services,1,2,strict,2,False,False,1481,48455,8915,95,10,9,10,10,9,9,11,0.23,48455,0.89,Uzbekistan,20,True
Malta,Type V5,Plasma,ThetaBase Services,1,4,flexible,1,False,False,2001,3604,49246,80,7,6,9,9,8,8,2,0.15,3604,0.63,Tunisia,1,False
Russian Federation,Type V5,Plasma,ThetaBase Services,2,3,strict,2,False,False,2287,40374,25791,80,10,10,10,10,10,10,1,0.03,40374,1,Ecuador,1,True
Indonesia,Type V5,Quantum,ThetaBase Services,1,2,strict,1,False,False,1390,22522,1441,97,10,10,10,10,9,10,60,1.4,22522,1,France,3,True
Micronesia,Type V5,Plasma,ThetaBase Services,2,5,strict,2,False,False,3119,4267,46721,92,9,9,9,10,10,9,76,1.59,4267,1,Senegal,22,True
Malta,Type O3,Quantum,ThetaBase Services,1,1,moderate,0,False,False,1715,3189,48755,99,10,10,10,10,10,10,35,0.75,3189,1,Marshall Islands,2,True
Russian Federation,Type V5,Plasma,ThetaBase Services,2,4,moderate,2,False,False,2560,20838,73225,81,9,8,9,9,10,8,19,0.59,20838,1,Venezuela,2,True
Russian Federation,Type V5,Quantum,ThetaBase Services,1,2,strict,1,True,False,1442,22335,25349,90,10,9,10,9,10,9,11,0.47,22335,1,Russian Federation,3,True
Malta,Type Z6,Plasma,ThetaBase Services,1,4,moderate,2,False,False,2365,26418,24745,97,10,10,10,10,10,10,31,0.71,26418,0.5,Niue,1,True
Anguilla,Type F5,Plasma,ThetaBase Services,4,11,strict,7,False,False,4120,41628,16040,92,9,9,10,10,9,9,77,1.63,41628,1,United Kingdom,1,True
United Kingdom,Type V5,Quantum,ThetaBase Services,1,2,flexible,1,False,False,1910,37438,20338,100,10,10,10,10,10,10,5,0.17,37438,1,Andorra,4,True
Rwanda,Type F5,Quantum,ThetaBase Services,1,2,strict,1,True,False,1390,41346,42642,90,9,9,10,9,9,9,154,4.06,41346,0.97,Estonia,7,True
Rwanda,Type F5,Quantum,ThetaBase Services,1,2,strict,1,True,False,1351,41346,35840,88,9,8,9,9,9,9,230,4.81,41346,0.97,Estonia,7,True
Rwanda,Type Z6,Plasma,ThetaBase Services,2,6,strict,4,True,False,2274,29926,60336,91,9,8,9,10,9,9,33,0.73,29926,0.67,Zimbabwe,7,True
Brazil,Type O3,Quantum,ThetaBase Services,6,2,strict,1,True,False,2820,10039,59510,100,8,10,10,10,10,10,1,0.03,10039,1,Vanuatu,6,True
Barbados,Type V5,Plasma,ThetaBase Services,1,4,strict,3,True,False,2547,6984,66118,90,9,9,10,10,10,9,118,2.46,6984,1,Suriname,9,False
Bouvet Island (Bouvetoya),Type V5,Plasma,ThetaBase Services,1,2,strict,1,False,False,2040,20327,4056,100,10,9,10,10,10,9,8,0.2,20327,1,Chad,1,True
Bouvet Island (Bouvetoya),Type Z6,Plasma,ThetaBase Services,2,4,flexible,2,False,False,3730,3932,55801,98,10,10,10,10,10,10,52,1.1,3932,1,Uzbekistan,2,False
Barbados,Type V5,Plasma,ThetaBase Services,2,4,flexible,2,False,False,3470,17818,54663,100,10,9,10,10,9,9,3,0.13,17818,1,Montserrat,2,True
United Kingdom,Type V5,Plasma,ThetaBase Services,2,4,strict,2,False,False,2495,17972,3590,97,10,9,10,10,10,10,37,0.84,17972,1,Guinea,1,False
Rwanda,Type V5,Quantum,ThetaBase Services,1,2,strict,1,False,False,1507,48455,61587,93,9,9,9,10,10,9,24,0.5,48455,0.89,Uzbekistan,20,True
Barbados,Type V5,Plasma,ThetaBase Services,1,4,moderate,1,True,False,3145,35170,14602,96,10,10,10,10,10,9,94,2.04,35170,1,Vietnam,5,True
Rwanda,Type Z6,Quantum,ThetaBase Services,1,2,moderate,1,False,False,2040,12994,28670,100,10,10,10,10,10,10,9,0.38,12994,0.8,Croatia,1,False
Niue,Type F5,Quantum,ThetaBase Services,1,1,strict,1,True,False,1182,46832,41409,94,10,10,10,10,9,10,62,1.31,46832,1,Niue,2,True
Nicaragua,Type V5,Quantum,ThetaBase Services,1,1,moderate,1,True,False,1312,5607,30054,99,10,10,10,10,10,10,69,1.49,5607,1,Jersey,2,True
Micronesia,Type V5,Plasma,ThetaBase Services,1,4,moderate,2,True,False,2820,4306,2610,88,9,9,9,9,10,9,104,2.2,4306,0.83,China,3,False
Costa Rica,Type Z6,Plasma,ThetaBase Services,2,4,moderate,2,False,False,1975,22791,5241,100,10,10,10,10,10,10,14,0.61,22791,1,Uzbekistan,1,True
Nicaragua,Type V5,Plasma,ThetaBase Services,2,6,moderate,3,True,False,2157,2160,37495,99,10,9,10,10,10,9,21,0.47,2160,1,Isle of Man,1,True
Indonesia,Type V5,Plasma,ThetaBase Services,0,4,strict,2,True,False,2235,15548,15591,88,9,9,10,10,10,8,32,1.07,15548,1,Faroe Islands,1,True
Rwanda,Type V5,Quantum,ThetaBase Services,1,1,moderate,1,False,False,1780,34678,35354,94,10,9,9,10,10,9,21,0.46,34678,0.89,Croatia,4,True
Niue,Type V5,Quantum,ThetaBase Services,1,2,flexible,1,False,False,1650,46787,50526,96,10,9,10,10,10,9,9,0.22,46787,1,Niue,1,True
Rwanda,Type V2,Quantum,ThetaBase Services,1,2,moderate,1,False,False,1715,24073,72010,100,10,10,10,10,10,8,1,0.21,24073,1,Zimbabwe,2,False
Rwanda,Type V5,Quantum,ThetaBase Services,1,2,strict,1,True,False,1559,47914,50247,95,10,9,10,10,9,9,28,0.64,47914,0.8,Philippines,1,True
United Kingdom,Type V5,Quantum,ThetaBase Services,1,2,moderate,1,False,False,1481,13762,49198,94,10,10,10,10,9,10,236,5.07,13762,0.77,Senegal,1,True
Niue,Type O3,Quantum,ThetaBase Services,1,2,flexible,2,False,False,1377,9586,18113,98,10,10,10,10,9,10,27,0.57,9586,1,Guinea,2,True
Sao Tome and Principe,Type F5,Quantum,ThetaBase Services,1,1,strict,1,False,False,1390,17694,8230,100,10,10,10,10,10,10,6,0.15,17694,1,Isle of Man,4,True
Sao Tome and Principe,Type V2,Quantum,ThetaBase Services,1,2,moderate,1,False,False,1520,27489,39073,100,10,10,10,10,10,10,72,1.54,27489,1,Canada,2,True
Rwanda,Type F5,Quantum,ThetaBase Services,1,2,strict,1,True,False,1364,41346,53475,88,9,8,10,10,9,9,165,3.5,41346,0.97,Estonia,7,True
Sao Tome and Principe,Type V2,Quantum,ThetaBase Services,1,2,strict,2,True,False,1325,17694,65317,99,10,10,10,10,10,10,34,0.76,17694,1,Isle of Man,4,True
Russian Federation,Type F5,Quantum,ThetaBase Services,1,1,moderate,1,False,False,1325,22377,34151,99,10,10,10,10,10,10,137,2.94,22377,1,Russian Federation,1,True
Nicaragua,Type V5,Plasma,ThetaBase Services,2,5,strict,5,False,False,2716,17597,11574,95,10,9,10,10,10,10,13,0.29,17597,0.33,Wallis and Futuna,1,True
Malta,Type V5,Quantum,ThetaBase Services,1,2,moderate,1,False,False,1780,22229,74675,93,10,10,10,9,10,10,3,0.69,22229,1,Afghanistan,3,True
Niue,Type V5,Plasma,ThetaBase Services,2,5,moderate,4,False,False,1637,44346,55891,94,10,9,10,10,8,9,106,2.3,44346,0.8,Niue,1,True
United Kingdom,Type V5,Plasma,ThetaBase Services,1,2,moderate,1,False,False,1715,49068,57202,100,10,10,10,10,9,10,13,0.35,49068,1,Gibraltar,1,True
Rwanda,Type V2,Quantum,ThetaBase Services,1,2,flexible,1,False,False,1650,49998,54506,99,10,10,10,10,10,10,17,0.41,49998,1,Croatia,1,True
Barbados,Type V5,Plasma,ThetaBase Services,2,5,strict,3,False,False,3067,48918,48963,98,10,10,10,10,10,10,38,0.98,48918,1,Slovakia (Slovak Republic),1,True
Barbados,Type F5,Quantum,ThetaBase Services,1,2,strict,0,True,False,2404,19239,25892,94,10,9,10,10,10,9,79,1.7,19239,1,Nicaragua,2,True
Barbados,Type V5,Plasma,ThetaBase Services,2,3,moderate,2,False,False,2326,29748,49531,98,10,10,10,10,10,10,22,0.49,29748,0.4,Djibouti,1,True
United Kingdom,Type V5,Plasma,ThetaBase Services,2,4,strict,2,True,False,2547,4267,4480,100,10,10,10,10,10,10,2,0.54,4267,1,Senegal,22,True
Niue,Type F5,Plasma,ThetaBase Services,3,6,strict,0,False,False,3470,19351,6657,98,10,10,10,10,9,9,9,0.2,19351,1,Guinea,2,False
Rwanda,Type V2,Plasma,ThetaBase Services,2,4,strict,2,False,False,2430,23943,42899,98,10,10,10,10,10,10,84,1.93,23943,1,Nicaragua,2,True
Niue,Type F5,Plasma,ThetaBase Services,3,8,moderate,3,False,False,3470,17316,58816,100,10,10,10,9,8,10,2,0.04,17316,1,Niue,1,True
Malta,Type F5,Plasma,ThetaBase Services,5,8,strict,8,True,False,4497,2861,35039,97,10,10,10,10,9,10,22,1.14,2861,0.9,Niue,1,True
Russian Federation,Type V5,Quantum,ThetaBase Services,1,2,flexible,1,False,False,1910,40678,23870,91,10,9,10,10,10,9,162,3.5,40678,1,Ecuador,3,True
United Kingdom,Type F5,Quantum,ThetaBase Services,1,3,strict,2,False,False,1403,34931,75378,90,9,8,10,10,9,9,107,2.39,34931,1,Gibraltar,2,True
Nicaragua,Type V5,Plasma,ThetaBase Services,2,3,strict,2,False,False,2105,5607,26358,98,10,10,10,10,10,10,9,0.35,5607,1,Jersey,2,True
Malta,Type V5,Plasma,ThetaBase Services,2,4,flexible,3,False,False,2690,40044,65046,96,10,9,10,10,10,9,37,0.89,40044,1,Marshall Islands,1,False
Anguilla,Type F5,Plasma,ThetaBase Services,4,8,strict,8,False,False,5810,12164,32490,100,10,10,10,10,10,10,6,0.13,12164,1,Nicaragua,8,False
Micronesia,Type V5,Plasma,ThetaBase Services,2,5,moderate,2,False,False,3327,44145,68834,93,9,9,10,10,9,9,64,1.42,44145,1,Rwanda,4,True
Barbados,Type V5,Plasma,ThetaBase Services,2,6,strict,3,False,False,3730,33823,74588,70,8,6,10,10,9,7,3,0.08,33823,0.78,France,17,True
Malta,Type V5,Plasma,ThetaBase Services,2,5,moderate,2,False,False,2521,96,43512,95,10,10,10,10,9,9,90,1.97,96,1,Mexico,2,True
Russian Federation,Type G0,Plasma,ThetaBase Services,1,3,strict,1,True,False,2872,37646,63029,96,9,10,9,10,10,9,14,0.47,37646,1,Estonia,60,False
Russian Federation,Type V5,Plasma,ThetaBase Services,2,6,strict,2,True,False,2677,28833,12915,86,9,9,9,9,9,9,46,1,28833,1,Venezuela,5,False
Malta,Type F5,Plasma,ThetaBase Services,3,6,strict,6,False,False,3730,49653,5752,99,10,9,10,10,10,10,18,0.4,49653,0.4,Marshall Islands,1,True
Uzbekistan,Type F5,Quantum,ThetaBase Services,1,2,strict,1,True,False,1585,41238,42471,97,10,10,10,10,9,10,31,0.69,41238,1,Kiribati,1,True
Bouvet Island (Bouvetoya),Type V5,Plasma,ThetaBase Services,3,6,strict,3,False,False,2534,33664,34287,100,9,10,10,10,10,10,3,0.13,33664,1,French Guiana,1,False
Rwanda,Type F5,Quantum,ThetaBase Services,1,2,flexible,1,False,False,1377,7588,47856,100,10,10,10,10,10,10,8,0.66,7588,1,Philippines,2,False
Rwanda,Type F5,Quantum,ThetaBase Services,1,2,moderate,1,False,False,1299,7588,29694,94,9,10,10,10,9,10,14,0.31,7588,1,Philippines,2,False
Bouvet Island (Bouvetoya),Type F5,Plasma,ThetaBase Services,4,6,strict,4,False,False,3405,40037,13018,100,10,10,10,10,10,10,5,0.12,40037,1,Chile,1,True
Bouvet Island (Bouvetoya),Type G0,Plasma,ThetaBase Services,1,3,strict,1,True,False,2625,37646,76456,85,9,9,9,9,9,9,18,0.42,37646,1,Estonia,60,False
Sao Tome and Principe,Type V5,Plasma,ThetaBase Services,2,4,moderate,2,False,False,3210,18077,42633,95,10,10,10,10,10,9,27,0.64,18077,1,Sao Tome and Principe,139,False
Anguilla,Type F5,Plasma,ThetaBase Services,3,5,strict,3,False,False,2521,15878,75829,100,10,10,10,10,10,10,3,0.07,15878,1,Reunion,1,False
Niue,Type O3,Quantum,ThetaBase Services,1,1,flexible,1,False,False,1286,42726,3180,97,10,10,10,10,10,10,63,1.38,42726,1,Niue,1,False
Russian Federation,Type V5,Quantum,ThetaBase Services,1,2,strict,1,False,False,1273,3089,22160,90,9,9,9,10,9,9,52,1.14,3089,1,Russian Federation,1,False
Russian Federation,Type V2,Quantum,ThetaBase Services,2,4,strict,2,False,False,5680,336,48088,97,10,10,10,10,10,10,122,2.69,336,1,Ecuador,7,False
Barbados,Type F5,Plasma,ThetaBase Services,3,8,strict,3,False,False,4510,19943,74943,90,9,8,10,10,10,8,8,0.18,19943,0.63,Isle of Man,34,False
Nicaragua,Type V5,Plasma,ThetaBase Services,1,2,moderate,1,True,False,2677,39986,55126,95,9,9,10,10,10,9,11,0.3,39986,1,Isle of Man,2,True
Micronesia,Type V5,Plasma,ThetaBase Services,1,2,strict,1,False,False,2950,6925,30083,98,10,10,10,9,10,10,24,0.54,6925,0.67,Uganda,1,True
Marshall Islands,Type V5,Quantum,ThetaBase Services,2,4,strict,2,False,False,1520,35356,21753,100,10,10,10,10,10,10,4,0.1,35356,1,Russian Federation,2,True
Malta,Type O3,Quantum,ThetaBase Services,1,2,moderate,1,False,False,1715,48916,73938,97,10,10,10,10,10,10,62,1.44,48916,1,Libyan Arab Jamahiriya,1,False
Barbados,Type V5,Plasma,ThetaBase Services,2,5,strict,4,False,False,3600,33823,57507,67,6,7,7,7,7,7,7,0.16,33823,0.78,France,17,True
United Kingdom,Type V5,Plasma,ThetaBase Services,2,4,moderate,2,True,False,3015,12683,23366,99,10,10,10,10,10,10,39,1.11,12683,1,Lithuania,1,True
Malta,Type F5,Quantum,ThetaBase Services,1,1,moderate,1,False,False,1364,32186,41280,95,10,10,9,10,9,9,4,0.12,32186,1,United Kingdom,2,False
Barbados,Type V2,Plasma,ThetaBase Services,2,5,strict,3,True,False,5420,19239,3906,89,9,9,10,10,10,8,47,1.06,19239,1,Nicaragua,2,True
Bouvet Island (Bouvetoya),Type V5,Quantum,ThetaBase Services,1,2,moderate,1,False,False,1507,48455,66189,97,10,10,10,10,10,10,26,0.68,48455,0.89,Uzbekistan,20,True
Nicaragua,Type V5,Quantum,ThetaBase Services,1,2,strict,1,True,False,1832,20120,50006,88,9,9,10,10,10,9,199,4.38,20120,1,Wallis and Futuna,10,False
Barbados,Type V5,Plasma,ThetaBase Services,3,6,strict,6,False,False,1000,15227,67572,75,9,8,9,10,10,9,7,0.44,15227,1,Reunion,1,False
Bouvet Island (Bouvetoya),Type V5,Plasma,ThetaBase Services,1,2,strict,1,False,False,1650,21045,378,99,10,10,10,10,10,10,31,0.71,21045,1,French Guiana,2,False
Malta,Type V5,Plasma,ThetaBase Services,1,3,strict,1,False,False,2339,12133,72229,92,10,9,9,9,9,9,27,0.6,12133,1,Mexico,4,False
Nicaragua,Type V5,Plasma,ThetaBase Services,1,2,strict,1,False,False,2105,9375,37269,100,10,10,10,10,10,10,7,0.22,9375,1,Peru,2,True
Malta,Type V2,Plasma,ThetaBase Services,3,6,strict,3,False,False,2625,25265,40991,98,10,10,10,10,10,10,52,1.16,25265,1,Libyan Arab Jamahiriya,1,True
Russian Federation,Type V5,Plasma,ThetaBase Services,1,4,flexible,2,False,False,1975,42454,52641,97,10,9,10,10,10,10,7,0.47,42454,1,Finland,1,False
Brazil,Type F5,Quantum,ThetaBase Services,4,2,flexible,2,False,False,1260,29146,23318,95,10,9,10,10,9,10,82,1.81,29146,1,Vanuatu,2,True
Brazil,Type F5,Quantum,ThetaBase Services,1,2,flexible,1,False,False,1260,29146,44656,92,10,9,9,9,9,9,64,1.41,29146,1,Vanuatu,2,True
Rwanda,Type V5,Plasma,ThetaBase Services,2,4,strict,2,False,False,2261,33446,2849,98,10,10,10,10,9,9,40,1.41,33446,1,Philippines,1,True
Nicaragua,Type V5,Plasma,ThetaBase Services,1,4,strict,2,False,False,3015,30224,54043,92,9,9,10,9,10,9,79,1.82,30224,1,Cuba,1,True
United Kingdom,Type V5,Plasma,ThetaBase Services,1,2,moderate,1,False,False,1715,32046,15056,96,10,9,10,10,9,9,11,0.25,32046,0.5,Gibraltar,1,True
Russian Federation,Type V5,Quantum,ThetaBase Services,1,2,strict,1,False,False,1455,37184,76220,99,10,10,10,10,10,10,32,0.71,37184,1,Russian Federation,1,True
Pakistan,Type V5,Quantum,ThetaBase Services,1,2,flexible,1,False,False,1975,28803,44885,94,10,9,10,10,10,9,97,2.17,28803,1,Cocos (Keeling) Islands,1,False
Malta,Type V5,Quantum,ThetaBase Services,1,1,moderate,1,False,False,1221,32186,23868,99,10,10,10,10,10,10,43,0.96,32186,1,United Kingdom,2,False
Rwanda,Type V5,Quantum,ThetaBase Services,1,2,strict,1,False,False,1520,42407,38734,96,10,10,10,9,9,9,11,0.27,42407,1,Maldives,2,True
Nicaragua,Type F5,Plasma,ThetaBase Services,1,2,flexible,1,False,False,2300,43294,16698,99,10,10,10,10,10,10,35,0.79,43294,1,Isle of Man,1,False
Barbados,Type O3,Quantum,ThetaBase Services,1,1,flexible,1,False,False,1650,6959,54242,78,9,8,9,9,10,8,59,1.3,6959,0.95,Slovakia (Slovak Republic),20,True
United Kingdom,Type V5,Plasma,ThetaBase Services,2,5,moderate,3,False,False,2430,18856,22328,86,9,9,10,10,9,8,15,0.47,18856,0.5,El Salvador,1,True
Malta,Type F5,Quantum,ThetaBase Services,1,5,flexible,1,True,False,1832,12542,31015,85,8,9,9,9,9,8,56,1.24,12542,0.98,Mauritania,19,True
Niue,Type V5,Plasma,ThetaBase Services,2,3,moderate,2,False,False,2027,29475,76802,90,9,8,10,9,9,9,35,0.83,29475,0.5,Niue,1,True
Rwanda,Type V5,Plasma,ThetaBase Services,2,6,strict,3,True,False,2196,42407,59927,94,10,9,10,10,9,9,17,0.43,42407,1,Maldives,2,True
Barbados,Type O3,Quantum,ThetaBase Services,1,2,flexible,1,False,False,1910,6959,3343,75,9,8,8,10,9,9,4,0.09,6959,0.95,Slovakia (Slovak Republic),20,True
Malta,Type V5,Plasma,ThetaBase Services,2,4,strict,2,True,False,2807,23234,20296,91,10,9,10,10,9,9,21,0.47,23234,1,Marshall Islands,1,False
Barbados,Type V5,Quantum,ThetaBase Services,1,3,strict,2,False,False,1507,48954,14930,95,10,10,10,10,10,9,247,5.95,48954,1,Montserrat,8,True
Sao Tome and Principe,Type V5,Plasma,ThetaBase Services,1,2,moderate,1,False,False,2300,45610,575,96,10,10,9,10,10,9,5,0.12,45610,1,Sao Tome and Principe,1,True
Barbados,Type O3,Quantum,ThetaBase Services,1,4,flexible,3,False,False,2170,6959,22620,88,9,9,9,10,10,9,5,0.14,6959,0.95,Slovakia (Slovak Republic),20,True
Sao Tome and Principe,Type V5,Plasma,ThetaBase Services,1,2,flexible,1,False,False,2248,19120,41508,80,8,7,10,10,10,10,2,0.05,19120,1,Peru,1,True
United Kingdom,Type F5,Quantum,ThetaBase Services,1,2,strict,1,False,False,1299,34931,47669,89,9,8,10,10,9,9,201,4.53,34931,1,Gibraltar,2,True
Micronesia,Type V5,Quantum,ThetaBase Services,1,2,strict,1,False,False,1637,26904,18809,94,10,10,10,10,10,10,87,1.95,26904,1,Uganda,1,True
Barbados,Type O3,Quantum,ThetaBase Services,1,2,flexible,1,False,False,1910,6959,74881,74,9,8,9,9,10,9,11,0.27,6959,0.95,Slovakia (Slovak Republic),20,True
Micronesia,Type V5,Plasma,ThetaBase Services,1,2,strict,1,False,False,2040,36350,8398,96,10,10,9,10,10,9,43,1.03,36350,1,Niger,1,True
Bouvet Island (Bouvetoya),Type V2,Quantum,ThetaBase Services,2,4,moderate,2,False,False,2040,47166,61929,98,10,10,10,10,10,10,43,0.96,47166,1,Chad,1,True
Nicaragua,Type V5,Quantum,ThetaBase Services,1,2,flexible,1,False,False,1520,17216,45452,94,10,9,10,10,10,9,31,0.69,17216,1,Ecuador,2,True
Barbados,Type O3,Quantum,ThetaBase Services,1,3,flexible,3,False,False,1910,6959,396,76,8,8,9,9,10,8,57,1.32,6959,0.95,Slovakia (Slovak Republic),20,True
Barbados,Type O3,Quantum,ThetaBase Services,1,4,flexible,4,False,False,2235,6959,55823,64,7,7,9,8,9,7,22,0.55,6959,0.95,Slovakia (Slovak Republic),20,True
United Kingdom,Type V5,Plasma,ThetaBase Services,2,5,strict,3,False,False,2235,33699,9844,94,10,10,10,10,8,9,19,0.43,33699,1,Palestinian Territory,1,False
Niue,Type X3,Plasma,ThetaBase Services,1,2,strict,1,False,False,1507,41840,2482,93,10,10,10,10,9,9,113,2.53,41840,1,Niue,1,False
Rwanda,Type V7,Plasma,ThetaBase Services,2,6,strict,0,False,False,2690,27306,55342,96,10,9,10,10,10,9,9,3.14,27306,1,Kiribati,2,False
Estonia,Type Z6,Quantum,ThetaBase Services,1,2,moderate,1,True,False,1364,37510,16430,96,10,9,10,10,9,10,66,1.53,37510,1,Zimbabwe,1,True
Bouvet Island (Bouvetoya),Type F5,Plasma,ThetaBase Services,3,5,strict,3,False,False,3340,2222,38462,100,10,10,10,10,10,10,5,0.12,2222,0.67,Malawi,1,True
Nicaragua,Type V5,Plasma,ThetaBase Services,3,8,strict,5,True,False,2157,20411,62525,86,9,9,10,10,9,9,140,3.14,20411,1,Pakistan,4,True
Nicaragua,Type V5,Plasma,ThetaBase Services,1,4,strict,2,False,False,2625,30962,54074,98,10,10,10,10,10,9,32,0.77,30962,1,Jersey,2,True
Malta,Type V2,Quantum,ThetaBase Services,1,2,moderate,1,True,False,1520,40626,57427,95,10,10,10,10,9,10,99,2.26,40626,0.93,United Kingdom,5,True
Nicaragua,Type V5,Quantum,ThetaBase Services,1,2,moderate,0,False,False,1494,30962,51914,97,10,10,10,10,10,10,73,1.73,30962,1,Jersey,2,True
Malta,Type V5,Plasma,ThetaBase Services,2,4,strict,2,False,False,2430,27972,44062,92,9,9,10,9,9,9,21,0.51,27972,0.94,Brazil,27,False
Malta,Type V5,Plasma,ThetaBase Services,2,4,strict,0,False,False,2430,27972,65518,87,9,9,9,9,10,8,14,0.43,27972,0.94,Brazil,27,False
Nicaragua,Type V5,Quantum,ThetaBase Services,1,2,strict,1,True,False,1780,20120,74115,88,9,9,10,10,10,9,196,4.43,20120,1,Wallis and Futuna,10,False
Rwanda,Type V2,Plasma,ThetaBase Services,1,4,moderate,2,True,False,1975,45590,21700,94,10,9,10,10,9,9,33,0.84,45590,1,Turkmenistan,2,True
Rwanda,Type G0,Plasma,ThetaBase Services,1,3,strict,1,True,False,2872,37646,59682,84,8,9,8,9,10,9,16,0.49,37646,1,Estonia,60,False
Rwanda,Type G0,Plasma,ThetaBase Services,1,3,strict,1,True,False,2872,37646,63788,65,7,8,7,6,8,7,11,0.3,37646,1,Estonia,60,False
Rwanda,Type G0,Plasma,ThetaBase Services,1,3,strict,1,True,False,2872,37646,18369,84,8,9,9,9,9,9,11,0.29,37646,1,Estonia,60,False
United Kingdom,Type V5,Quantum,ThetaBase Services,1,2,moderate,1,False,False,1078,40075,48086,96,10,10,10,10,9,10,53,1.21,40075,0.93,Denmark,2,True
Rwanda,Type V5,Quantum,ThetaBase Services,1,2,strict,1,False,False,1507,48455,55922,89,9,9,9,10,10,8,36,0.83,48455,0.89,Uzbekistan,20,True
Rwanda,Type V5,Quantum,ThetaBase Services,1,2,strict,0,False,False,1572,48455,51626,96,10,9,9,10,9,9,23,0.52,48455,0.89,Uzbekistan,20,True
Barbados,Type V5,Plasma,ThetaBase Services,1,2,strict,1,False,False,2950,41288,71004,98,10,10,10,10,10,9,85,1.97,41288,1,Nicaragua,3,False
Sao Tome and Principe,Type V2,Quantum,ThetaBase Services,1,1,moderate,1,False,False,1325,27489,29105,99,10,10,10,10,10,10,124,2.87,27489,1,Canada,2,True
Sao Tome and Principe,Type F5,Plasma,ThetaBase Services,4,8,strict,0,False,False,5940,5263,37049,100,10,10,10,10,10,10,13,0.3,5263,0.92,Sao Tome and Principe,1,True
Russian Federation,Type F5,Quantum,ThetaBase Services,1,2,strict,1,False,False,2326,19614,19982,100,10,10,9,9,10,9,2,0.05,19614,1,Tonga,5,True
Nicaragua,Type F5,Quantum,ThetaBase Services,1,2,flexible,1,False,False,1715,30785,43316,97,10,9,10,10,10,10,95,2.17,30785,1,Jersey,1,True
United Kingdom,Type V5,Quantum,ThetaBase Services,1,2,moderate,1,False,False,1520,25056,67491,94,10,10,10,10,10,10,57,1.31,25056,1,Gibraltar,1,True
Wallis and Futuna,Type Z6,Plasma,ThetaBase Services,0,2,strict,1,False,False,2040,2019,57426,94,10,10,10,10,10,9,35,0.79,2019,1,Malta,7,False
Indonesia,Type V5,Plasma,ThetaBase Services,2,5,strict,4,False,False,2820,22806,35094,97,10,10,10,10,10,10,49,1.16,22806,1,Faroe Islands,1,False
Malta,Type V5,Quantum,ThetaBase Services,1,2,moderate,1,False,False,1325,44626,43253,97,10,9,10,10,9,10,39,1.02,44626,0.9,Niue,1,True
Malta,Type V2,Quantum,ThetaBase Services,1,2,moderate,2,False,False,1650,22229,5645,98,10,10,10,10,10,10,45,1.19,22229,1,Afghanistan,3,True
Wallis and Futuna,Type V5,Plasma,ThetaBase Services,1,2,strict,1,False,False,1897,2019,52473,93,9,10,10,10,10,9,18,0.79,2019,1,Malta,7,False
Bouvet Island (Bouvetoya),Type V5,Plasma,ThetaBase Services,2,4,strict,3,True,False,2027,4576,29421,99,10,10,10,10,10,10,20,0.46,4576,1,French Guiana,1,True
Rwanda,Type V5,Quantum,ThetaBase Services,1,2,strict,1,False,False,1455,48455,5875,82,9,9,9,10,8,9,11,0.25,48455,0.89,Uzbekistan,20,True
United Kingdom,Type V5,Quantum,ThetaBase Services,1,2,moderate,0,False,False,1455,47643,921,98,10,10,10,10,10,10,12,0.31,47643,1,Holy See (Vatican City State),1,False
Wallis and Futuna,Type V5,Plasma,ThetaBase Services,2,4,strict,2,True,False,2144,31074,10463,98,10,9,10,10,10,10,74,1.69,31074,1,Malta,4,True
Micronesia,Type O3,Quantum,ThetaBase Services,1,1,moderate,1,False,False,1650,3223,47223,100,10,10,10,10,10,10,39,0.99,3223,1,Kenya,1,True
Faroe Islands,Type F5,Plasma,ThetaBase Services,2,6,moderate,4,False,False,2820,34099,38648,94,10,9,10,10,9,9,13,0.43,34099,1,Micronesia,1,True
Barbados,Type O3,Nuclear,ThetaBase Services,1,1,flexible,1,False,False,1234,6959,28508,89,9,9,10,9,10,9,55,1.27,6959,0.95,Slovakia (Slovak Republic),20,True
United Kingdom,Type F5,Quantum,ThetaBase Services,1,1,strict,1,False,False,1260,25288,70030,100,10,10,10,10,10,10,1,0.03,25288,0.5,Tanzania,1,False
United Kingdom,Type V5,Quantum,ThetaBase Services,1,2,moderate,1,False,False,1780,46654,36755,99,10,10,10,10,10,10,38,0.88,46654,1,Tunisia,1,True
Nicaragua,Type F5,Plasma,ThetaBase Services,5,10,strict,10,False,False,3964,1726,25126,100,10,9,10,10,8,10,2,0.05,1726,0.93,Isle of Man,9,True
Pakistan,Type F5,Quantum,ThetaBase Services,1,2,moderate,1,False,False,1533,39857,59375,100,10,10,10,10,10,10,72,1.73,39857,1,Cocos (Keeling) Islands,1,True
Niue,Type V5,Quantum,ThetaBase Services,1,2,moderate,1,False,False,1520,32063,49630,96,10,10,10,10,9,9,36,0.84,32063,1,Niue,2,True
Indonesia,Type V5,Plasma,ThetaBase Services,2,4,strict,2,False,False,2300,22522,62123,89,10,9,10,10,9,9,14,0.34,22522,1,France,3,True
Malta,Type V2,Quantum,ThetaBase Services,1,2,moderate,2,False,False,1520,40626,2337,94,10,10,10,10,9,10,129,2.94,40626,0.93,United Kingdom,5,True
Wallis and Futuna,Type V5,Quantum,ThetaBase Services,1,2,strict,1,False,False,2001,2019,15097,93,9,10,10,10,10,9,29,0.69,2019,1,Malta,7,False
Sao Tome and Principe,Type V5,Plasma,ThetaBase Services,1,2,flexible,1,False,False,1494,16198,28462,84,9,8,9,9,8,8,5,0.13,16198,0,Sao Tome and Principe,1,True
Costa Rica,Type F5,Plasma,ThetaBase Services,3,6,strict,3,False,False,2430,34335,58032,100,10,10,10,10,10,10,1,0.04,34335,1,Jersey,2,True
Barbados,Type F5,Plasma,ThetaBase Services,3,7,strict,3,False,False,4770,19943,54495,60,5,5,10,6,4,6,2,0.05,19943,0.63,Isle of Man,34,False
Pakistan,Type F5,Quantum,ThetaBase Services,1,3,moderate,2,False,False,1520,44627,75315,100,10,10,10,10,10,10,73,2.41,44627,1,Cocos (Keeling) Islands,1,False
Switzerland,Type F5,Quantum,ThetaBase Services,1,1,flexible,1,False,False,1195,49189,7279,100,10,10,10,10,10,10,4,1,49189,1,Turks and Caicos Islands,3,False
Nicaragua,Type V5,Plasma,ThetaBase Services,2,4,moderate,0,False,False,2690,11749,63706,96,10,10,10,10,10,9,45,1.06,11749,1,Isle of Man,1,True
Barbados,Type V5,Quantum,ThetaBase Services,1,2,strict,1,False,False,2027,17818,22000,97,10,10,10,10,10,9,78,1.8,17818,1,Montserrat,2,True
Malta,Type V2,Quantum,ThetaBase Services,1,2,moderate,1,False,False,1455,40626,69860,95,10,10,10,10,9,10,110,2.58,40626,0.93,United Kingdom,5,True
Kiribati,Type O3,Quantum,ThetaBase Services,1,2,flexible,1,False,False,1845,25197,75482,88,9,10,9,9,8,9,15,0.37,25197,1,Nicaragua,4,False
Rwanda,Type V5,Quantum,ThetaBase Services,1,1,strict,1,False,False,1377,48455,7854,93,9,9,10,10,9,9,11,0.26,48455,0.89,Uzbekistan,20,True
Estonia,Type V5,Quantum,ThetaBase Services,1,2,strict,1,False,False,1195,33605,14150,100,10,10,10,10,9,10,8,0.18,33605,1,Zimbabwe,1,True
Nicaragua,Type F5,Plasma,ThetaBase Services,3,7,strict,5,False,False,4770,44982,75900,95,10,10,10,10,10,10,12,0.29,44982,0.5,Isle of Man,2,True
Kiribati,Type F5,Quantum,ThetaBase Services,1,2,moderate,1,False,False,1520,16260,72532,93,10,9,10,10,10,9,28,0.65,16260,1,United Kingdom,4,True
Barbados,Type V5,Plasma,ThetaBase Services,2,5,strict,3,False,False,3470,5771,13459,82,9,9,10,9,9,9,62,2.23,5771,0.98,Vietnam,8,False
Nicaragua,Type V5,Plasma,ThetaBase Services,2,3,strict,2,True,False,2287,28828,50364,93,10,9,10,9,10,9,12,0.28,28828,1,Isle of Man,198,True
Rwanda,Type V5,Quantum,ThetaBase Services,1,2,flexible,1,False,False,2118,24888,29724,95,10,9,10,10,9,9,6,0.14,24888,1,Estonia,1,True
Gambia,Type V2,Plasma,ThetaBase Services,2,6,moderate,4,False,False,2222,11997,10832,89,9,9,10,10,10,9,30,0.75,11997,1,Mauritania,2,True
Malta,Type F5,Plasma,ThetaBase Services,3,6,strict,3,True,False,3977,48366,58130,90,10,10,10,10,10,9,6,0.17,48366,1,Marshall Islands,1,False
Kiribati,Type F5,Quantum,ThetaBase Services,1,2,moderate,2,False,False,1520,16260,38651,97,10,9,10,10,10,10,29,0.67,16260,1,United Kingdom,4,True
Nicaragua,Type V5,Plasma,ThetaBase Services,2,4,strict,2,False,False,2417,28828,26643,94,10,9,10,9,9,9,31,0.73,28828,1,Isle of Man,198,True
Costa Rica,Type F5,Quantum,ThetaBase Services,1,2,moderate,1,False,False,1845,5227,20596,100,10,10,10,10,10,10,30,0.74,5227,1,Gambia,1,False
Nicaragua,Type V5,Plasma,ThetaBase Services,2,6,strict,0,True,False,3145,48450,24163,97,10,10,10,10,10,9,93,2.19,48450,1,Cape Verde,2,True
United Kingdom,Type V5,Plasma,ThetaBase Services,2,4,strict,2,True,False,2534,8442,37648,97,10,10,10,10,10,10,6,0.14,8442,1,Tunisia,2,True
Barbados,Type O3,Nuclear,ThetaBase Services,1,1,flexible,1,False,False,1195,6959,20543,89,8,8,9,9,10,9,15,0.37,6959,0.95,Slovakia (Slovak Republic),20,True
Micronesia,Type V2,Plasma,ThetaBase Services,3,8,strict,4,False,False,4770,19943,36008,50,6,5,6,7,7,4,2,0.05,19943,0.63,Isle of Man,34,False
Costa Rica,Type V5,Quantum,ThetaBase Services,1,2,moderate,1,False,False,1260,3375,3331,93,9,9,9,10,9,9,9,0.21,3375,0.5,Uzbekistan,2,True
Nicaragua,Type V5,Plasma,ThetaBase Services,2,4,moderate,2,False,False,2300,32029,35607,88,9,9,10,10,9,9,39,0.94,32029,1,Saint Helena,2,True
United Kingdom,Type V5,Quantum,ThetaBase Services,1,3,strict,1,True,False,1598,48334,75931,82,9,8,9,9,9,9,121,2.93,48334,1,Guinea,12,False
United Kingdom,Type V5,Quantum,ThetaBase Services,1,4,strict,2,True,False,1689,48334,50975,85,9,8,10,10,9,9,132,3.23,48334,1,Guinea,12,False
Niue,Type V5,Plasma,ThetaBase Services,3,5,strict,3,True,False,3470,14136,52015,98,10,10,10,10,9,9,8,0.2,14136,1,Guinea,1,False
Sao Tome and Principe,Type V2,Quantum,ThetaBase Services,1,1,strict,1,False,False,1507,23170,44627,97,10,10,10,10,10,10,55,1.29,23170,1,Sao Tome and Principe,2,True
Indonesia,Type V5,Plasma,ThetaBase Services,2,4,strict,2,False,False,2040,13138,54983,100,9,8,10,10,9,8,2,0.05,13138,1,Faroe Islands,2,True
Barbados,Type O3,Quantum,ThetaBase Services,1,2,flexible,2,False,False,1910,6959,46510,80,9,8,8,8,8,7,2,0.05,6959,0.95,Slovakia (Slovak Republic),20,True
Gambia,Type V5,Quantum,ThetaBase Services,1,2,strict,1,False,False,1780,4175,58681,99,10,10,10,10,10,10,46,1.1,4175,1,Gambia,2,True
Malta,Type V2,Plasma,ThetaBase Services,6,14,strict,9,True,False,4250,28398,59272,78,8,8,9,9,9,8,24,0.58,28398,1,El Salvador,7,True
Malta,Type V2,Quantum,ThetaBase Services,1,3,strict,2,True,False,1533,28398,59784,83,8,9,9,9,9,9,109,2.64,28398,1,El Salvador,7,True
Malta,Type V2,Quantum,ThetaBase Services,1,2,strict,1,True,False,1416,28398,49424,74,8,8,9,9,9,8,80,1.94,28398,1,El Salvador,7,True
Malta,Type V2,Quantum,ThetaBase Services,1,2,strict,1,True,False,1533,28398,16765,79,8,8,9,9,9,8,78,1.87,28398,1,El Salvador,7,True
Malta,Type V2,Quantum,ThetaBase Services,1,3,strict,2,True,False,1533,28398,2791,80,8,9,9,9,9,8,95,2.3,28398,1,El Salvador,7,True
Bouvet Island (Bouvetoya),Type V5,Plasma,ThetaBase Services,1,2,moderate,1,False,False,2105,4234,69333,99,10,9,10,10,10,10,26,0.99,4234,1,Malawi,1,True
Wallis and Futuna,Type X3,Plasma,ThetaBase Services,2,5,moderate,3,False,False,2560,16492,4596,99,10,10,10,10,10,9,53,1.24,16492,0.67,Marshall Islands,1,False
United Kingdom,Type V5,Plasma,ThetaBase Services,2,4,strict,2,False,False,2066,3165,53742,98,10,10,10,10,9,10,29,0.7,3165,1,Gibraltar,1,False
Russian Federation,Type V5,Quantum,ThetaBase Services,1,1,moderate,1,False,False,1650,15080,73365,91,10,9,10,10,10,9,28,0.66,15080,1,Venezuela,3,False
Bouvet Island (Bouvetoya),Type V5,Quantum,ThetaBase Services,1,2,flexible,1,False,False,1975,25766,36741,93,10,9,10,10,10,9,25,0.62,25766,0.75,Chile,1,True
Niue,Type V5,Plasma,ThetaBase Services,2,4,strict,2,False,False,4250,24221,10776,99,10,10,10,10,10,10,46,1.08,24221,1,Guinea,1,True
El Salvador,Type V5,Quantum,ThetaBase Services,1,2,moderate,1,True,False,1455,25123,37748,100,10,10,10,10,10,10,5,0.12,25123,1,Papua New Guinea,1,True
Bouvet Island (Bouvetoya),Type V2,Quantum,ThetaBase Services,1,2,moderate,1,True,False,1364,4907,72996,93,9,9,10,10,9,9,83,1.95,4907,1,Lebanon,2,True
Niue,Type V2,Quantum,ThetaBase Services,1,4,strict,3,True,False,1286,6700,19954,83,9,8,9,9,8,8,98,2.3,6700,1,Guinea,7,False
Barbados,Type V5,Plasma,ThetaBase Services,1,2,strict,1,False,False,2755,41288,40853,95,10,10,10,10,10,9,26,0.64,41288,1,Nicaragua,3,False
Niue,Type V5,Quantum,ThetaBase Services,1,1,moderate,1,False,False,1234,42526,49121,97,10,9,10,10,9,10,23,0.54,42526,1,Niue,1,True
Malta,Type V5,Plasma,ThetaBase Services,2,3,strict,2,False,False,2820,49049,70251,99,10,10,10,10,10,10,16,0.47,49049,0.5,Nauru,1,False
Costa Rica,Type V5,Plasma,ThetaBase Services,3,5,moderate,0,False,False,2495,18608,42667,99,10,10,10,10,9,10,48,1.26,18608,1,Jersey,4,True
Costa Rica,Type V5,Quantum,ThetaBase Services,1,2,flexible,1,False,False,1325,18608,16712,100,10,10,10,10,10,10,1,0.04,18608,1,Jersey,4,True
Costa Rica,Type V5,Quantum,ThetaBase Services,1,3,flexible,2,False,False,1845,18608,15550,97,10,10,10,10,9,10,93,2.35,18608,1,Jersey,4,True
Malta,Type F5,Quantum,ThetaBase Services,1,2,flexible,2,True,False,1247,12542,25793,74,7,8,9,9,9,7,74,1.86,12542,0.98,Mauritania,19,True
Russian Federation,Type V5,Quantum,ThetaBase Services,1,2,flexible,1,False,False,1910,16327,74901,100,9,10,10,10,9,10,3,0.07,16327,1,Russian Federation,1,True
Bouvet Island (Bouvetoya),Type V5,Plasma,ThetaBase Services,1,2,moderate,1,False,False,2690,39481,9962,100,10,10,10,10,10,10,19,0.45,39481,1,Uzbekistan,1,True
Indonesia,Type V5,Plasma,ThetaBase Services,2,4,strict,2,False,False,2755,26083,14585,97,10,10,10,10,10,10,20,0.48,26083,1,Faroe Islands,2,True
Russian Federation,Type F5,Quantum,ThetaBase Services,1,1,moderate,1,False,False,1286,3160,10666,95,10,10,10,10,9,9,19,0.46,3160,0.9,Russian Federation,2,False
Rwanda,Type G0,Plasma,ThetaBase Services,1,3,strict,1,True,False,2872,37646,77094,90,9,9,9,8,9,8,9,0.22,37646,1,Estonia,60,False
Rwanda,Type V5,Quantum,ThetaBase Services,1,2,moderate,1,False,False,1650,35218,75880,100,9,10,10,10,9,10,6,1.73,35218,1,Turkmenistan,2,False
Malta,Type V5,Plasma,ThetaBase Services,1,2,strict,1,False,False,2430,27972,5051,97,10,10,10,10,10,9,6,0.17,27972,0.94,Brazil,27,False
Nicaragua,Type V5,Plasma,ThetaBase Services,0,4,strict,2,False,False,2625,45351,53573,92,9,9,10,9,10,9,43,1.01,45351,0.9,Liberia,3,False
Bosnia and Herzegovina,Type F5,Quantum,ThetaBase Services,1,2,strict,1,False,False,1546,37584,7825,97,10,10,10,10,10,10,39,0.95,37584,1,Puerto Rico,1,False
Russian Federation,Type V2,Quantum,ThetaBase Services,1,2,flexible,4,False,False,1598,33032,74193,91,9,9,10,10,10,9,32,0.76,33032,0.83,Russian Federation,1,False
Russian Federation,Type F5,Quantum,ThetaBase Services,1,1,strict,1,False,False,1273,3160,8321,94,10,10,10,10,10,9,14,0.34,3160,0.9,Russian Federation,2,False
Sao Tome and Principe,Type V5,Quantum,ThetaBase Services,1,2,moderate,1,True,False,1364,12020,6523,97,10,10,10,10,9,10,55,1.54,12020,1,Congo,4,True
Nicaragua,Type V2,Plasma,ThetaBase Services,4,6,moderate,4,False,False,4250,39508,62436,98,10,9,10,10,10,10,9,0.31,39508,1,Jersey,1,True
Sao Tome and Principe,Type V5,Plasma,ThetaBase Services,3,5,strict,3,True,False,2170,3230,72952,98,10,10,10,10,9,10,53,1.28,3230,1,Turkmenistan,2,True
United Kingdom,Type V5,Plasma,ThetaBase Services,1,2,strict,1,False,False,2560,5917,34492,96,10,10,10,10,10,10,98,2.96,5917,1,Guinea,1,True
Russian Federation,Type V5,Quantum,ThetaBase Services,1,1,moderate,1,False,False,1364,21482,1696,96,10,9,10,10,10,10,35,0.85,21482,1,Russian Federation,1,True
Niue,Type V2,Quantum,ThetaBase Services,1,4,strict,3,False,False,1273,6700,38847,85,9,9,9,9,8,9,80,1.89,6700,1,Guinea,7,False
Kiribati,Type O3,Quantum,ThetaBase Services,1,2,flexible,1,False,False,1650,25197,35019,100,10,10,10,10,8,10,1,0.03,25197,1,Nicaragua,4,False
Kiribati,Type O3,Quantum,ThetaBase Services,1,2,flexible,1,False,False,1845,25197,69375,87,10,10,8,9,9,9,3,0.07,25197,1,Nicaragua,4,False
United Kingdom,Type V5,Quantum,ThetaBase Services,1,2,strict,1,False,False,1650,34096,35237,87,9,9,9,9,9,9,44,1.06,34096,1,Andorra,10,False
Micronesia,Type V2,Plasma,ThetaBase Services,3,6,strict,3,False,False,5420,18454,40148,97,10,10,10,10,10,9,115,2.72,18454,1,Nicaragua,5,True
United Kingdom,Type V5,Nuclear,ThetaBase Services,1,3,strict,2,False,False,1390,34096,21611,84,8,9,9,8,8,8,49,1.16,34096,1,Andorra,10,False
Kiribati,Type O3,Quantum,ThetaBase Services,1,5,flexible,3,False,False,2690,25197,47851,79,9,10,9,9,8,8,23,0.55,25197,1,Nicaragua,4,False
Sao Tome and Principe,Type V5,Plasma,ThetaBase Services,1,4,moderate,1,True,False,3535,19958,37752,95,9,9,10,9,10,9,15,0.44,19958,1,Congo,40,True
Bouvet Island (Bouvetoya),Type V5,Plasma,ThetaBase Services,3,8,moderate,4,False,False,2690,38356,56119,95,9,10,10,10,10,9,8,0.21,38356,1,Anguilla,2,False
Bouvet Island (Bouvetoya),Type V5,Plasma,ThetaBase Services,2,4,moderate,1,False,False,1845,10788,50083,80,8,8,10,10,8,8,1,0.02,10788,0.25,Lebanon,2,False
Sao Tome and Principe,Type V5,Plasma,ThetaBase Services,1,3,moderate,2,False,False,1936,25698,46864,97,10,10,10,10,9,9,6,0.35,25698,1,Monaco,1,False
Barbados,Type V5,Quantum,ThetaBase Services,1,2,strict,1,False,False,1455,36726,45581,90,9,8,10,9,9,9,101,2.46,36726,0.94,Mexico,6,False
Barbados,Type V5,Quantum,ThetaBase Services,1,1,strict,1,False,False,1247,36726,1237,89,9,9,10,10,9,9,86,2.09,36726,0.94,Mexico,6,False
Bouvet Island (Bouvetoya),Type V5,Quantum,ThetaBase Services,1,2,flexible,1,False,False,1455,32600,36982,100,10,6,10,10,10,10,2,2,32600,1,Lebanon,1,False
Niue,Type V2,Quantum,ThetaBase Services,1,5,strict,5,False,False,1273,6700,43284,83,9,9,9,9,8,9,99,2.35,6700,1,Guinea,7,False
United Kingdom,Type F5,Quantum,ThetaBase Services,1,2,strict,1,True,False,1377,14885,12268,98,10,10,10,10,10,10,65,1.59,14885,1,Tanzania,3,False
United Kingdom,Type F5,Quantum,ThetaBase Services,1,2,strict,2,False,False,1286,14885,54919,99,10,10,10,10,9,10,39,0.96,14885,1,Tanzania,3,False
Barbados,Type V5,Quantum,ThetaBase Services,1,2,strict,1,False,False,1364,6061,20827,88,9,8,9,9,10,9,19,0.47,6061,0,Tonga,2,True
Gambia,Type F5,Quantum,ThetaBase Services,1,2,moderate,1,False,False,1780,1160,29912,90,9,8,10,10,10,9,16,0.38,1160,1,France,1,True
Malta,Type V5,Quantum,ThetaBase Services,1,2,flexible,1,False,False,1169,20807,14170,91,9,9,9,10,9,9,47,1.12,20807,1,Mauritania,2,True
United Kingdom,Type V5,Plasma,ThetaBase Services,2,4,flexible,2,False,False,1780,35743,67644,100,10,10,10,10,9,10,13,0.48,35743,1,Palestinian Territory,2,True
Niue,Type F5,Quantum,ThetaBase Services,1,2,strict,0,False,False,1221,31042,2326,94,10,10,9,9,9,9,124,2.98,31042,1,Guinea,1,True
Niue,Type V5,Quantum,SIT Technology Unlimited,1,2,strict,1,False,False,1494,8410,32654,97,10,10,10,10,8,10,6,0.15,8410,0.75,Guinea,1,True
United Kingdom,Type V5,Plasma,ThetaBase Services,2,4,strict,2,False,False,2183,24639,55594,95,10,10,10,10,9,10,4,0.14,24639,1,Kenya,2,True
Sao Tome and Principe,Type V2,Quantum,ThetaBase Services,1,2,strict,1,False,False,1767,23170,53353,100,10,10,10,10,10,10,44,1.12,23170,1,Sao Tome and Principe,2,True
United Kingdom,Type V5,Quantum,ThetaBase Services,1,2,flexible,1,False,False,1260,37247,70000,100,10,10,10,10,10,10,4,0.1,37247,1,Tanzania,3,False
Sao Tome and Principe,Type D4,Plasma,ThetaBase Services,0,2,moderate,1,True,False,2820,21051,72757,100,10,10,10,10,10,10,5,0.29,21051,0,Denmark,1,True
Anguilla,Type F5,Quantum,ThetaBase Services,1,2,strict,1,False,False,1650,517,58513,98,10,10,10,10,10,10,55,1.31,517,1,United Kingdom,1,False
Bouvet Island (Bouvetoya),Type V5,Plasma,ThetaBase Services,3,6,strict,3,False,False,2300,41186,47546,93,10,9,10,10,9,9,11,0.27,41186,1,Lebanon,1,True
Micronesia,Type V5,Quantum,ThetaBase Services,1,1,strict,1,False,False,1780,27015,24494,88,9,9,10,10,10,9,9,0.22,27015,1,Kenya,2,True
Rwanda,Type V5,Plasma,ThetaBase Services,1,2,flexible,2,False,False,2170,33026,52354,98,10,10,10,10,10,10,64,1.54,33026,1,Estonia,2,False
Marshall Islands,Type F5,Quantum,ThetaBase Services,1,1,flexible,1,False,False,1221,49961,47935,98,10,10,10,10,10,10,21,0.57,49961,1,Russian Federation,3,True
Russian Federation,Type V5,Plasma,ThetaBase Services,0,2,strict,1,False,False,1455,36206,29999,85,9,8,9,8,9,9,40,0.96,36206,0.86,Russian Federation,10,False
Bouvet Island (Bouvetoya),Type V5,Plasma,ThetaBase Services,2,4,strict,2,False,False,2586,26704,26159,97,10,10,10,10,10,10,28,0.88,26704,1,Malawi,2,True
Sao Tome and Principe,Type V5,Plasma,ThetaBase Services,2,4,strict,3,False,False,1845,25159,5970,98,10,10,10,10,9,10,42,1.04,25159,1,Peru,1,True
Malta,Type V5,Plasma,ThetaBase Services,1,2,strict,1,False,False,2157,23773,17779,94,10,10,10,10,9,9,41,1.01,23773,1,El Salvador,1,True
Russian Federation,Type V5,Plasma,ThetaBase Services,2,4,moderate,2,False,False,2170,13016,4227,100,10,10,10,10,10,10,13,0.32,13016,1,Russian Federation,2,True
Russian Federation,Type V5,Quantum,"Banks, Wood and Phillips",1,2,moderate,1,False,False,1520,13016,68708,99,10,10,10,10,10,10,25,0.6,13016,1,Russian Federation,2,True
Niue,Type F5,Plasma,ThetaBase Services,3,8,strict,3,False,False,3730,28828,45090,90,10,8,10,10,8,9,4,0.1,28828,1,Isle of Man,198,True
Niue,Type V5,Quantum,ThetaBase Services,1,2,strict,1,False,False,1260,3927,20790,95,10,10,10,10,9,10,85,2.18,3927,1,Niue,1,True
Guinea,Type V5,Plasma,ThetaBase Services,1,3,moderate,1,True,False,2950,31859,8639,96,10,10,10,10,10,10,14,0.34,31859,1,Maldives,2,False
Bouvet Island (Bouvetoya),Type V5,Plasma,ThetaBase Services,1,4,moderate,2,False,False,2170,6174,44049,92,10,10,10,10,9,9,19,0.46,6174,1,Chad,1,True
Niue,Type V2,Quantum,ThetaBase Services,1,2,strict,1,True,False,1377,26780,69050,84,9,8,9,9,8,9,73,1.75,26780,1,Guinea,7,False
United Kingdom,Type F5,Quantum,ThetaBase Services,1,1,strict,1,True,False,1260,14885,51716,100,10,10,10,10,10,10,43,1.07,14885,1,Tanzania,3,False
Nicaragua,Type V5,Plasma,ThetaBase Services,2,7,strict,3,False,False,3587,24026,51993,91,9,10,9,10,10,9,30,0.93,24026,0.98,Cape Verde,69,True
Niue,Type V5,Quantum,ThetaBase Services,1,2,strict,1,True,False,1260,19682,54775,93,10,10,10,10,8,9,95,2.28,19682,1,Faroe Islands,15,True
Micronesia,Type V5,Plasma,ThetaBase Services,2,7,strict,5,True,False,3587,42226,62448,90,9,9,10,10,9,9,38,1.11,42226,1,Rwanda,2,True
Micronesia,Type V5,Plasma,ThetaBase Services,2,7,strict,5,True,False,4250,42226,6382,87,9,9,10,10,9,9,40,1.09,42226,1,Rwanda,2,True
Rwanda,Type G0,Plasma,ThetaBase Services,2,5,strict,2,True,False,3028,37646,47587,60,4,7,8,6,7,6,3,0.08,37646,1,Estonia,60,False
Faroe Islands,Type V5,Quantum,ThetaBase Services,1,2,strict,1,False,False,1234,10334,43763,86,8,7,9,8,8,8,8,0.21,10334,1,Micronesia,1,True
Barbados,Type V5,Plasma,ThetaBase Services,2,6,strict,3,True,False,2716,28520,29576,94,9,9,10,9,10,9,70,1.7,28520,1,Slovakia (Slovak Republic),2,True
Kiribati,Type V2,Plasma,ThetaBase Services,4,10,strict,7,False,False,2820,25756,26655,88,9,9,10,9,9,9,29,0.73,25756,1,Nicaragua,2,False
Wallis and Futuna,Type X3,Quantum,ThetaBase Services,1,2,strict,0,False,False,1741,38634,37274,100,10,10,10,10,10,10,17,0.42,38634,1,Malta,1,True
Barbados,Type V5,Plasma,ThetaBase Services,2,6,strict,2,False,False,3470,3391,3929,78,9,8,9,9,10,8,8,0.21,3391,1,Iran,58,True
Niue,Type V2,Quantum,ThetaBase Services,1,2,moderate,1,False,False,1325,4129,44580,99,10,10,10,10,10,10,191,4.7,4129,1,Niue,3,True
Russian Federation,Type V2,Plasma,ThetaBase Services,2,5,moderate,2,False,False,2755,32810,40909,95,10,9,10,10,10,9,25,0.65,32810,1,Russian Federation,2,True
Sao Tome and Principe,Type V5,Plasma,ThetaBase Services,1,2,strict,1,False,False,1650,23790,9212,87,10,8,10,10,10,9,9,0.22,23790,1,Isle of Man,1,True
Wallis and Futuna,Type V5,Plasma,ThetaBase Services,0,2,moderate,1,False,False,1650,18390,18623,98,10,9,10,10,10,10,26,0.63,18390,1,Malta,1,True
Niue,Type V5,Quantum,ThetaBase Services,1,1,strict,1,False,False,1780,19540,21077,100,10,10,10,10,10,10,1,0.43,19540,1,Guinea,1,True
Niue,Type V2,Quantum,ThetaBase Services,1,4,strict,3,True,False,1455,26780,34685,83,9,8,9,9,8,9,89,2.15,26780,1,Guinea,7,False
United Kingdom,Type V5,Quantum,"Banks, Wood and Phillips",1,4,moderate,2,False,False,1195,38847,29811,89,9,8,10,9,9,9,13,0.33,38847,0,Denmark,3,True
Rwanda,Type V5,Quantum,ThetaBase Services,1,2,moderate,1,False,False,1507,48455,27643,92,9,9,9,9,10,9,26,0.63,48455,0.89,Uzbekistan,20,True
Malta,Type V5,Plasma,ThetaBase Services,1,2,moderate,1,False,False,1845,29452,45238,98,10,10,10,10,10,10,39,0.97,29452,1,El Salvador,1,True
Barbados,Type I5,Quantum,ThetaBase Services,1,2,strict,1,True,False,1988,48954,53261,98,10,10,10,10,10,10,79,1.93,48954,1,Montserrat,8,True
Gambia,Type V5,Plasma,ThetaBase Services,2,4,strict,2,False,False,2560,44405,48965,95,9,9,10,10,10,10,40,0.98,44405,1,France,1,True
Malta,Type V5,Plasma,ThetaBase Services,2,5,strict,2,False,False,2495,29807,36488,93,10,9,10,10,10,9,45,1.15,29807,1,Brazil,2,True
Marshall Islands,Type O3,Quantum,ThetaBase Services,1,2,moderate,1,False,False,1299,5729,56895,96,10,9,10,10,10,10,6,0.15,5729,1,Russian Federation,1,False
Malta,Type F5,Nuclear,ThetaBase Services,1,5,flexible,5,False,False,1143,12542,74311,87,9,9,9,9,9,9,43,1.04,12542,0.98,Mauritania,19,True
Malta,Type V5,Quantum,ThetaBase Services,1,2,strict,1,False,False,1247,30684,31545,100,10,10,10,10,10,10,15,0.37,30684,1,Niue,2,True
Malta,Type F5,Nuclear,ThetaBase Services,1,1,flexible,5,True,False,1169,12542,17570,83,8,9,9,9,9,9,95,2.32,12542,0.98,Mauritania,19,True
Sao Tome and Principe,Type F5,Quantum,ThetaBase Services,1,1,moderate,1,False,False,1195,13229,32369,99,10,10,10,10,10,10,78,1.9,13229,1,Sao Tome and Principe,1,True
Rwanda,Type V5,Quantum,ThetaBase Services,1,2,moderate,1,False,False,1429,30757,30541,98,10,9,10,10,10,10,32,0.78,30757,0.9,Croatia,2,False
Barbados,Type V5,Plasma,ThetaBase Services,4,8,strict,4,False,False,5914,18993,45121,95,10,9,10,10,10,9,48,1.18,18993,1,Reunion,2,True
Bouvet Island (Bouvetoya),Type V5,Quantum,ThetaBase Services,1,2,strict,1,False,False,1585,8189,66115,100,8,10,10,9,10,10,2,0.05,8189,1,Chile,2,True
Nicaragua,Type V5,Quantum,ThetaBase Services,1,1,flexible,1,False,False,1520,45270,35763,100,10,10,10,10,10,10,5,1.06,45270,1,Jersey,1,True
Rwanda,Type V5,Quantum,ThetaBase Services,1,2,strict,1,False,False,1325,38098,24674,93,10,10,10,10,9,9,75,2.26,38098,1,Zimbabwe,7,True
Marshall Islands,Type F5,Quantum,ThetaBase Services,1,1,strict,1,False,False,1104,48029,4617,90,10,9,10,10,9,9,21,0.54,48029,1,Malta,2,False
United Kingdom,Type V2,Quantum,ThetaBase Services,1,2,strict,1,True,False,1585,11047,30002,83,9,9,9,9,9,8,233,5.68,11047,0.96,Senegal,3,True
Rwanda,Type O3,Nuclear,ThetaBase Services,1,2,moderate,1,False,False,1520,44762,3617,91,10,10,10,10,10,10,11,0.27,44762,1,Estonia,1,True
United Kingdom,Type V2,Quantum,ThetaBase Services,1,3,strict,1,True,False,1624,11047,54893,80,9,9,9,9,9,8,209,5.13,11047,0.96,Senegal,3,True
Faroe Islands,Type F5,Quantum,ThetaBase Services,1,1,flexible,1,False,False,1364,41028,612,99,10,10,10,10,10,10,29,0.75,41028,1,Micronesia,1,False
Nicaragua,Type V2,Plasma,ThetaBase Services,3,9,strict,5,False,False,4770,19943,55113,80,6,8,10,8,10,6,1,0.03,19943,0.63,Isle of Man,34,False
Guinea,Type V5,Plasma,ThetaBase Services,3,6,flexible,3,False,False,2495,1366,54030,60,6,6,10,10,10,10,1,0.02,1366,0.25,Fiji,4,False
Micronesia,Type V5,Plasma,ThetaBase Services,2,4,strict,2,False,False,4770,27015,50787,99,10,10,10,10,10,9,16,0.51,27015,1,Kenya,2,True
Switzerland,Type F5,Quantum,ThetaBase Services,1,1,strict,1,True,False,1130,19564,27086,96,10,10,10,10,9,10,88,2.14,19564,1,Turks and Caicos Islands,2,True
Rwanda,Type V5,Plasma,"Banks, Wood and Phillips",2,4,strict,2,False,False,2352,16386,60998,93,9,9,10,10,9,9,14,0.35,16386,1,Uzbekistan,1,True
United Kingdom,Type V5,Plasma,ThetaBase Services,2,4,strict,2,False,False,3145,8012,35454,100,10,9,10,10,10,10,9,0.37,8012,1,Sao Tome and Principe,2,True
Uzbekistan,Type V5,Quantum,"Banks, Wood and Phillips",1,1,moderate,1,False,False,1130,13082,1953,98,10,10,10,10,9,10,65,1.62,13082,1,Kiribati,3,True
Micronesia,Type V5,Plasma,ThetaBase Services,2,4,flexible,2,False,False,3210,48765,30644,94,9,9,9,10,9,9,40,1.01,48765,1,Kenya,1,True
Uzbekistan,Type F5,Quantum,ThetaBase Services,1,2,moderate,1,False,False,1507,3743,20085,100,10,10,10,10,10,10,3,0.09,3743,1,Kiribati,1,True
Rwanda,Type V5,Plasma,ThetaBase Services,2,6,strict,4,True,False,4250,1419,68164,94,9,9,10,10,9,9,47,1.29,1419,1,Maldives,1,True
Estonia,Type V5,Plasma,ThetaBase Services,2,4,strict,2,False,False,1650,5770,58798,100,10,10,10,10,8,10,2,0.18,5770,1,Zimbabwe,1,True
United Kingdom,Type F5,Quantum,ThetaBase Services,1,2,flexible,1,False,False,4770,44544,51197,100,10,9,10,10,9,10,2,0.05,44544,0,Gibraltar,2,False
Uzbekistan,Type F5,Quantum,"Banks, Wood and Phillips",1,2,moderate,1,False,False,1325,6727,45677,95,9,9,10,10,9,9,45,1.39,6727,1,Kiribati,2,True
Uzbekistan,Type F5,Quantum,ThetaBase Services,1,1,moderate,1,False,False,1195,6727,69023,95,10,10,10,10,10,10,66,1.64,6727,1,Kiribati,2,True
Russian Federation,Type V5,Plasma,ThetaBase Services,1,2,strict,1,False,False,1845,28828,5641,93,10,9,10,10,10,9,3,0.08,28828,1,Isle of Man,198,True
Switzerland,Type F5,Quantum,SIT Technology Unlimited,1,1,strict,1,True,False,1130,19564,6839,98,10,10,10,10,10,10,119,2.96,19564,1,Turks and Caicos Islands,2,True
Niue,Type V5,Plasma,ThetaBase Services,2,4,strict,2,False,False,2170,28828,31932,91,9,9,10,10,9,9,29,0.73,28828,1,Isle of Man,198,True
Russian Federation,Type V5,Quantum,ThetaBase Services,1,1,strict,1,False,False,1234,44777,18975,99,10,10,10,10,10,10,44,1.11,44777,1,Russian Federation,1,True
Barbados,Type O3,Nuclear,ThetaBase Services,1,1,flexible,1,False,False,1234,6959,23874,77,8,8,9,9,10,8,33,0.81,6959,0.95,Slovakia (Slovak Republic),20,True
Isle of Man,Type F5,Plasma,ThetaBase Services,2,4,flexible,2,False,False,2105,40799,52988,100,10,10,10,10,10,10,5,0.14,40799,1,Togo,2,False
Micronesia,Type V5,Plasma,ThetaBase Services,2,5,strict,2,True,False,5095,19958,48031,79,8,8,9,9,10,7,24,0.71,19958,1,Congo,40,True
Niue,Type F5,Quantum,ThetaBase Services,1,3,flexible,3,False,False,1286,31563,45653,94,9,10,10,10,9,10,68,2,31563,1,Niue,3,False
Niue,Type F5,Quantum,ThetaBase Services,1,1,moderate,1,False,False,1234,31563,22178,93,10,9,10,10,9,10,61,1.84,31563,1,Niue,3,False
Niue,Type F5,Quantum,ThetaBase Services,1,2,moderate,2,False,False,1234,31563,49458,96,10,9,10,10,10,10,70,1.78,31563,1,Niue,3,False
Niue,Type V5,Quantum,ThetaBase Services,1,2,flexible,1,False,False,1351,20867,72838,87,9,8,9,9,8,9,133,3.32,20867,1,Guinea,4,True
Costa Rica,Type V5,Quantum,ThetaBase Services,1,2,moderate,1,False,False,1234,24978,65085,85,9,9,9,10,9,9,4,0.1,24978,1,Christmas Island,1,True
Malta,Type V5,Plasma,ThetaBase Services,2,4,strict,2,False,False,2625,45546,42119,95,10,9,10,10,10,9,4,0.11,45546,1,Cape Verde,19,True
United Kingdom,Type V5,Plasma,ThetaBase Services,1,4,moderate,1,False,False,2365,11474,37112,98,10,10,10,10,9,10,32,0.79,11474,1,Andorra,1,True
Barbados,Type V5,Plasma,ThetaBase Services,2,5,strict,0,False,False,3210,33823,3843,93,10,10,9,9,10,10,6,0.3,33823,0.78,France,17,True
Barbados,Type O3,Nuclear,ThetaBase Services,1,1,flexible,1,False,False,1234,6959,25122,85,8,8,9,9,10,9,16,0.41,6959,0.95,Slovakia (Slovak Republic),20,True
Kiribati,Type F5,Quantum,ThetaBase Services,1,2,flexible,1,False,False,1585,5902,45387,98,10,10,10,10,10,10,115,2.85,5902,1,Nicaragua,1,False
Malta,Type V5,Plasma,ThetaBase Services,2,4,strict,2,False,False,2560,27972,66808,100,10,10,10,10,10,10,7,0.2,27972,0.94,Brazil,27,False
United Kingdom,Type V5,Quantum,ThetaBase Services,1,2,flexible,2,True,False,1377,42548,61576,93,9,9,10,10,10,9,38,0.94,42548,1,Lithuania,2,True
Bouvet Island (Bouvetoya),Type V5,Quantum,ThetaBase Services,1,2,strict,1,False,False,1260,8189,63831,93,10,10,10,9,7,9,3,0.08,8189,1,Chile,2,True
Indonesia,Type E3,Plasma,ThetaBase Services,1,2,flexible,1,True,False,2040,5343,19349,100,10,10,10,10,10,10,27,0.77,5343,1,Faroe Islands,1,False
Russian Federation,Type V5,Plasma,ThetaBase Services,1,2,strict,1,False,False,2027,25105,61222,99,10,10,10,10,10,10,41,1.05,25105,1,Uzbekistan,2,True
Malta,Type Z6,Plasma,ThetaBase Services,1,3,strict,1,True,False,2027,15904,42089,90,10,9,10,10,9,9,10,0.33,15904,1,Afghanistan,2,False
Anguilla,Type V5,Plasma,ThetaBase Services,2,4,strict,2,False,False,2495,27972,20185,87,9,9,9,9,9,8,12,0.33,27972,0.94,Brazil,27,False
Sao Tome and Principe,Type V5,Quantum,ThetaBase Services,1,1,strict,1,False,False,1143,1577,51235,100,10,10,10,10,9,9,4,0.14,1577,1,Peru,8,True
Barbados,Type O3,Quantum,ThetaBase Services,1,3,flexible,3,False,False,1910,6959,3844,86,9,9,10,10,10,9,30,0.82,6959,0.95,Slovakia (Slovak Republic),20,True
United Kingdom,Type V5,Quantum,ThetaBase Services,1,2,strict,1,True,False,1546,48334,10295,80,9,8,10,10,9,8,57,3.59,48334,1,Guinea,12,False
United Kingdom,Type V5,Quantum,ThetaBase Services,1,3,strict,1,True,False,1559,48334,16061,83,9,8,9,10,10,9,38,2.51,48334,1,Guinea,12,False
United Kingdom,Type V5,Quantum,ThetaBase Services,1,3,strict,2,True,False,1650,48334,62078,83,9,9,9,9,9,9,66,4.09,48334,1,Guinea,12,False
Barbados,Type V5,Plasma,ThetaBase Services,0,2,moderate,1,False,False,2235,36641,28308,96,10,10,10,10,10,9,120,2.97,36641,1,Vietnam,5,False
United Kingdom,Type V5,Plasma,ThetaBase Services,2,4,strict,2,False,False,2534,33335,21774,98,10,10,10,10,9,10,25,0.83,33335,1,Gibraltar,3,True
Nicaragua,Type V5,Plasma,ThetaBase Services,2,6,strict,2,False,False,2027,24852,63500,87,8,9,10,10,10,8,75,1.87,24852,1,Wallis and Futuna,3,False
Kiribati,Type V5,Quantum,ThetaBase Services,1,2,flexible,1,False,False,1390,29678,55853,98,10,10,10,10,9,9,8,0.21,29678,1,Nicaragua,1,False
Marshall Islands,Type F5,Plasma,ThetaBase Services,5,8,strict,7,False,False,3470,25507,11861,99,10,10,10,10,10,9,16,0.45,25507,1,Malta,3,False
Anguilla,Type F5,Quantum,ThetaBase Services,1,2,strict,1,False,False,1325,17010,3656,99,10,10,10,10,10,10,20,0.5,17010,1,United Kingdom,2,True
Indonesia,Type F5,Quantum,ThetaBase Services,1,2,strict,1,False,False,1845,22091,14995,93,9,8,10,10,8,9,6,0.35,22091,1,Faroe Islands,9,False
Micronesia,Type V5,Plasma,ThetaBase Services,0,2,strict,1,False,False,2248,27972,45237,79,8,9,8,8,9,8,16,0.43,27972,0.94,Brazil,27,False
Rwanda,Type V5,Quantum,ThetaBase Services,1,2,flexible,1,False,False,1377,37151,69590,100,9,9,9,10,10,9,3,3,37151,0.4,Zimbabwe,1,False
Micronesia,Type V5,Plasma,ThetaBase Services,1,4,strict,2,True,False,2560,13277,1416,75,8,7,10,10,10,7,4,0.1,13277,1,Rwanda,2,True
Gambia,Type F5,Quantum,ThetaBase Services,1,2,flexible,1,True,False,1260,22634,58170,93,10,9,10,10,9,10,9,0.23,22634,1,Gambia,3,False
Barbados,Type V5,Quantum,ThetaBase Services,1,1,strict,1,True,False,1637,14560,52008,95,10,10,10,10,10,10,138,3.47,14560,1,Barbados,2,False
Niue,Type V5,Plasma,ThetaBase Services,1,3,flexible,2,False,False,2040,10775,28553,89,9,10,10,10,9,9,11,0.28,10775,1,Guinea,2,True
Malta,Type F5,Plasma,ThetaBase Services,3,6,moderate,3,False,False,3795,36706,59137,100,10,9,10,10,10,9,8,0.32,36706,1,Mexico,1,False
Barbados,Type V5,Plasma,ThetaBase Services,3,7,strict,4,True,False,2456,40671,50917,95,10,10,10,10,9,10,13,6.19,40671,1,Bosnia and Herzegovina,2,True
Barbados,Type V5,Plasma,ThetaBase Services,2,4,moderate,2,False,False,2560,21008,64571,95,10,10,10,10,10,8,4,0.75,21008,1,Bouvet Island (Bouvetoya),1,False
Rwanda,Type Z6,Plasma,Warwick Technology Multinational,0,2,moderate,1,False,False,1767,5220,38522,96,10,9,10,10,10,10,10,0.25,5220,0.9,Papua New Guinea,1,False
Nicaragua,Type V5,Plasma,ThetaBase Services,0,2,moderate,1,True,False,2014,33283,51897,98,10,10,10,10,10,10,83,2.07,33283,1,Isle of Man,1,True
Gambia,Type V2,Plasma,ThetaBase Services,4,6,moderate,2,False,False,3730,21860,73462,100,10,10,10,10,9,9,2,0.39,21860,1,France,2,True
Costa Rica,Type V2,Quantum,ThetaBase Services,1,2,moderate,1,True,False,1273,49043,11251,93,10,9,10,10,9,9,83,2.11,49043,1,Micronesia,4,True
United Kingdom,Type F5,Quantum,ThetaBase Services,1,2,moderate,2,False,False,1377,9640,26525,100,10,10,10,10,10,10,8,0.21,9640,1,Denmark,2,True
Rwanda,Type V5,Plasma,ThetaBase Services,2,5,flexible,2,True,False,3067,36270,6297,80,9,8,9,9,10,8,119,3.04,36270,1,Maldives,2,False
Barbados,Type V5,Quantum,ThetaBase Services,1,4,strict,3,True,False,2157,27289,34644,82,9,8,10,9,9,8,46,1.18,27289,0.99,Reunion,12,True
Rwanda,Type O3,Quantum,"Banks, Wood and Phillips",1,2,strict,1,False,False,1390,34550,35634,93,10,9,10,10,9,10,25,0.64,34550,1,Maldives,1,True
Rwanda,Type V5,Quantum,ThetaBase Services,1,2,strict,1,False,False,1624,48455,9197,90,9,9,9,10,10,9,14,0.36,48455,0.89,Uzbekistan,20,True
Nicaragua,Type G0,Plasma,ThetaBase Services,3,8,moderate,4,True,False,3717,7561,63132,96,9,10,10,10,10,9,26,0.9,7561,1,Venezuela,6,True
Kiribati,Type F5,Quantum,ThetaBase Services,1,2,moderate,1,False,False,1546,16260,15870,93,10,9,10,10,10,9,6,0.15,16260,1,United Kingdom,4,True
Chad,Type V5,Quantum,ThetaBase Services,1,1,strict,1,True,False,1182,32531,27764,90,10,10,10,10,8,10,16,0.41,32531,1,Togo,4,False
United Kingdom,Type V5,Quantum,"Banks, Wood and Phillips",2,1,flexible,2,False,False,1169,29823,67910,96,10,10,10,10,9,10,5,0.17,29823,0.9,Togo,3,False
Bouvet Island (Bouvetoya),Type V5,Plasma,ThetaBase Services,1,2,strict,1,False,False,1897,47042,6920,80,7,9,9,9,8,9,3,0.1,47042,1,Lebanon,2,True
Bouvet Island (Bouvetoya),Type F5,Quantum,ThetaBase Services,1,2,flexible,1,False,False,1585,47042,37359,90,9,9,10,10,10,9,4,0.1,47042,1,Lebanon,2,True
Sao Tome and Principe,Type V5,Quantum,ThetaBase Services,1,2,moderate,1,True,False,1377,8518,3351,91,9,9,10,10,10,9,63,1.6,8518,1,Peru,1,False
Malta,Type V5,Quantum,ThetaBase Services,1,2,strict,1,False,False,1780,9846,65043,98,10,10,10,10,10,10,281,7.08,9846,1,Indonesia,3,True
Barbados,Type O3,Nuclear,ThetaBase Services,1,1,flexible,1,False,False,1195,6959,32623,76,8,7,9,9,10,8,15,0.38,6959,0.95,Slovakia (Slovak Republic),20,True
Chad,Type V5,Quantum,ThetaBase Services,1,1,strict,1,True,False,1195,32531,58138,94,9,10,10,10,9,10,40,1.02,32531,1,Togo,4,False
Isle of Man,Type V5,Plasma,ThetaBase Services,1,4,flexible,2,False,False,1910,23374,28617,100,10,8,10,10,8,10,1,0.03,23374,0,Togo,2,True
Nicaragua,Type V5,Quantum,ThetaBase Services,1,2,strict,1,True,False,1455,20236,68943,97,10,10,10,10,10,10,69,1.76,20236,1,Isle of Man,1,True
Faroe Islands,Type V5,Quantum,ThetaBase Services,1,2,strict,1,False,False,1260,9025,58199,100,10,10,10,10,10,10,29,1.18,9025,0.88,Micronesia,1,True
Rwanda,Type V5,Quantum,ThetaBase Services,1,2,moderate,1,False,False,1650,23332,75703,98,10,10,10,10,10,10,60,1.56,23332,1,Bosnia and Herzegovina,2,False
Uzbekistan,Type V5,Plasma,ThetaBase Services,1,3,strict,2,False,False,2495,34620,52365,100,10,10,10,10,10,10,16,0.42,34620,1,Costa Rica,1,True
Estonia,Type F5,Quantum,ThetaBase Services,1,2,strict,1,True,False,1273,41233,54406,99,10,10,10,10,9,10,82,2.45,41233,1,Zimbabwe,1,True
Indonesia,Type F5,Quantum,ThetaBase Services,1,1,moderate,1,True,False,1247,21607,18963,97,10,10,10,10,9,10,139,3.53,21607,0.9,France,3,True
Sao Tome and Principe,Type F5,Quantum,ThetaBase Services,1,2,flexible,1,False,False,1715,17734,68645,98,10,10,10,10,10,10,53,1.4,17734,1,Jersey,1,True
Anguilla,Type F5,Quantum,ThetaBase Services,1,3,moderate,2,False,False,1455,11582,48308,93,10,10,10,10,10,10,3,0.1,11582,1,Anguilla,2,True
Anguilla,Type F5,Quantum,ThetaBase Services,1,4,moderate,3,False,False,1520,11582,37264,100,10,10,10,10,10,10,8,0.41,11582,1,Anguilla,2,True
El Salvador,Type O3,Quantum,ThetaBase Services,1,1,flexible,1,False,False,1195,28276,19428,91,9,9,9,9,10,8,11,0.28,28276,0.83,Papua New Guinea,2,False
Marshall Islands,Type W5,Quantum,ThetaBase Services,1,1,flexible,3,False,False,1650,15661,9654,80,7,6,10,10,9,9,3,0.08,15661,0.33,Russian Federation,4,False
Malta,Type V5,Plasma,ThetaBase Services,2,4,strict,2,False,False,2287,28828,34830,71,8,8,10,9,8,7,7,0.18,28828,1,Isle of Man,198,True
Micronesia,Type V5,Plasma,ThetaBase Services,2,5,strict,2,True,False,5095,19958,53412,94,9,10,10,10,10,10,17,0.43,19958,1,Congo,40,True
Micronesia,Type V5,Plasma,ThetaBase Services,2,5,strict,0,True,False,5095,19958,44781,95,10,9,10,10,10,9,23,0.59,19958,1,Congo,40,True
Estonia,Type V5,Quantum,"Banks, Wood and Phillips",1,1,flexible,1,False,False,1169,36910,23433,100,10,10,10,10,10,10,2,0.05,36910,1,Zimbabwe,1,True
Rwanda,Type V5,Quantum,ThetaBase Services,1,5,moderate,3,True,False,2183,22324,42374,95,10,10,10,10,9,9,222,5.65,22324,1,Venezuela,6,True
Rwanda,Type V5,Quantum,ThetaBase Services,0,3,moderate,2,True,False,2105,22324,55458,92,10,10,10,10,9,9,194,4.94,22324,1,Venezuela,6,True
Micronesia,Type V5,Quantum,ThetaBase Services,1,2,moderate,1,False,False,1624,35544,50424,98,10,10,10,10,10,10,55,1.4,35544,1,Kenya,1,True
Malta,Type V5,Plasma,ThetaBase Services,2,4,strict,2,False,False,2170,13849,47460,100,10,10,10,10,10,10,8,0.21,13849,1,Niue,2,True
Micronesia,Type G0,Plasma,ThetaBase Services,1,4,strict,2,True,False,2950,11567,18213,84,9,10,10,10,10,10,5,0.17,11567,1,Niger,31,True
Costa Rica,Type V5,Plasma,ThetaBase Services,1,4,strict,1,False,False,1884,28445,56115,95,10,9,10,10,10,9,37,0.95,28445,1,Jersey,1,True
Marshall Islands,Type F5,Quantum,ThetaBase Services,1,2,moderate,1,False,False,1390,15661,36596,87,9,8,10,9,9,9,4,0.14,15661,0.33,Russian Federation,4,False
Niue,Type V2,Plasma,ThetaBase Services,3,8,strict,2,False,False,3340,38378,25723,93,10,9,10,10,10,9,6,0.15,38378,0.9,Guinea,1,False
Sao Tome and Principe,Type F5,Quantum,ThetaBase Services,1,2,strict,2,False,False,1507,19749,37823,86,9,9,9,10,8,9,8,0.21,19749,1,Denmark,6,True
Micronesia,Type V5,Plasma,ThetaBase Services,2,6,flexible,3,False,False,2690,15391,63766,50,7,6,8,10,8,4,2,0.07,15391,0.9,Niger,2,True
Malta,Type F5,Quantum,ThetaBase Services,1,2,flexible,1,False,False,1910,15311,63151,100,10,10,10,10,10,10,2,0.05,15311,1,Holy See (Vatican City State),1,False
Russian Federation,Type V5,Plasma,ThetaBase Services,2,6,strict,2,True,False,3730,5166,6180,96,10,10,9,9,10,9,14,0.36,5166,1,Ecuador,16,True
Russian Federation,Type V5,Plasma,ThetaBase Services,2,6,strict,2,True,False,3210,5166,74276,94,10,10,10,10,10,9,23,0.59,5166,1,Ecuador,16,True
Russian Federation,Type V5,Plasma,ThetaBase Services,1,4,strict,1,True,False,2820,5166,70474,91,10,10,10,9,10,9,18,0.46,5166,1,Ecuador,16,True
Rwanda,Type V5,Plasma,ThetaBase Services,2,8,moderate,5,False,False,3080,22324,30923,100,10,10,10,10,9,10,10,0.26,22324,1,Venezuela,6,True
Malta,Type V5,Plasma,ThetaBase Services,1,2,strict,1,False,False,1520,6647,49622,94,9,9,9,9,8,9,7,0.18,6647,1,Senegal,2,True
Costa Rica,Type V5,Plasma,ThetaBase Services,1,2,moderate,1,True,False,1520,28743,19376,93,10,9,10,10,9,9,56,1.69,28743,1,Somalia,1,True
Russian Federation,Type V5,Plasma,ThetaBase Services,2,4,strict,2,True,False,3405,5166,16159,100,10,10,10,10,10,10,12,0.4,5166,1,Ecuador,16,True
Malta,Type V2,Quantum,ThetaBase Services,1,2,moderate,1,False,False,1234,45979,6606,96,10,10,10,10,9,10,131,3.35,45979,1,Guernsey,1,False
United Kingdom,Type V5,Quantum,ThetaBase Services,1,2,strict,1,False,False,1117,40075,26202,95,10,9,10,10,9,10,13,0.35,40075,0.93,Denmark,2,True
Niue,Type V2,Quantum,ThetaBase Services,1,2,strict,1,True,False,1377,26780,3533,88,9,9,9,9,8,9,58,1.48,26780,1,Guinea,7,False
El Salvador,Type F5,Quantum,ThetaBase Services,1,2,flexible,1,False,False,1195,28276,56785,80,9,9,9,9,9,8,2,0.05,28276,0.83,Papua New Guinea,2,False
Malta,Type V5,Plasma,ThetaBase Services,2,6,strict,3,False,False,2417,32362,53038,91,9,9,9,10,9,9,124,3.21,32362,1,Marshall Islands,4,True
Russian Federation,Type V5,Plasma,ThetaBase Services,4,8,moderate,3,True,False,2170,23325,1598,97,10,9,10,10,10,10,64,1.79,23325,1,Russian Federation,2,True
Barbados,Type V5,Plasma,ThetaBase Services,1,3,strict,1,False,False,2261,4330,33360,80,8,7,9,9,10,8,11,0.29,4330,0.94,Ukraine,60,True
Bouvet Island (Bouvetoya),Type V2,Quantum,ThetaBase Services,1,2,moderate,1,False,False,1390,16106,54309,100,10,10,10,10,10,10,9,0.24,16106,1,French Guiana,1,True
Rwanda,Type V5,Plasma,ThetaBase Services,1,2,moderate,1,False,False,1780,6949,38265,99,10,10,10,10,9,10,68,1.75,6949,1,Turkmenistan,1,False
Nicaragua,Type V5,Plasma,ThetaBase Services,2,6,strict,3,True,False,6707,8225,5951,95,9,9,10,10,10,9,41,1.09,8225,0.95,Barbados,31,False
Sao Tome and Principe,Type V5,Plasma,ThetaBase Services,1,3,strict,2,False,False,1819,48500,17845,94,10,10,10,10,9,9,50,1.29,48500,1,Canada,1,True
Micronesia,Type G0,Plasma,ThetaBase Services,0,4,strict,2,True,False,2950,11567,10465,96,10,10,10,10,10,10,6,0.16,11567,1,Niger,31,True
Wallis and Futuna,Type V5,Quantum,Warwick Technology Multinational,1,1,moderate,1,False,False,1325,12281,23847,99,10,10,10,10,10,10,61,1.57,12281,1,Malta,1,False
Sao Tome and Principe,Type F5,Quantum,ThetaBase Services,1,1,moderate,1,False,False,1195,10303,59342,97,10,10,10,10,10,10,66,2.03,10303,0.9,Turkmenistan,1,False
Barbados,Type O3,Nuclear,ThetaBase Services,1,1,flexible,1,False,False,1195,6959,3747,80,7,8,10,9,10,9,6,0.15,6959,0.95,Slovakia (Slovak Republic),20,True
Switzerland,Type F5,Plasma,ThetaBase Services,3,6,strict,3,False,False,1871,26519,66419,98,10,10,10,10,9,10,26,0.67,26519,1,Turks and Caicos Islands,2,True
United Kingdom,Type V5,Plasma,ThetaBase Services,3,6,moderate,3,False,False,2820,25296,1665,96,10,9,9,10,9,9,17,0.44,25296,1,Monaco,1,False
Niue,Type V5,Plasma,ThetaBase Services,2,6,strict,2,False,False,3444,31314,56242,97,10,10,10,10,9,9,36,1.82,31314,1,Guinea,4,True
Niue,Type V5,Quantum,ThetaBase Services,1,2,strict,1,False,False,1650,31314,29164,95,10,9,10,10,9,9,48,1.25,31314,1,Guinea,4,True
United Kingdom,Type V5,Quantum,ThetaBase Services,1,2,moderate,1,False,False,1819,15394,24226,99,10,10,10,10,10,10,31,0.8,15394,1,Tunisia,2,True
Sao Tome and Principe,Type F5,Plasma,ThetaBase Services,3,5,strict,4,True,False,3457,9633,70375,60,10,2,10,10,10,4,1,0.29,9633,1,Uruguay,1,False
Barbados,Type V5,Plasma,ThetaBase Services,1,3,strict,2,False,False,2170,4330,75768,95,10,9,10,10,10,10,4,0.29,4330,0.94,Ukraine,60,True
Malta,Type F5,Plasma,ThetaBase Services,1,2,moderate,2,False,False,1754,39765,45358,93,10,9,10,10,9,9,18,0.48,39765,1,United Kingdom,2,True
Bouvet Island (Bouvetoya),Type V5,Plasma,ThetaBase Services,2,4,moderate,2,False,False,1650,12433,61289,94,10,10,9,10,9,10,9,0.24,12433,0.5,Lebanon,1,True
Barbados,Type F5,Plasma,ThetaBase Services,1,4,strict,2,False,False,1715,24852,72022,84,9,9,9,10,8,8,73,1.89,24852,1,Wallis and Futuna,3,False
Russian Federation,Type V5,Plasma,ThetaBase Services,1,2,strict,0,False,False,1715,33602,45560,89,9,8,9,9,9,9,17,0.45,33602,0.52,Russian Federation,2,True
Barbados,Type V5,Plasma,ThetaBase Services,1,4,strict,2,False,False,2365,2178,43095,89,9,9,10,10,10,9,33,0.86,2178,1,Jersey,2,True
Russian Federation,Type V5,Plasma,ThetaBase Services,1,2,strict,1,False,False,1975,36206,25555,73,7,9,9,8,9,6,6,0.16,36206,0.86,Russian Federation,10,False
Barbados,Type V5,Plasma,ThetaBase Services,2,5,strict,2,True,False,5355,19958,44693,64,7,8,8,8,9,7,10,0.26,19958,1,Congo,40,True
Malta,Type V7,Quantum,ThetaBase Services,1,4,moderate,3,False,False,1975,33223,40250,97,10,10,9,10,9,10,19,0.55,33223,1,Nauru,1,True
Malta,Type F5,Quantum,ThetaBase Services,1,1,strict,1,False,False,1338,22321,20396,91,10,10,10,10,9,10,157,4.08,22321,1,United Kingdom,16,False
Bouvet Island (Bouvetoya),Type V5,Plasma,ThetaBase Services,2,5,strict,4,False,False,3210,29198,30833,94,10,10,10,10,10,9,74,1.95,29198,1,Uzbekistan,1,False
Niue,Type F5,Plasma,ThetaBase Services,2,6,strict,3,False,False,2144,48671,45281,87,10,9,10,10,9,9,3,0.08,48671,1,Guinea,3,True
Rwanda,Type F5,Quantum,ThetaBase Services,1,2,flexible,1,False,False,1507,3854,52071,96,10,10,10,10,9,10,42,1.09,3854,1,Philippines,3,False
Rwanda,Type F5,Plasma,ThetaBase Services,2,5,flexible,2,False,False,2430,3854,26513,100,10,9,9,9,9,9,3,0.08,3854,1,Philippines,3,False
Rwanda,Type V5,Quantum,ThetaBase Services,1,2,strict,1,False,False,1650,38729,66811,96,10,10,10,10,9,10,79,2.09,38729,1,Maldives,1,True
Micronesia,Type G0,Plasma,ThetaBase Services,0,4,strict,2,True,False,2690,11567,66049,100,9,8,9,9,9,8,2,0.06,11567,1,Niger,31,True
United Kingdom,Type X3,Quantum,ThetaBase Services,1,2,flexible,1,False,False,1325,4265,40216,96,10,10,10,10,10,10,12,0.32,4265,1,Palestinian Territory,2,True
Marshall Islands,Type F5,Quantum,ThetaBase Services,1,2,strict,1,False,False,1221,38479,33646,100,10,8,10,10,10,10,1,0.22,38479,1,Russian Federation,2,True
Barbados,Type O3,Nuclear,ThetaBase Services,1,1,flexible,1,False,False,1234,6959,47705,80,7,8,10,9,10,8,6,0.89,6959,0.95,Slovakia (Slovak Republic),20,True
Uzbekistan,Type V5,Quantum,ThetaBase Services,1,1,strict,1,True,False,1325,27186,57517,91,9,10,10,9,9,9,203,5.31,27186,1,Zimbabwe,7,True
Uzbekistan,Type V5,Quantum,ThetaBase Services,1,2,strict,1,True,False,1325,27186,31461,90,9,10,10,10,9,9,223,5.82,27186,1,Zimbabwe,7,True
Nicaragua,Type V5,Quantum,ThetaBase Services,1,2,flexible,1,False,False,1975,39986,49436,91,9,9,9,9,9,9,8,0.21,39986,1,Isle of Man,2,True
United Kingdom,Type V5,Quantum,ThetaBase Services,1,3,strict,1,True,False,1611,48334,74848,83,9,8,10,10,9,8,152,3.97,48334,1,Guinea,12,False
United Kingdom,Type V5,Quantum,ThetaBase Services,1,2,strict,1,True,False,1559,48334,9270,78,8,8,9,9,9,8,134,3.53,48334,1,Guinea,12,False
Indonesia,Type F5,Quantum,ThetaBase Services,1,2,strict,1,False,False,1260,43048,65439,97,10,10,10,10,9,10,25,0.8,43048,1,France,1,True
Bosnia and Herzegovina,Type F5,Plasma,ThetaBase Services,7,7,flexible,7,False,False,9970,27732,21666,100,10,10,10,10,8,9,4,0.17,27732,1,Puerto Rico,3,True
Malta,Type F5,Plasma,ThetaBase Services,2,6,strict,3,False,False,2690,32362,16056,97,10,9,10,10,10,9,49,2.32,32362,1,Marshall Islands,4,True
Switzerland,Type V5,Plasma,ThetaBase Services,2,4,moderate,2,False,False,1780,13074,9929,100,10,10,10,10,10,10,10,0.43,13074,1,Turks and Caicos Islands,1,True
Switzerland,Type F5,Quantum,ThetaBase Services,1,2,strict,0,False,False,1390,41771,15952,98,10,10,10,10,9,10,29,0.76,41771,1,Turks and Caicos Islands,2,False
United Kingdom,Type V5,Plasma,ThetaBase Services,2,4,moderate,2,True,False,2118,29727,3079,89,9,9,9,10,10,9,59,1.54,29727,1,Senegal,2,False
Bouvet Island (Bouvetoya),Type V5,Quantum,ThetaBase Services,1,1,strict,1,False,False,1247,42470,9473,99,10,10,10,10,10,10,64,2.35,42470,1,Malawi,2,False
Switzerland,Type F5,Plasma,ThetaBase Services,3,6,strict,3,False,False,1845,26519,18604,91,9,9,10,10,9,9,38,1.04,26519,1,Turks and Caicos Islands,2,True
Uzbekistan,Type V5,Quantum,ThetaBase Services,1,2,moderate,1,False,False,1169,33911,56384,94,10,9,10,10,10,10,13,2.34,33911,1,Kiribati,2,True
Micronesia,Type V5,Plasma,ThetaBase Services,3,7,strict,6,False,False,6512,13546,35713,100,10,10,10,10,10,9,4,0.12,13546,1,Rwanda,15,False
Barbados,Type V5,Plasma,ThetaBase Services,0,2,strict,0,False,False,2300,45546,30028,87,9,9,10,9,9,9,14,0.39,45546,1,Cape Verde,19,True
Niue,Type V5,Plasma,ThetaBase Services,1,4,strict,2,False,False,2105,41364,21069,97,10,9,10,10,9,10,38,1.01,41364,1,Guinea,1,True
Barbados,Type V5,Plasma,ThetaBase Services,0,2,strict,1,False,False,2495,45546,37218,86,9,9,10,10,10,9,10,0.36,45546,1,Cape Verde,19,True
Nicaragua,Type V5,Plasma,ThetaBase Services,0,3,strict,2,False,False,2495,45546,64923,97,10,10,10,10,10,10,35,0.94,45546,1,Cape Verde,19,True
Russian Federation,Type V5,Plasma,ThetaBase Services,1,1,strict,1,False,False,1598,10754,5271,98,10,9,10,10,9,10,10,0.75,10754,1,Russian Federation,1,False
Malta,Type F5,Plasma,ThetaBase Services,2,6,strict,3,False,False,2417,32362,13669,96,10,9,10,10,10,10,33,2.41,32362,1,Marshall Islands,4,True
Guinea,Type V5,Plasma,ThetaBase Services,1,3,strict,2,True,False,3080,13674,21239,90,10,8,9,10,9,9,8,0.22,13674,0.9,Fiji,2,True
United Kingdom,Type V5,Plasma,ThetaBase Services,1,3,moderate,1,False,False,2170,22418,10404,97,10,10,10,10,10,9,37,2.19,22418,1,Senegal,1,True
Nicaragua,Type E3,Quantum,ThetaBase Services,1,2,strict,1,False,False,1715,11730,70132,99,10,10,10,10,10,10,80,2.19,11730,1,Isle of Man,1,True
United Kingdom,Type V5,Plasma,ThetaBase Services,2,4,moderate,2,False,False,2690,15394,73356,99,10,10,10,10,10,10,18,0.49,15394,1,Tunisia,2,True
Russian Federation,Type V5,Quantum,ThetaBase Services,1,1,moderate,1,False,False,1247,40181,35095,96,10,9,10,10,9,10,20,0.55,40181,1,Russian Federation,2,True
Micronesia,Type V5,Plasma,ThetaBase Services,0,2,strict,1,False,False,2560,13546,19807,100,10,10,10,10,10,10,1,0.04,13546,1,Rwanda,15,False
Malta,Type O3,Quantum,ThetaBase Services,1,2,flexible,1,True,False,1650,46607,27655,97,10,10,10,10,10,10,187,4.95,46607,1,Brazil,4,False
Micronesia,Type V5,Plasma,ThetaBase Services,1,2,strict,1,True,False,2170,27435,46243,89,9,9,9,10,10,9,12,0.34,27435,1,Rwanda,1,True
Indonesia,Type F5,Quantum,ThetaBase Services,1,2,flexible,2,False,False,1390,31124,43943,91,9,9,10,9,9,10,7,0.18,31124,1,France,3,False
Barbados,Type O3,Nuclear,ThetaBase Services,1,1,flexible,1,False,False,1221,6959,52578,79,8,8,10,10,10,8,21,0.59,6959,0.95,Slovakia (Slovak Republic),20,True
Uzbekistan,Type O3,Quantum,ThetaBase Services,1,2,moderate,1,False,False,1169,33911,33097,88,9,8,10,9,9,9,16,0.93,33911,1,Kiribati,2,True
Indonesia,Type F5,Quantum,ThetaBase Services,1,2,flexible,0,False,False,1260,31124,34199,95,10,10,10,10,9,10,4,0.11,31124,1,France,3,False
Micronesia,Type V5,Plasma,ThetaBase Services,2,6,strict,4,False,False,4042,13546,63884,94,9,10,9,10,10,9,14,0.37,13546,1,Rwanda,15,False
Costa Rica,Type V5,Nuclear,"Banks, Wood and Phillips",1,2,flexible,1,True,False,1520,16476,56548,90,9,9,10,10,9,9,2,0.05,16476,0.86,Micronesia,1,False
Malta,Type V5,Plasma,ThetaBase Services,2,4,strict,2,False,False,2170,5642,41791,94,10,10,10,10,10,10,53,1.4,5642,1,El Salvador,1,True
Micronesia,Type V5,Plasma,ThetaBase Services,4,8,strict,7,False,False,5602,13546,55164,96,10,10,10,10,10,10,16,0.46,13546,1,Rwanda,15,False
Micronesia,Type V5,Plasma,ThetaBase Services,1,4,strict,3,False,False,2950,13546,22559,93,9,10,9,10,10,10,3,0.12,13546,1,Rwanda,15,False
Indonesia,Type O3,Quantum,ThetaBase Services,1,2,strict,1,False,False,1455,16648,34473,100,10,10,10,10,10,10,2,0.05,16648,1,France,1,True
Bouvet Island (Bouvetoya),Type V5,Plasma,ThetaBase Services,1,2,moderate,1,False,False,2040,38842,58433,100,10,10,10,10,10,10,3,0.25,38842,1,Uzbekistan,1,False
Micronesia,Type V5,Plasma,ThetaBase Services,2,5,strict,3,False,False,3470,13546,58509,90,10,10,9,10,9,10,2,0.05,13546,1,Rwanda,15,False
Gambia,Type F5,Quantum,ThetaBase Services,1,2,strict,1,False,False,1169,23710,10345,94,10,10,10,10,10,10,7,0.19,23710,1,Gambia,5,False
Micronesia,Type V5,Plasma,ThetaBase Services,1,3,strict,1,True,False,3145,19958,67449,80,9,7,10,10,10,8,3,0.08,19958,1,Congo,40,True
United Kingdom,Type F5,Quantum,ThetaBase Services,2,2,flexible,2,False,False,1208,43620,69126,93,10,9,10,10,10,10,9,0.24,43620,1,Denmark,1,False
Sao Tome and Principe,Type V5,Plasma,ThetaBase Services,1,2,moderate,1,False,False,1546,16257,38087,98,10,10,10,10,9,10,24,0.67,16257,1,Turkmenistan,1,True
United Kingdom,Type N0,Nuclear,ThetaBase Services,1,4,moderate,4,False,False,1143,39126,76473,80,8,8,9,9,9,9,43,1.19,39126,1,Guinea,9,False
Estonia,Type F5,Plasma,ThetaBase Services,2,4,flexible,2,False,False,2170,39355,56445,100,10,10,10,10,10,10,1,0.65,39355,0.8,Zimbabwe,2,True
Rwanda,Type V5,Plasma,ThetaBase Services,1,2,moderate,1,False,False,1702,40059,70706,91,10,9,10,10,9,9,29,0.78,40059,0.83,Svalbard & Jan Mayen Islands,1,True
Bouvet Island (Bouvetoya),Type V5,Plasma,ThetaBase Services,1,2,moderate,1,False,False,2170,42285,20821,99,10,10,10,10,10,10,38,1.02,42285,1,Chile,1,True
United Kingdom,Type N0,Nuclear,ThetaBase Services,1,8,moderate,8,False,False,1117,39126,34418,80,8,8,9,9,9,8,166,4.43,39126,1,Guinea,9,False
Marshall Islands,Type F5,Quantum,ThetaBase Services,1,2,strict,1,False,False,1325,26813,69642,82,7,9,9,10,9,8,10,0.29,26813,1,Russian Federation,1,True
United Kingdom,Type V5,Plasma,ThetaBase Services,1,2,strict,1,False,False,2105,4906,35212,86,9,8,9,10,9,8,13,0.35,4906,1,Senegal,2,True
Micronesia,Type V5,Plasma,ThetaBase Services,3,7,strict,6,False,False,4510,13546,52003,95,10,10,10,10,9,9,24,0.7,13546,1,Rwanda,15,False
Micronesia,Type V5,Plasma,ThetaBase Services,2,5,moderate,0,False,False,3444,8225,7822,94,9,10,10,10,10,9,52,1.46,8225,0.95,Barbados,31,False
Micronesia,Type V5,Plasma,ThetaBase Services,1,3,strict,1,True,False,2807,8225,50358,97,10,10,10,10,9,9,63,1.72,8225,0.95,Barbados,31,False
United Kingdom,Type F5,Quantum,ThetaBase Services,1,2,strict,2,False,False,1234,42567,34921,88,10,8,10,10,9,9,5,0.14,42567,1,Palestinian Territory,1,False
Bouvet Island (Bouvetoya),Type V5,Quantum,ThetaBase Services,1,2,strict,1,True,False,1845,24844,26498,96,10,9,10,10,10,9,162,4.29,24844,1,Uzbekistan,6,False
Nicaragua,Type F5,Plasma,ThetaBase Services,1,2,moderate,1,False,False,2014,17380,4147,97,10,10,10,10,9,10,55,1.47,17380,0.5,Jersey,1,True
Micronesia,Type G0,Plasma,ThetaBase Services,1,2,strict,1,True,False,3015,11567,45789,84,8,9,9,9,10,8,11,0.3,11567,1,Niger,31,True
Malta,Type V2,Plasma,ThetaBase Services,3,6,moderate,4,True,False,4900,343,29958,100,10,10,10,10,10,10,18,0.69,343,1,Brazil,2,True
United Kingdom,Type V5,Plasma,ThetaBase Services,2,4,moderate,2,True,False,2300,28985,18201,94,10,9,10,10,9,10,82,2.2,28985,1,Monaco,1,True
Barbados,Type G0,Plasma,ThetaBase Services,1,2,strict,2,False,False,3470,13546,52490,96,10,10,10,10,10,9,21,0.59,13546,1,Rwanda,15,False
Malta,Type V5,Quantum,ThetaBase Services,1,2,strict,1,False,False,1975,17754,66434,89,9,9,10,10,9,9,76,2.06,17754,1,Mauritania,1,False
Marshall Islands,Type V5,Nuclear,ThetaBase Services,1,2,flexible,1,False,False,1390,29324,72256,100,10,10,10,10,10,9,2,0.07,29324,0.86,Russian Federation,2,False
Nicaragua,Type L7,Quantum,"Banks, Wood and Phillips",1,2,flexible,1,False,False,1546,21277,74079,97,10,10,10,10,10,10,21,0.56,21277,1,Isle of Man,1,True
Malta,Type V2,Quantum,ThetaBase Services,1,3,strict,1,False,False,1494,35032,28291,98,10,9,10,10,9,10,58,1.59,35032,0.9,Afghanistan,1,True
Nicaragua,Type V5,Plasma,ThetaBase Services,2,6,strict,3,False,False,4575,19943,35120,73,8,9,9,9,10,7,4,0.12,19943,0.63,Isle of Man,34,False
Gambia,Type F5,Quantum,ThetaBase Services,2,1,strict,1,True,False,1156,25488,55350,97,9,10,10,10,9,10,47,1.26,25488,1,Gambia,1,True
Micronesia,Type V5,Plasma,ThetaBase Services,1,3,strict,1,False,False,2144,32161,63665,97,10,9,10,10,10,10,30,0.83,32161,1,Nicaragua,5,True
Malta,Type V5,Plasma,ThetaBase Services,1,2,moderate,1,False,False,1650,1941,67151,100,10,9,10,10,9,10,3,0.1,1941,1,El Salvador,1,True
Rwanda,Type V5,Plasma,ThetaBase Services,1,2,strict,1,False,False,2495,45546,36908,92,10,10,9,10,10,9,16,0.43,45546,1,Cape Verde,19,True
Gambia,Type F5,Quantum,ThetaBase Services,2,1,strict,1,False,False,1156,25488,23542,95,10,9,10,10,9,10,68,1.97,25488,1,Gambia,1,True
Malta,Type V5,Quantum,Warwick Technology Multinational,1,1,flexible,0,False,False,1221,17632,72100,97,10,10,10,10,9,10,28,0.76,17632,0.71,Afghanistan,1,True
Barbados,Type G0,Plasma,ThetaBase Services,2,4,strict,4,False,False,3977,13546,64969,89,9,9,10,10,10,9,17,0.5,13546,1,Rwanda,15,False
United Kingdom,Type V5,Quantum,ThetaBase Services,1,2,strict,1,True,False,1273,12508,36797,97,10,10,10,10,9,10,93,2.56,12508,0.7,Holy See (Vatican City State),3,True
United Kingdom,Type N0,Nuclear,ThetaBase Services,1,4,moderate,4,False,False,1143,39126,205,80,8,8,9,9,9,8,28,0.77,39126,1,Guinea,9,False
Barbados,Type O3,Nuclear,ThetaBase Services,1,1,flexible,1,False,False,1234,6959,57878,84,9,8,10,9,10,9,11,0.33,6959,0.95,Slovakia (Slovak Republic),20,True
Russian Federation,Type V5,Plasma,ThetaBase Services,1,4,moderate,1,False,False,2560,35386,22004,86,9,9,9,9,10,9,35,1.12,35386,1,Venezuela,1,False
Russian Federation,Type V5,Plasma,ThetaBase Services,3,6,moderate,4,False,False,2430,35762,75040,100,10,10,10,10,10,10,5,0.14,35762,0.86,Russian Federation,1,False
Russian Federation,Type F5,Quantum,Warwick Technology Multinational,1,2,moderate,1,True,False,1390,15959,1077,98,10,10,10,10,9,9,27,0.8,15959,1,Russian Federation,2,True
Rwanda,Type V5,Quantum,ThetaBase Services,1,2,strict,1,False,False,1533,48455,56622,95,10,9,10,9,10,10,9,0.26,48455,0.89,Uzbekistan,20,True
Russian Federation,Type V5,Plasma,ThetaBase Services,1,2,moderate,1,False,False,1897,11194,17354,97,10,10,9,10,10,10,49,1.32,11194,1,Russian Federation,1,True
Rwanda,Type F5,Quantum,ThetaBase Services,1,3,flexible,1,False,False,1377,33222,30107,63,7,7,8,7,9,7,9,0.25,33222,0.67,Croatia,1,False
Nicaragua,Type V5,Plasma,ThetaBase Services,2,6,strict,2,True,False,2027,20411,18730,84,9,8,9,10,9,8,73,2.01,20411,1,Pakistan,4,True
United Kingdom,Type N0,Nuclear,ThetaBase Services,1,6,moderate,6,False,False,1117,39126,3197,81,8,8,9,9,9,8,113,3.03,39126,1,Guinea,9,False
United Kingdom,Type N0,Nuclear,ThetaBase Services,1,6,moderate,6,False,False,1130,39126,53941,78,8,8,9,9,9,8,136,3.66,39126,1,Guinea,9,False
Marshall Islands,Type F5,Quantum,ThetaBase Services,1,2,moderate,1,False,False,1338,49961,75347,99,10,10,10,10,10,10,19,0.53,49961,1,Russian Federation,3,True
Malta,Type V5,Plasma,ThetaBase Services,1,4,flexible,4,False,False,2495,48487,4196,100,10,10,10,10,10,10,1,0.03,48487,1,Tunisia,2,True
Nicaragua,Type V5,Quantum,ThetaBase Services,1,1,flexible,1,False,False,1312,9759,19796,98,10,10,10,10,10,10,24,0.67,9759,1,Isle of Man,1,True
Anguilla,Type V2,Quantum,ThetaBase Services,1,1,flexible,1,False,False,1130,35444,1037,97,10,9,10,10,10,10,15,0.92,35444,1,Anguilla,1,False
Malta,Type V5,Quantum,ThetaBase Services,1,2,flexible,1,False,False,1507,30684,3000,70,8,6,9,10,9,7,2,0.07,30684,1,Niue,2,True
Russian Federation,Type V5,Plasma,ThetaBase Services,1,2,strict,1,False,False,2430,23194,63246,100,10,10,10,10,10,10,51,1.42,23194,1,Ecuador,1,True
Rwanda,Type V2,Quantum,ThetaBase Services,1,2,moderate,1,True,False,1520,15860,51096,81,9,8,9,9,9,9,43,9.42,15860,1,Maldives,11,False
Malta,Type V5,Quantum,ThetaBase Services,1,2,strict,1,True,False,1520,48000,31342,100,10,10,10,10,10,10,1,0.06,48000,1,Afghanistan,1,False
Malta,Type F5,Plasma,ThetaBase Services,6,12,strict,10,False,False,7240,22321,17437,95,10,10,10,10,10,10,4,0.29,22321,1,United Kingdom,16,False
Bouvet Island (Bouvetoya),Type F5,Quantum,ThetaBase Services,1,2,flexible,1,False,False,1260,46956,57370,100,10,10,10,10,10,10,1,0.08,46956,0.63,Jersey,2,True
Indonesia,Type V5,Quantum,ThetaBase Services,1,2,strict,1,False,False,1390,34096,69083,100,10,10,10,10,10,10,1,0.04,34096,1,Andorra,10,False
Barbados,Type V5,Plasma,ThetaBase Services,1,2,strict,1,False,False,2430,20868,199,98,10,10,10,10,10,10,61,1.68,20868,1,Montserrat,2,True
Rwanda,Type V5,Quantum,ThetaBase Services,1,2,strict,1,False,False,1247,7252,43546,92,10,10,9,9,9,9,62,1.74,7252,1,Nicaragua,1,False
Malta,Type V2,Quantum,ThetaBase Services,1,2,moderate,1,False,False,1715,22229,51992,98,10,10,10,10,10,10,26,0.76,22229,1,Afghanistan,3,True
Micronesia,Type V5,Plasma,ThetaBase Services,1,2,moderate,1,False,False,4900,38762,62100,98,10,10,10,10,10,9,33,0.9,38762,1,Rwanda,1,False
Rwanda,Type V5,Quantum,ThetaBase Services,1,1,flexible,1,False,False,1208,20639,7982,96,10,10,10,10,9,10,15,0.42,20639,1,Nicaragua,1,False
Nicaragua,Type V5,Plasma,ThetaBase Services,1,2,moderate,1,False,False,3470,7670,38736,93,9,9,10,10,10,8,6,0.2,7670,1,Isle of Man,1,True
Barbados,Type V5,Plasma,ThetaBase Services,1,2,strict,1,False,False,2157,767,72463,98,10,10,10,10,10,10,41,1.15,767,1,Uganda,2,False
Russian Federation,Type F5,Plasma,ThetaBase Services,3,6,strict,3,False,False,4055,28828,47879,95,10,10,10,10,10,10,4,0.11,28828,1,Isle of Man,198,True
Nicaragua,Type V5,Plasma,ThetaBase Services,2,5,strict,2,False,False,2950,24128,43424,89,9,9,9,9,10,8,35,0.95,24128,0.54,Suriname,9,True
Bouvet Island (Bouvetoya),Type V5,Quantum,ThetaBase Services,0,1,moderate,1,False,False,1520,7972,19515,98,10,9,10,10,10,10,51,1.61,7972,1,Uzbekistan,2,True
Russian Federation,Type V5,Plasma,ThetaBase Services,1,4,strict,2,False,False,1650,33004,63391,95,10,10,10,10,10,9,16,0.45,33004,1,Russian Federation,2,True
United Kingdom,Type F5,Quantum,ThetaBase Services,1,2,flexible,1,True,False,1585,77,38400,89,9,9,10,10,10,9,14,0.38,77,0.5,Monaco,2,False
Bouvet Island (Bouvetoya),Type V5,Plasma,ThetaBase Services,1,3,strict,1,False,False,3470,24844,40105,94,10,9,10,10,10,9,102,2.86,24844,1,Uzbekistan,6,False
Niue,Type F5,Quantum,ThetaBase Services,1,3,flexible,2,True,False,1598,20891,25945,98,10,10,10,10,9,10,104,3.23,20891,1,Niue,2,True
Malta,Type V5,Plasma,ThetaBase Services,1,2,strict,1,False,False,2469,12133,23539,88,9,8,9,10,9,9,23,0.75,12133,1,Mexico,4,False
Rwanda,Type V5,Quantum,ThetaBase Services,1,2,flexible,1,False,False,1585,34016,42978,95,10,10,10,10,9,9,30,0.93,34016,1,Maldives,1,True
Nicaragua,Type V5,Quantum,ThetaBase Services,1,2,strict,2,False,False,2534,14419,4632,92,10,9,10,10,10,9,17,0.48,14419,0.92,Cuba,2,True
United Kingdom,Type V5,Plasma,ThetaBase Services,2,6,strict,5,True,False,1676,29926,30274,100,10,10,10,10,10,10,2,0.06,29926,0.67,Zimbabwe,7,True
Barbados,Type V5,Nuclear,ThetaBase Services,1,10,strict,10,False,False,1260,12598,20784,92,9,9,10,9,10,9,39,1.11,12598,1,Montserrat,3,False
Bouvet Island (Bouvetoya),Type V5,Plasma,ThetaBase Services,1,2,strict,1,True,False,1715,28828,11059,95,10,10,10,10,9,10,31,0.86,28828,1,Isle of Man,198,True
Russian Federation,Type V5,Quantum,ThetaBase Services,1,2,moderate,1,False,False,1416,1705,27677,98,10,9,10,10,9,10,36,0.99,1705,1,Russian Federation,2,True
Nicaragua,Type V5,Plasma,ThetaBase Services,3,8,strict,6,False,False,5550,37665,75534,98,10,9,10,10,10,10,9,0.26,37665,1,Wallis and Futuna,4,True
Uzbekistan,Type F5,Quantum,ThetaBase Services,1,1,moderate,1,True,False,1585,10747,55599,90,9,9,9,9,9,9,12,0.33,10747,1,Kiribati,2,True
Rwanda,Type F5,Plasma,ThetaBase Services,4,13,strict,7,True,False,2690,28828,51144,88,9,9,10,9,9,9,19,0.56,28828,1,Isle of Man,198,True
Russian Federation,Type V7,Plasma,ThetaBase Services,2,4,strict,4,False,False,2430,12738,42274,96,10,9,10,10,10,9,51,1.78,12738,1,Ecuador,2,True
Nicaragua,Type V5,Plasma,ThetaBase Services,2,5,strict,3,False,False,3990,37665,75237,93,10,10,10,10,10,9,16,0.46,37665,1,Wallis and Futuna,4,True
Bouvet Island (Bouvetoya),Type V5,Plasma,ThetaBase Services,1,4,strict,2,False,False,1910,4964,47710,98,10,10,10,10,9,10,8,0.26,4964,1,Malawi,1,True
Marshall Islands,Type F5,Quantum,ThetaBase Services,3,2,flexible,3,False,False,1390,29324,30029,98,10,10,10,10,10,10,42,1.3,29324,0.86,Russian Federation,2,False
Bouvet Island (Bouvetoya),Type V5,Plasma,ThetaBase Services,2,5,moderate,2,True,False,1975,46764,1273,100,10,10,10,10,10,10,1,0.03,46764,1,Chile,3,True
Kiribati,Type V5,Plasma,ThetaBase Services,1,4,strict,2,True,False,1767,32742,42602,97,10,9,10,10,10,10,46,1.34,32742,1,Nicaragua,3,True
Rwanda,Type V5,Plasma,ThetaBase Services,1,3,moderate,1,True,False,2014,23058,55205,95,10,10,10,10,9,10,42,1.21,23058,1,Philippines,1,False
Switzerland,Type F5,Plasma,ThetaBase Services,2,4,moderate,3,False,False,3015,6894,325,80,10,6,10,10,10,8,1,0.03,6894,0.8,Estonia,47,True
Malta,Type V5,Quantum,ThetaBase Services,1,2,strict,1,False,False,1585,43178,65365,97,10,10,10,10,9,9,14,0.39,43178,1,Marshall Islands,2,False
Kiribati,Type V5,Quantum,ThetaBase Services,1,2,strict,1,False,False,1325,38267,42096,91,9,9,9,9,10,9,75,2.06,38267,0.9,United Kingdom,1,True
Nicaragua,Type V5,Plasma,ThetaBase Services,3,6,strict,5,False,False,3795,48896,51899,93,10,9,10,10,10,10,6,0.2,48896,1,Isle of Man,1,False
Anguilla,Type V5,Plasma,ThetaBase Services,3,5,strict,3,False,False,1637,26812,5682,94,10,10,10,10,9,9,57,1.59,26812,1,United Kingdom,1,True
Barbados,Type V5,Plasma,ThetaBase Services,3,8,strict,3,False,False,6005,3187,61350,95,10,10,9,9,10,9,52,1.46,3187,1,Tonga,2,True
Rwanda,Type V5,Plasma,ThetaBase Services,1,2,flexible,1,False,False,2105,6894,23792,100,10,10,10,10,10,10,2,0.06,6894,0.8,Estonia,47,True
Russian Federation,Type V5,Plasma,ThetaBase Services,1,4,strict,1,True,False,2820,5166,60615,97,10,10,10,10,10,9,6,0.2,5166,1,Ecuador,16,True
Russian Federation,Type V5,Plasma,ThetaBase Services,1,4,strict,1,True,False,2820,5166,55888,87,9,9,8,9,9,9,12,0.34,5166,1,Ecuador,16,True
Russian Federation,Type V5,Plasma,ThetaBase Services,2,5,strict,2,True,False,3275,5166,58898,95,10,10,8,9,9,9,11,0.35,5166,1,Ecuador,16,True
Russian Federation,Type V5,Plasma,ThetaBase Services,2,5,strict,2,True,False,3275,5166,55909,99,10,10,10,10,10,10,19,0.53,5166,1,Ecuador,16,True
Nicaragua,Type V5,Plasma,ThetaBase Services,2,6,strict,5,False,False,2534,29926,1335,86,9,8,9,10,10,9,45,1.23,29926,0.67,Zimbabwe,7,True
Russian Federation,Type F5,Plasma,ThetaBase Services,2,4,strict,2,False,False,1715,34285,65318,89,9,9,9,9,9,9,39,1.08,34285,1,Russian Federation,1,True
Barbados,Type V5,Plasma,ThetaBase Services,1,2,strict,1,False,False,2625,45546,56302,85,10,10,10,10,10,9,4,0.17,45546,1,Cape Verde,19,True
Bouvet Island (Bouvetoya),Type V5,Plasma,ThetaBase Services,1,2,strict,1,True,False,1780,28828,49435,80,9,9,8,10,9,9,2,0.06,28828,1,Isle of Man,198,True
Nicaragua,Type V5,Plasma,ThetaBase Services,2,6,strict,3,False,False,2443,17413,74814,96,10,10,9,9,10,9,93,2.62,17413,1,Isle of Man,2,True
Malta,Type V5,Plasma,ThetaBase Services,2,4,flexible,2,False,False,1780,29551,36128,93,10,9,10,10,9,10,9,0.25,29551,1,Mauritania,2,False
Rwanda,Type V5,Plasma,ThetaBase Services,2,3,moderate,2,False,False,1195,36896,25595,100,10,10,10,10,10,10,1,0.37,36896,0.5,Turkmenistan,1,False
Costa Rica,Type F5,Quantum,ThetaBase Services,1,1,moderate,1,False,False,1637,78,69604,100,10,10,10,10,10,10,6,3.16,78,1,Gambia,1,True
Nicaragua,Type V5,Plasma,ThetaBase Services,2,6,strict,5,True,False,2586,29926,69102,85,9,8,9,9,9,9,16,0.46,29926,0.67,Zimbabwe,7,True
Rwanda,Type V5,Plasma,ThetaBase Services,2,4,strict,2,False,False,2937,43115,64394,95,10,10,9,10,10,9,116,3.22,43115,1,Maldives,1,True
Russian Federation,Type V5,Quantum,ThetaBase Services,1,2,moderate,1,True,False,1390,23325,45099,98,10,10,10,10,10,10,42,1.2,23325,1,Russian Federation,2,True
Russian Federation,Type V5,Plasma,ThetaBase Services,2,4,strict,2,False,False,3210,28283,34784,93,10,9,10,10,10,9,51,1.42,28283,0.9,Ecuador,1,True
Barbados,Type V5,Quantum,ThetaBase Services,1,2,strict,1,False,False,1520,5181,32858,99,10,10,10,10,10,10,150,4.25,5181,1,Nicaragua,2,False
Barbados,Type V5,Plasma,ThetaBase Services,1,4,strict,2,False,False,2170,5181,63107,100,10,10,10,10,10,10,20,0.56,5181,1,Nicaragua,2,False
Malta,Type F5,Quantum,ThetaBase Services,1,3,strict,1,False,False,1390,10585,41476,96,10,10,10,10,10,10,38,1.43,10585,1,Niue,1,True
Bouvet Island (Bouvetoya),Type V5,Quantum,ThetaBase Services,1,2,strict,1,False,False,1260,21045,27470,100,10,10,10,10,10,10,2,0.06,21045,1,French Guiana,2,False
Malta,Type O3,Quantum,ThetaBase Services,1,2,flexible,2,False,False,1897,31805,52901,80,8,8,9,9,9,8,6,0.21,31805,0.99,Mauritania,20,False
Uzbekistan,Type F5,Quantum,ThetaBase Services,1,2,strict,1,False,False,1182,47181,5625,87,9,10,9,9,8,9,148,4.1,47181,0.93,Kiribati,5,True
Uzbekistan,Type F5,Quantum,ThetaBase Services,1,2,strict,1,False,False,1182,47181,48390,92,9,9,10,10,8,9,22,0.66,47181,0.93,Kiribati,5,True
Sao Tome and Principe,Type F5,Quantum,ThetaBase Services,1,2,moderate,1,False,False,1650,32836,59810,100,10,10,10,10,10,10,15,1.07,32836,1,Isle of Man,1,False
Uzbekistan,Type F5,Quantum,ThetaBase Services,1,2,strict,1,False,False,1182,47181,44286,92,10,10,9,9,9,10,15,0.42,47181,0.93,Kiribati,5,True
Uzbekistan,Type F5,Quantum,ThetaBase Services,1,2,strict,1,False,False,1182,47181,30021,89,9,10,9,10,8,9,9,0.27,47181,0.93,Kiribati,5,True
Uzbekistan,Type F5,Quantum,ThetaBase Services,1,2,strict,1,False,False,1182,47181,23457,70,7,7,7,9,8,7,4,0.45,47181,0.93,Kiribati,5,True
Estonia,Type V2,Plasma,ThetaBase Services,3,7,strict,4,False,False,1910,27186,27189,88,9,9,10,10,9,9,36,1.02,27186,1,Zimbabwe,7,True
Brazil,Type V5,Quantum,ThetaBase Services,1,2,strict,1,False,False,1091,7102,53999,86,9,8,9,9,9,9,45,1.3,7102,1,Vanuatu,4,True
Gambia,Type F5,Quantum,ThetaBase Services,1,1,flexible,1,False,False,1195,5301,15197,90,10,10,10,10,9,10,6,0.17,5301,0.7,Gambia,1,False
Uzbekistan,Type V5,Quantum,ThetaBase Services,1,2,flexible,1,False,False,1585,29052,55217,98,10,9,10,10,10,9,13,0.67,29052,1,Kiribati,1,False
Micronesia,Type G0,Plasma,ThetaBase Services,1,4,flexible,2,True,False,2755,11567,19176,94,9,9,10,10,10,9,10,0.31,11567,1,Niger,31,True
Nicaragua,Type L0,Plasma,ThetaBase Services,1,2,strict,0,False,False,2755,20714,45105,99,10,10,10,10,10,10,55,1.54,20714,1,Isle of Man,1,True
Malta,Type V5,Plasma,ThetaBase Services,2,4,moderate,2,True,False,2820,1236,48460,100,10,10,10,10,10,10,7,0.23,1236,1,Nauru,1,True
United Kingdom,Type N0,Nuclear,ThetaBase Services,1,8,moderate,8,True,False,1117,39126,66094,77,8,8,9,9,9,8,104,2.88,39126,1,Guinea,9,False
Nicaragua,Type V5,Plasma,ThetaBase Services,1,3,flexible,2,False,False,2105,30083,35876,80,10,10,8,8,10,8,1,0.03,30083,0,Barbados,1,True
Barbados,Type V5,Quantum,ThetaBase Services,2,4,strict,2,False,False,5420,14459,73358,95,10,10,10,10,10,10,18,0.99,14459,0.4,Ukraine,1,False
Bouvet Island (Bouvetoya),Type V5,Quantum,Warwick Technology Multinational,1,2,strict,1,False,False,1390,34688,21752,97,10,10,10,10,10,9,28,0.79,34688,1,Gambia,2,True
Bouvet Island (Bouvetoya),Type V5,Plasma,Warwick Technology Multinational,1,3,strict,1,False,False,1871,32161,17701,95,10,9,10,10,10,10,15,0.54,32161,1,Nicaragua,5,True
Micronesia,Type V5,Plasma,ThetaBase Services,2,4,strict,3,False,False,2287,46262,3005,92,10,10,10,10,9,9,45,1.28,46262,1,Kenya,1,True
Malta,Type V5,Plasma,ThetaBase Services,2,4,strict,2,False,False,2170,515,8451,95,10,10,9,10,9,9,60,1.87,515,1,Mauritania,1,False
Marshall Islands,Type V5,Quantum,ThetaBase Services,1,1,flexible,1,False,False,1221,25874,68583,98,10,10,10,10,10,10,27,2.89,25874,1,Malta,1,True
Malta,Type F5,Quantum,ThetaBase Services,1,3,flexible,1,True,False,1507,12542,4709,78,8,8,9,9,9,8,117,3.42,12542,0.98,Mauritania,19,True
Uzbekistan,Type F5,Quantum,ThetaBase Services,1,2,strict,1,True,False,1507,10747,30931,100,10,10,10,10,10,8,1,0.04,10747,1,Kiribati,2,True
Bouvet Island (Bouvetoya),Type V5,Quantum,ThetaBase Services,1,1,strict,1,True,False,1650,46530,73357,99,10,10,10,10,10,10,74,2.3,46530,0.9,Malawi,1,True
Faroe Islands,Type F5,Plasma,ThetaBase Services,3,8,strict,5,False,False,3470,19943,48847,80,10,4,10,10,8,8,1,0.55,19943,0.63,Isle of Man,34,False
Micronesia,Type V5,Plasma,ThetaBase Services,1,4,strict,1,True,False,2300,4446,22480,67,7,6,9,8,9,7,16,0.65,4446,1,Uganda,58,False
Russian Federation,Type V5,Plasma,ThetaBase Services,1,4,strict,1,True,False,1845,4446,41373,74,8,8,9,10,9,7,11,0.37,4446,1,Uganda,58,False
Brazil,Type V5,Plasma,ThetaBase Services,2,5,strict,2,False,False,1520,7102,33432,50,6,6,8,5,7,5,5,0.32,7102,1,Vanuatu,4,True
Bouvet Island (Bouvetoya),Type V5,Plasma,ThetaBase Services,1,2,strict,1,True,False,1780,28828,3461,96,10,10,10,10,9,10,31,0.9,28828,1,Isle of Man,198,True
Wallis and Futuna,Type V5,Plasma,ThetaBase Services,1,2,strict,1,True,False,2807,983,16607,80,8,8,9,8,10,7,7,0.27,983,1,Marshall Islands,1,False
Nicaragua,Type V5,Plasma,ThetaBase Services,1,2,flexible,1,False,False,2040,24353,24775,100,10,10,10,10,10,10,12,1.25,24353,1,Isle of Man,1,False
Malta,Type V5,Plasma,ThetaBase Services,2,4,strict,2,False,False,3405,27972,69462,93,9,9,9,9,10,9,20,0.63,27972,0.94,Brazil,27,False
Niue,Type V5,Quantum,ThetaBase Services,1,1,moderate,1,False,False,1195,39379,74960,96,10,10,10,10,9,10,40,1.15,39379,1,Guinea,1,False
Micronesia,Type V5,Quantum,ThetaBase Services,1,2,flexible,1,True,False,1637,48502,46820,88,8,9,10,10,10,9,272,8.32,48502,1,Nicaragua,11,True
Malta,Type F5,Quantum,ThetaBase Services,1,1,moderate,1,False,False,1780,12907,12356,95,10,10,10,10,9,10,5,0.69,12907,1,Marshall Islands,1,False
Bouvet Island (Bouvetoya),Type V5,Quantum,ThetaBase Services,1,1,strict,1,False,False,1481,27428,19723,94,10,10,10,10,10,10,146,4.26,27428,1,Uzbekistan,2,False
Malta,Type F5,Quantum,ThetaBase Services,1,3,flexible,2,True,False,1520,37908,28169,97,10,10,10,10,9,10,81,2.45,37908,1,Niue,1,True
Costa Rica,Type V5,Quantum,ThetaBase Services,1,2,flexible,1,False,False,1390,34906,7440,98,10,10,10,10,10,10,11,0.32,34906,1,Uzbekistan,1,True
Estonia,Type V5,Quantum,ThetaBase Services,1,1,strict,1,False,False,1260,13153,58511,100,10,10,10,10,10,10,1,0.23,13153,1,Zimbabwe,1,False
Rwanda,Type V5,Plasma,ThetaBase Services,1,3,strict,1,False,False,2677,48683,75068,97,10,9,10,10,10,9,36,1.12,48683,1,Uzbekistan,2,True
Barbados,Type V5,Quantum,ThetaBase Services,1,2,strict,1,False,False,1520,42119,43159,99,10,10,10,10,10,10,34,1.29,42119,1,Djibouti,2,True
United Kingdom,Type V5,Quantum,ThetaBase Services,1,2,strict,1,True,False,1390,6576,23938,94,10,10,10,10,9,10,196,5.75,6576,1,Gibraltar,3,True
Costa Rica,Type F5,Quantum,ThetaBase Services,1,2,flexible,2,False,False,1312,19144,49742,95,10,10,10,10,9,10,4,0.12,19144,1,San Marino,1,False
Uzbekistan,Type V5,Plasma,ThetaBase Services,1,2,strict,1,True,False,1780,28828,62570,92,9,9,9,10,9,9,101,2.95,28828,1,Isle of Man,198,True
Bouvet Island (Bouvetoya),Type V2,Quantum,ThetaBase Services,1,2,flexible,1,False,False,1403,12274,51421,95,10,9,10,10,10,10,40,1.15,12274,1,Lebanon,1,False
Gambia,Type F5,Quantum,ThetaBase Services,1,1,flexible,1,True,False,1260,12690,73242,93,9,10,9,9,9,9,32,1,12690,1,Gambia,4,True
Uzbekistan,Type F5,Quantum,ThetaBase Services,1,2,moderate,1,False,False,1403,26464,66548,93,10,9,10,10,10,9,69,1.97,26464,1,Kiribati,1,True
United Kingdom,Type V5,Quantum,Warwick Technology Multinational,1,2,moderate,1,False,False,1494,19457,42799,98,10,10,10,10,10,10,29,0.84,19457,0.7,Monaco,1,True
Rwanda,Type V7,Plasma,ThetaBase Services,1,2,strict,1,False,False,1897,19934,69445,100,10,10,10,10,10,10,5,0.14,19934,1,Svalbard & Jan Mayen Islands,2,True
Sao Tome and Principe,Type V5,Quantum,ThetaBase Services,1,2,moderate,1,False,False,1182,35776,59389,92,9,9,10,10,9,9,70,2.61,35776,1,Isle of Man,1,True
Micronesia,Type V5,Plasma,ThetaBase Services,3,6,moderate,4,False,False,4120,18077,66109,93,10,9,10,10,10,9,9,0.28,18077,1,Sao Tome and Principe,139,False
Malta,Type F5,Quantum,ThetaBase Services,1,2,moderate,1,False,False,1520,23870,7148,100,10,10,10,10,10,10,15,0.93,23870,1,Brazil,1,False
Bouvet Island (Bouvetoya),Type V5,Plasma,ThetaBase Services,1,2,strict,1,True,False,1780,28828,20897,95,10,10,10,10,10,10,22,0.64,28828,1,Isle of Man,198,True
Barbados,Type V5,Plasma,ThetaBase Services,2,4,strict,2,True,False,2040,37104,19831,94,10,10,10,10,9,10,67,1.94,37104,1,Bouvet Island (Bouvetoya),1,True
Micronesia,Type F5,Plasma,ThetaBase Services,2,4,strict,2,False,False,3015,40996,33022,98,10,9,10,10,9,10,45,1.29,40996,1,Kenya,1,False
Malta,Type V5,Quantum,ThetaBase Services,1,2,strict,1,False,False,1650,26681,30976,97,10,9,10,10,10,10,21,2.73,26681,1,Niue,1,False
Anguilla,Type V5,Plasma,ThetaBase Services,2,4,moderate,2,False,False,4510,44401,15919,100,10,10,10,10,10,10,27,0.83,44401,1,United Kingdom,1,True
Barbados,Type V5,Plasma,ThetaBase Services,2,7,strict,4,False,False,4510,10158,22191,90,9,9,10,10,10,9,26,0.78,10158,1,Ukraine,6,True
Russian Federation,Type V5,Plasma,ThetaBase Services,1,2,strict,1,False,False,2625,14010,35726,99,10,10,10,10,10,10,49,1.46,14010,1,Tonga,1,True
Rwanda,Type V5,Plasma,ThetaBase Services,1,5,strict,0,True,False,2300,46058,59126,90,9,9,9,9,9,10,23,0.71,46058,1,Turkmenistan,3,True
Niue,Type F5,Quantum,ThetaBase Services,1,2,flexible,1,False,False,1195,11137,64268,93,9,9,10,10,8,8,6,0.18,11137,0.8,Niue,2,True
Indonesia,Type F5,Plasma,ThetaBase Services,4,7,strict,6,False,False,3210,1526,61413,100,10,10,10,10,10,10,12,0.36,1526,1,France,1,True
Barbados,Type V5,Plasma,ThetaBase Services,2,7,strict,3,False,False,6330,10158,58240,97,10,9,10,10,10,10,46,1.41,10158,1,Ukraine,6,True
Malta,Type V5,Plasma,ThetaBase Services,2,4,strict,2,True,False,1910,28828,72791,88,9,8,10,10,10,9,22,0.65,28828,1,Isle of Man,198,True
Barbados,Type V5,Plasma,ThetaBase Services,1,2,strict,1,False,False,2430,2823,42060,97,10,9,10,10,10,10,26,0.78,2823,1,Vietnam,1,True
Costa Rica,Type F5,Quantum,ThetaBase Services,1,2,flexible,1,False,False,1390,48349,21163,97,10,10,10,10,9,10,20,0.69,48349,1,Isle of Man,2,False
Sao Tome and Principe,Type V5,Plasma,ThetaBase Services,3,6,flexible,3,False,False,2326,8716,21385,94,10,9,10,10,8,9,13,0.38,8716,0.8,Sao Tome and Principe,2,True
Bosnia and Herzegovina,Type V5,Plasma,ThetaBase Services,1,3,strict,2,True,False,1845,12123,10493,85,9,9,9,9,9,9,12,0.35,12123,0.8,Puerto Rico,8,True
Micronesia,Type V5,Plasma,ThetaBase Services,2,5,moderate,2,False,False,4120,33860,2622,95,10,10,10,10,10,10,56,1.76,33860,1,Niger,1,False
Niue,Type V5,Quantum,ThetaBase Services,1,1,flexible,1,False,False,1208,21323,45242,90,9,8,9,9,9,10,2,0.08,21323,1,Guinea,2,True
Barbados,Type G0,Plasma,ThetaBase Services,3,6,strict,0,False,False,11270,7652,63938,98,10,10,10,10,10,10,26,0.89,7652,0.89,Venezuela,2,False
Malta,Type F5,Plasma,ThetaBase Services,5,11,strict,8,False,False,3470,35948,58442,100,10,10,10,10,10,10,3,0.09,35948,1,Brazil,8,False
United Kingdom,Type V5,Quantum,"Banks, Wood and Phillips",1,2,moderate,0,False,False,1377,5659,73182,98,10,10,10,10,9,10,33,1.01,5659,1,Tanzania,1,True
Gambia,Type F5,Quantum,ThetaBase Services,1,2,flexible,2,True,False,1390,12690,67577,95,10,10,9,9,8,10,8,0.26,12690,1,Gambia,4,True
Barbados,Type V5,Plasma,ThetaBase Services,2,6,strict,2,True,False,5355,19958,11332,73,8,7,9,8,10,8,14,0.41,19958,1,Congo,40,True
Russian Federation,Type V5,Quantum,ThetaBase Services,1,2,strict,1,True,False,1247,37293,49058,96,10,10,10,10,9,10,50,1.48,37293,0.92,Russian Federation,15,False
Faroe Islands,Type Z6,Quantum,ThetaBase Services,1,2,flexible,1,False,False,1481,4732,17688,97,10,10,10,10,10,10,14,0.44,4732,0.8,Micronesia,2,True
Barbados,Type V5,Quantum,ThetaBase Services,1,2,strict,1,True,False,1845,28520,34533,96,10,10,10,10,10,10,177,5.33,28520,1,Slovakia (Slovak Republic),2,True
Niue,Type F5,Quantum,ThetaBase Services,1,1,flexible,1,False,False,1117,11137,486,94,10,9,10,10,10,9,7,0.21,11137,0.8,Niue,2,True
United Kingdom,Type V5,Quantum,ThetaBase Services,1,2,moderate,1,False,False,1780,24052,74741,99,10,10,10,10,10,10,64,2.05,24052,1,Guinea,1,True
Rwanda,Type V5,Plasma,ThetaBase Services,1,4,strict,1,False,False,2170,13212,60239,100,10,10,10,10,10,10,17,0.58,13212,1,Zimbabwe,12,True
Anguilla,Type V5,Plasma,ThetaBase Services,1,1,strict,1,False,False,1520,22646,64334,100,10,10,10,10,9,10,9,0.29,22646,1,Anguilla,1,True
Barbados,Type F5,Plasma,ThetaBase Services,3,7,strict,3,False,False,4705,27972,69080,88,9,10,9,9,9,9,10,0.29,27972,0.94,Brazil,27,False
Barbados,Type V5,Quantum,ThetaBase Services,1,2,flexible,1,False,False,1767,30284,2333,96,10,10,10,10,10,9,113,3.36,30284,1,Montserrat,1,False
Barbados,Type V5,Plasma,ThetaBase Services,2,5,strict,5,False,False,2495,4330,68194,93,9,9,10,10,10,9,6,0.2,4330,0.94,Ukraine,60,True
Nicaragua,Type V5,Plasma,ThetaBase Services,2,4,moderate,2,False,False,2820,34559,10836,89,10,9,10,9,10,9,15,0.57,34559,1,Isle of Man,1,True
Niue,Type V5,Plasma,ThetaBase Services,2,3,moderate,2,False,False,1845,29609,66985,98,10,10,10,10,10,10,8,0.29,29609,1,Niue,1,True
Costa Rica,Type V5,Quantum,ThetaBase Services,1,2,moderate,1,False,False,1390,3483,25549,96,10,10,10,10,9,10,47,1.39,3483,1,Micronesia,4,True
Russian Federation,Type V5,Quantum,ThetaBase Services,1,2,strict,1,False,False,1650,18168,33305,94,10,9,10,10,10,10,33,1.04,18168,0.95,Ecuador,3,False
Niue,Type V2,Quantum,ThetaBase Services,1,2,flexible,1,True,False,2105,22451,73013,95,10,9,10,10,10,9,37,1.17,22451,1,Guinea,1,False
United Kingdom,Type V5,Plasma,ThetaBase Services,1,2,flexible,1,False,False,1910,19246,33749,99,10,10,10,10,10,10,27,0.82,19246,1,Monaco,1,True
Barbados,Type V5,Plasma,ThetaBase Services,2,6,moderate,3,False,False,5485,27811,67520,94,9,10,10,10,10,9,53,1.61,27811,1,Ukraine,4,True
Rwanda,Type G0,Plasma,ThetaBase Services,1,3,strict,1,True,False,2872,37646,47572,93,10,9,9,9,10,9,6,0.2,37646,1,Estonia,60,False
Rwanda,Type G0,Plasma,ThetaBase Services,1,3,strict,1,True,False,2625,37646,65150,91,9,9,10,10,10,9,10,0.34,37646,1,Estonia,60,False
Wallis and Futuna,Type F5,Quantum,ThetaBase Services,1,2,moderate,1,False,False,1780,46668,76441,99,10,10,10,10,10,10,100,2.97,46668,1,Malta,2,True
Rwanda,Type F5,Quantum,ThetaBase Services,2,4,strict,3,False,False,2430,17120,64161,99,10,10,10,10,10,10,16,0.71,17120,1,Uzbekistan,2,True
United Kingdom,Type G0,Plasma,ThetaBase Services,2,5,strict,2,True,False,3028,37646,50189,60,7,7,6,6,8,8,5,0.16,37646,1,Estonia,60,False
Rwanda,Type G0,Plasma,ThetaBase Services,2,5,strict,2,True,False,3028,37646,49627,80,6,8,9,9,8,7,3,0.86,37646,1,Estonia,60,False
Nicaragua,Type F5,Plasma,ThetaBase Services,4,6,strict,4,False,False,3730,28828,51074,95,9,9,10,10,10,9,13,0.38,28828,1,Isle of Man,198,True
Micronesia,Type V2,Plasma,ThetaBase Services,2,4,strict,2,True,False,4120,31244,34678,98,10,9,10,10,10,9,51,1.5,31244,0.57,Niger,4,True
Malta,Type V5,Plasma,ThetaBase Services,1,2,strict,1,False,False,1780,998,75859,95,9,9,10,10,9,9,47,1.46,998,0.6,Niue,1,True
Marshall Islands,Type F5,Quantum,ThetaBase Services,1,1,flexible,0,False,False,1390,4486,14935,100,10,10,10,10,10,10,10,0.34,4486,1,Russian Federation,1,True
Nicaragua,Type V5,Plasma,ThetaBase Services,2,4,strict,2,False,False,2807,45546,76569,92,9,9,10,10,10,9,21,0.66,45546,1,Cape Verde,19,True
Rwanda,Type V5,Quantum,ThetaBase Services,1,2,moderate,1,False,False,1416,45221,6650,97,10,10,10,10,10,9,13,0.5,45221,1,Turkmenistan,1,True
United Kingdom,Type V5,Quantum,ThetaBase Services,1,2,strict,1,False,False,1299,12508,74746,96,10,10,9,10,9,10,11,0.33,12508,0.7,Holy See (Vatican City State),3,True
Niue,Type V5,Quantum,ThetaBase Services,1,2,strict,1,False,False,1468,48671,56375,93,9,9,9,10,9,9,60,1.89,48671,1,Guinea,3,True
Sao Tome and Principe,Type F5,Plasma,ThetaBase Services,2,3,moderate,2,False,False,2170,41507,29296,99,10,10,10,10,9,10,18,0.78,41507,1,Sao Tome and Principe,1,True
Barbados,Type V5,Plasma,ThetaBase Services,2,4,strict,2,False,False,3275,27972,11195,90,9,10,10,9,10,10,4,0.13,27972,0.94,Brazil,27,False
Rwanda,Type V5,Plasma,ThetaBase Services,2,6,moderate,3,True,False,2391,30985,24132,92,9,8,10,10,10,9,47,1.43,30985,1,Uzbekistan,5,False
Wallis and Futuna,Type V5,Plasma,ThetaBase Services,1,2,strict,1,False,False,2430,27972,51388,78,8,10,9,9,9,8,12,0.42,27972,0.94,Brazil,27,False
Malta,Type V5,Plasma,ThetaBase Services,1,4,strict,2,False,False,2690,42534,28272,98,10,10,10,10,10,10,38,1.14,42534,1,Marshall Islands,2,True
Nicaragua,Type F5,Quantum,ThetaBase Services,1,2,flexible,1,False,False,1585,39110,72985,94,9,9,10,10,10,10,18,0.61,39110,1,Jersey,1,True
United Kingdom,Type V5,Quantum,ThetaBase Services,1,2,flexible,1,False,False,1234,36298,3758,100,10,10,10,10,10,10,2,0.12,36298,0,Malta,1,True
Rwanda,Type V5,Plasma,ThetaBase Services,1,4,moderate,2,False,False,1780,46258,75134,81,9,8,9,9,8,8,38,1.17,46258,1,Philippines,1,True
Barbados,Type O3,Quantum,ThetaBase Services,1,4,flexible,4,False,False,2274,6959,8284,67,6,7,10,10,10,7,10,0.32,6959,0.95,Slovakia (Slovak Republic),20,True
Bouvet Island (Bouvetoya),Type F5,Quantum,ThetaBase Services,1,1,moderate,1,False,False,1390,44146,6612,99,10,9,10,10,10,10,15,0.62,44146,0.36,Malawi,2,True
Bosnia and Herzegovina,Type V5,Plasma,ThetaBase Services,1,2,strict,1,False,False,2625,27972,16250,83,9,9,9,9,9,9,6,0.31,27972,0.94,Brazil,27,False
Barbados,Type V5,Plasma,ThetaBase Services,0,1,flexible,1,True,False,1468,31749,52735,73,8,8,9,9,9,8,174,5.2,31749,1,Uganda,9,True
Russian Federation,Type V5,Plasma,ThetaBase Services,1,2,strict,1,True,False,2365,17303,44600,96,10,10,9,10,10,10,16,0.93,17303,1,Russian Federation,5,True
Barbados,Type V5,Plasma,ThetaBase Services,3,6,strict,3,False,False,4770,3391,49347,90,10,9,9,9,9,9,21,0.66,3391,1,Iran,58,True
Barbados,Type V5,Plasma,ThetaBase Services,1,3,moderate,2,True,False,1637,47361,46261,89,10,10,10,10,10,9,58,2.19,47361,1,Barbados,10,False
Malta,Type V5,Plasma,ThetaBase Services,1,3,strict,1,False,False,2625,19139,10758,100,10,10,10,10,9,10,48,1.42,19139,1,Mauritania,1,False
Barbados,Type V5,Plasma,ThetaBase Services,0,3,flexible,1,True,False,1910,31749,48380,78,8,8,9,9,10,8,146,4.44,31749,1,Uganda,9,True
United Kingdom,Type V5,Plasma,ThetaBase Services,1,2,moderate,1,False,False,1455,36733,4893,91,10,9,10,10,10,9,9,0.29,36733,1,Tanzania,1,True
Bouvet Island (Bouvetoya),Type V5,Plasma,ThetaBase Services,1,4,strict,2,False,False,2235,27428,3239,92,10,9,10,10,9,9,20,0.6,27428,1,Uzbekistan,2,False
Anguilla,Type V5,Plasma,ThetaBase Services,1,4,strict,2,False,False,1585,40599,41493,90,9,8,10,10,9,9,44,1.6,40599,1,United Kingdom,1,True
Barbados,Type V5,Quantum,ThetaBase Services,1,2,strict,1,False,False,1910,3503,51215,99,10,10,10,10,10,10,29,1.96,3503,1,Ukraine,2,True
Barbados,Type V5,Plasma,ThetaBase Services,1,3,strict,2,False,False,1897,18272,50853,80,8,8,9,9,10,8,111,3.31,18272,0.9,Vietnam,3,False
Micronesia,Type V5,Plasma,ThetaBase Services,3,8,strict,6,False,False,5810,33179,40459,98,10,10,10,10,10,10,25,0.89,33179,1,Rwanda,13,False
Malta,Type V2,Quantum,ThetaBase Services,1,2,strict,1,True,False,1533,28398,297,79,9,9,9,9,9,8,57,1.72,28398,1,El Salvador,7,True
Bouvet Island (Bouvetoya),Type V5,Plasma,ThetaBase Services,2,4,flexible,2,False,False,2625,38078,32037,80,8,8,8,6,6,8,1,0.03,38078,1,Uzbekistan,2,True
Barbados,Type V5,Plasma,ThetaBase Services,0,3,flexible,1,True,False,1910,31749,17400,76,8,8,9,9,10,8,167,4.97,31749,1,Uganda,9,True
United Kingdom,Type F5,Quantum,ThetaBase Services,1,2,flexible,1,True,False,1507,35367,57450,99,10,10,10,10,10,10,20,0.66,35367,1,Malta,1,True
Uzbekistan,Type V5,Plasma,ThetaBase Services,1,2,moderate,1,False,False,2040,47565,42542,95,10,10,10,10,9,9,48,1.48,47565,1,Kiribati,1,True
Rwanda,Type G0,Plasma,ThetaBase Services,1,3,strict,1,True,False,2872,37646,17693,93,9,10,10,10,9,10,7,0.33,37646,1,Estonia,60,False
United Kingdom,Type V5,Plasma,ThetaBase Services,2,4,strict,2,True,False,2170,6576,41368,92,10,10,10,9,9,9,10,0.34,6576,1,Gibraltar,3,True
Costa Rica,Type F5,Quantum,ThetaBase Services,1,4,strict,2,False,False,1780,13033,32608,85,9,8,9,9,9,8,30,0.9,13033,0.8,Moldova,3,True
Nicaragua,Type V5,Plasma,ThetaBase Services,2,6,moderate,3,True,False,2781,22191,41938,87,9,9,9,9,9,9,72,2.15,22191,1,Cape Verde,2,False
Nicaragua,Type V5,Plasma,ThetaBase Services,2,6,moderate,3,True,False,2820,22191,17444,87,9,10,9,9,9,9,62,1.94,22191,1,Cape Verde,2,False
Estonia,Type V5,Quantum,ThetaBase Services,1,2,flexible,1,False,False,1195,415,18780,99,10,10,10,10,9,10,97,2.93,415,1,Zimbabwe,1,False
Russian Federation,Type V5,Plasma,ThetaBase Services,1,2,strict,1,True,False,1845,28828,47911,100,10,10,10,10,10,10,6,0.18,28828,1,Isle of Man,198,True
Nicaragua,Type Z6,Plasma,ThetaBase Services,0,4,strict,0,False,False,2950,29084,75525,99,10,10,10,10,10,10,19,1.46,29084,1,Mexico,2,True
Rwanda,Type V5,Quantum,ThetaBase Services,1,2,strict,1,False,False,1364,38098,20766,94,10,10,10,10,9,9,66,1.99,38098,1,Zimbabwe,7,True
Uzbekistan,Type V5,Plasma,ThetaBase Services,1,4,strict,2,False,False,2040,40434,27074,87,9,9,9,10,9,9,67,2.08,40434,0.5,Kiribati,1,False
Barbados,Type V5,Plasma,ThetaBase Services,2,4,strict,2,False,False,3015,13553,14999,87,9,9,10,10,10,9,20,0.6,13553,0.93,Vietnam,5,False
Rwanda,Type V5,Quantum,ThetaBase Services,1,2,strict,1,False,False,1299,38098,2824,95,10,9,10,10,9,10,63,1.93,38098,1,Zimbabwe,7,True
United Kingdom,Type N0,Nuclear,ThetaBase Services,1,6,moderate,6,False,False,1130,39126,50149,79,9,8,9,9,9,8,100,3.1,39126,1,Guinea,9,False
Barbados,Type V5,Quantum,ThetaBase Services,1,7,strict,3,False,False,2560,12403,63720,84,9,8,10,9,10,9,174,5.36,12403,0.92,Vietnam,3,True
Barbados,Type V5,Quantum,ThetaBase Services,1,3,strict,1,False,False,2027,12403,62526,78,9,8,9,9,10,8,183,5.52,12403,0.92,Vietnam,3,True
Barbados,Type V5,Quantum,ThetaBase Services,1,3,strict,2,False,False,2027,12403,11105,84,9,9,9,9,10,9,151,4.51,12403,0.92,Vietnam,3,True
Costa Rica,Type V5,Plasma,ThetaBase Services,2,4,moderate,2,False,False,2404,3483,9811,98,10,9,10,10,9,9,11,0.54,3483,1,Micronesia,4,True
Barbados,Type V5,Plasma,ThetaBase Services,0,3,flexible,1,True,False,1910,31749,23385,72,8,7,9,9,9,8,145,4.35,31749,1,Uganda,9,True
Barbados,Type V5,Plasma,ThetaBase Services,0,3,flexible,2,True,False,1910,31749,3822,76,8,8,9,9,10,8,207,6.21,31749,1,Uganda,9,True
Sao Tome and Principe,Type G0,Quantum,ThetaBase Services,1,2,strict,1,True,False,1858,19842,11922,84,8,8,9,9,8,9,35,1.09,19842,0.85,Turkmenistan,53,False
Sao Tome and Principe,Type G0,Quantum,ThetaBase Services,1,2,strict,1,True,False,1780,19842,10902,83,9,9,9,8,8,9,28,0.87,19842,0.85,Turkmenistan,53,False
Indonesia,Type G0,Quantum,ThetaBase Services,1,2,strict,1,True,False,1858,19842,41992,90,9,9,9,9,8,9,4,0.15,19842,0.85,Turkmenistan,53,False
Chad,Type F5,Quantum,ThetaBase Services,1,2,flexible,1,False,False,1169,13301,50711,88,10,8,10,10,8,9,29,0.96,13301,1,Togo,2,False
Sao Tome and Principe,Type G0,Quantum,ThetaBase Services,1,2,strict,1,True,False,1858,19842,21541,83,9,9,8,8,9,9,48,1.5,19842,0.85,Turkmenistan,53,False
Barbados,Type V5,Plasma,ThetaBase Services,0,2,flexible,1,True,False,1780,31749,10148,72,8,7,9,9,10,8,205,6.19,31749,1,Uganda,9,True
Bouvet Island (Bouvetoya),Type V5,Plasma,ThetaBase Services,1,4,moderate,2,False,False,1650,6784,38689,94,10,9,10,10,9,10,33,1.28,6784,1,Lebanon,1,True
Barbados,Type V5,Plasma,ThetaBase Services,0,3,flexible,1,True,False,1910,31749,18701,78,9,8,9,9,10,8,159,4.81,31749,1,Uganda,9,True
Kiribati,Type V5,Quantum,ThetaBase Services,1,1,strict,0,False,False,1351,3816,59082,95,10,9,10,10,10,10,67,2.02,3816,1,United Kingdom,1,True
United Kingdom,Type V5,Quantum,ThetaBase Services,1,1,moderate,2,True,False,1650,8579,61261,98,10,10,10,10,10,10,8,0.66,8579,1,Lithuania,2,False
Gambia,Type V5,Plasma,ThetaBase Services,2,4,strict,2,False,False,1845,36319,7179,98,10,10,10,10,9,10,47,2.88,36319,0.75,France,2,True
Sao Tome and Principe,Type G0,Quantum,ThetaBase Services,1,2,strict,1,True,False,1910,19842,60716,77,8,8,9,8,8,8,23,0.71,19842,0.85,Turkmenistan,53,False
Sao Tome and Principe,Type G0,Quantum,ThetaBase Services,1,2,strict,1,True,False,1910,19842,42492,82,9,8,9,9,9,9,43,1.33,19842,0.85,Turkmenistan,53,False
Sao Tome and Principe,Type G0,Quantum,ThetaBase Services,1,2,strict,1,True,False,1910,19842,22378,83,9,8,9,9,9,9,55,1.72,19842,0.85,Turkmenistan,53,False
Sao Tome and Principe,Type G0,Quantum,ThetaBase Services,1,2,strict,1,True,False,1910,19842,65982,85,9,9,9,9,8,9,62,1.89,19842,0.85,Turkmenistan,53,False
Sao Tome and Principe,Type G0,Quantum,ThetaBase Services,1,2,strict,1,True,False,1910,19842,24142,86,9,9,9,8,9,9,64,1.99,19842,0.85,Turkmenistan,53,False
Sao Tome and Principe,Type G0,Quantum,ThetaBase Services,1,2,strict,1,True,False,1910,19842,52337,82,9,9,9,9,9,9,22,0.68,19842,0.85,Turkmenistan,53,False
Sao Tome and Principe,Type G0,Quantum,ThetaBase Services,1,2,strict,1,True,False,1884,19842,22584,81,8,8,9,8,9,8,20,0.63,19842,0.85,Turkmenistan,53,False
Sao Tome and Principe,Type G0,Quantum,ThetaBase Services,1,2,strict,1,True,False,1910,19842,14097,86,9,9,10,10,9,9,7,0.22,19842,0.85,Turkmenistan,53,False
United Kingdom,Type V5,Plasma,ThetaBase Services,2,4,strict,2,False,False,2053,26596,2958,89,9,9,10,10,10,10,7,0.24,26596,0.6,Jersey,2,True
Sao Tome and Principe,Type G0,Plasma,ThetaBase Services,1,2,strict,1,True,False,2235,19842,36084,79,8,8,8,9,8,8,32,0.98,19842,0.85,Turkmenistan,53,False
Sao Tome and Principe,Type G0,Plasma,ThetaBase Services,1,2,strict,1,True,False,2235,19842,14540,87,9,9,9,9,9,9,45,1.38,19842,0.85,Turkmenistan,53,False
Sao Tome and Principe,Type G0,Quantum,ThetaBase Services,1,2,strict,1,True,False,1390,19842,61169,83,9,8,9,9,8,9,35,1.06,19842,0.85,Turkmenistan,53,False
Sao Tome and Principe,Type S7,Quantum,ThetaBase Services,1,2,strict,1,True,False,1377,19842,74666,86,9,9,9,9,9,9,29,0.88,19842,0.85,Turkmenistan,53,False
Sao Tome and Principe,Type G0,Quantum,ThetaBase Services,1,2,strict,1,True,False,1858,19842,53873,86,9,8,8,8,9,9,37,1.13,19842,0.85,Turkmenistan,53,False
Rwanda,Type V5,Plasma,ThetaBase Services,3,6,strict,3,False,False,2391,38098,54683,91,10,10,10,10,9,9,39,1.43,38098,1,Zimbabwe,7,True
Barbados,Type V5,Plasma,ThetaBase Services,0,2,flexible,1,True,False,1780,31749,70575,73,8,8,9,9,9,8,176,5.46,31749,1,Uganda,9,True
Uzbekistan,Type V5,Plasma,ThetaBase Services,1,3,moderate,1,True,False,13870,25485,13385,93,10,9,10,10,8,10,15,0.48,25485,1,Kiribati,1,False
Micronesia,Type O3,Quantum,ThetaBase Services,1,4,flexible,2,False,False,1910,8707,49591,86,9,9,10,10,10,9,31,0.98,8707,0.73,Rwanda,21,True
Barbados,Type V5,Plasma,ThetaBase Services,0,3,flexible,2,True,False,1910,31749,50557,75,8,8,9,9,9,8,186,5.65,31749,1,Uganda,9,True
Niue,Type O3,Quantum,"Banks, Wood and Phillips",1,2,flexible,1,False,False,1390,48305,51399,91,10,9,10,10,10,10,7,0.23,48305,1,Guinea,2,True
Wallis and Futuna,Type F5,Plasma,ThetaBase Services,5,10,strict,8,False,False,5745,33669,16443,95,10,9,10,10,10,9,19,0.61,33669,1,Malta,2,True
Micronesia,Type V5,Quantum,ThetaBase Services,1,2,flexible,1,True,False,1871,48502,31383,92,9,9,10,10,10,9,241,7.37,48502,1,Nicaragua,11,True
Micronesia,Type V5,Quantum,ThetaBase Services,1,2,flexible,0,False,False,2300,48502,64720,90,9,9,10,10,10,9,170,5.23,48502,1,Nicaragua,11,True
Malta,Type V5,Plasma,ThetaBase Services,2,7,strict,3,False,False,3457,24026,60302,80,10,8,4,9,10,8,2,0.38,24026,0.98,Cape Verde,69,True
Barbados,Type O3,Nuclear,ThetaBase Services,1,1,flexible,1,False,False,1234,6959,12036,77,8,7,9,9,9,8,6,0.19,6959,0.95,Slovakia (Slovak Republic),20,True
Russian Federation,Type V5,Plasma,ThetaBase Services,2,6,moderate,3,False,False,2950,15080,44130,92,10,9,10,10,10,10,13,0.41,15080,1,Venezuela,3,False
Wallis and Futuna,Type F5,Plasma,ThetaBase Services,4,8,strict,7,False,False,5875,18088,1849,98,10,10,10,10,10,10,50,1.63,18088,1,Marshall Islands,3,True
Niue,Type F5,Quantum,ThetaBase Services,1,1,moderate,1,False,False,1221,2667,13503,88,8,9,10,9,9,9,5,0.16,2667,1,Niue,3,False
Bouvet Island (Bouvetoya),Type V5,Plasma,ThetaBase Services,1,5,strict,2,False,False,2677,24026,7942,80,10,9,8,10,9,8,2,0.9,24026,0.98,Cape Verde,69,True
Brazil,Type F5,Quantum,ThetaBase Services,1,2,moderate,0,False,False,1104,26361,4971,97,10,10,10,10,9,10,128,4.07,26361,1,Vanuatu,3,False
Russian Federation,Type V5,Quantum,ThetaBase Services,1,2,strict,1,True,False,1845,38163,44287,96,10,10,10,10,10,10,113,3.5,38163,1,Venezuela,3,False
Isle of Man,Type F5,Quantum,ThetaBase Services,1,1,flexible,1,False,False,1104,17679,53821,98,10,10,10,10,10,10,44,1.37,17679,1,Togo,1,False
Barbados,Type F5,Plasma,ThetaBase Services,4,8,strict,5,True,False,5160,29382,4506,96,10,10,10,10,9,10,62,1.99,29382,1,Ghana,4,False
Niue,Type V2,Quantum,ThetaBase Services,1,2,flexible,1,False,False,1390,9586,49111,98,10,10,10,10,10,10,35,1.2,9586,1,Guinea,2,True
Nicaragua,Type G0,Plasma,ThetaBase Services,1,3,strict,1,True,False,2872,37646,61957,75,10,10,6,7,10,8,4,0.13,37646,1,Estonia,60,False
United Kingdom,Type V5,Plasma,ThetaBase Services,2,4,strict,2,False,False,2820,34096,55245,100,10,10,10,10,10,10,1,0.03,34096,1,Andorra,10,False
Barbados,Type V5,Plasma,ThetaBase Services,1,2,moderate,1,False,False,3405,16859,74987,97,10,10,10,10,10,9,38,1.18,16859,1,Slovakia (Slovak Republic),1,True
Bouvet Island (Bouvetoya),Type V5,Plasma,ThetaBase Services,1,6,strict,3,False,False,3067,24026,76599,80,9,9,7,10,10,9,7,0.27,24026,0.98,Cape Verde,69,True
Micronesia,Type O3,Quantum,ThetaBase Services,1,3,flexible,3,False,False,1780,8707,29663,89,9,9,10,10,10,9,28,0.87,8707,0.73,Rwanda,21,True
Micronesia,Type O3,Quantum,ThetaBase Services,1,2,flexible,2,False,False,1585,8707,21646,85,9,8,10,10,10,9,39,1.2,8707,0.73,Rwanda,21,True
Micronesia,Type O3,Quantum,ThetaBase Services,1,4,flexible,4,False,False,1975,8707,26517,87,9,9,10,9,10,9,30,0.93,8707,0.73,Rwanda,21,True
Micronesia,Type O3,Quantum,ThetaBase Services,1,3,flexible,2,False,False,1780,8707,73688,83,9,8,10,10,10,9,26,0.83,8707,0.73,Rwanda,21,True
Malta,Type V5,Plasma,ThetaBase Services,2,7,strict,3,False,False,3457,24026,25342,87,10,9,9,10,10,9,6,0.34,24026,0.98,Cape Verde,69,True
Micronesia,Type O3,Quantum,ThetaBase Services,1,2,flexible,1,False,False,1585,8707,58003,76,8,8,9,9,10,8,9,0.28,8707,0.73,Rwanda,21,True
United Kingdom,Type V5,Quantum,ThetaBase Services,1,2,strict,1,False,False,1325,18912,19510,99,10,10,10,10,10,10,74,2.37,18912,1,Gibraltar,1,False
Malta,Type V5,Plasma,ThetaBase Services,1,5,strict,2,False,False,3197,24026,56586,70,9,10,9,10,9,9,2,1.03,24026,0.98,Cape Verde,69,True
Russian Federation,Type V5,Quantum,ThetaBase Services,1,1,strict,1,True,False,1702,38163,40592,96,10,10,10,10,10,10,169,5.23,38163,1,Venezuela,3,False
Micronesia,Type V5,Plasma,ThetaBase Services,2,5,strict,3,False,False,3457,33179,32741,94,10,10,10,10,10,9,23,0.8,33179,1,Rwanda,13,False
Russian Federation,Type V5,Quantum,ThetaBase Services,1,2,strict,1,False,False,1507,32257,66862,94,10,10,10,10,10,9,117,3.72,32257,1,Russian Federation,2,True
Bouvet Island (Bouvetoya),Type V5,Plasma,ThetaBase Services,2,7,strict,3,False,False,3457,24026,55114,82,10,9,9,10,10,9,9,0.44,24026,0.98,Cape Verde,69,True
Micronesia,Type V5,Plasma,ThetaBase Services,2,5,strict,2,True,False,7305,19958,45680,90,9,9,10,9,10,9,26,0.8,19958,1,Congo,40,True
United Kingdom,Type V5,Quantum,ThetaBase Services,1,2,strict,1,False,False,1507,4820,71266,95,10,10,10,10,9,9,41,1.29,4820,1,Lithuania,2,True
Micronesia,Type V5,Plasma,ThetaBase Services,2,5,strict,0,True,False,5095,19958,63402,82,8,9,9,9,10,8,11,0.43,19958,1,Congo,40,True
Anguilla,Type X3,Plasma,ThetaBase Services,1,2,flexible,1,False,False,1715,30753,71019,95,10,10,10,10,9,10,51,1.7,30753,1,Anguilla,2,True
Russian Federation,Type F5,Quantum,ThetaBase Services,1,2,strict,1,False,False,1429,19581,5603,99,10,10,10,10,10,10,28,0.93,19581,1,Russian Federation,1,False
United Kingdom,Type F5,Quantum,ThetaBase Services,1,2,flexible,1,False,False,1325,16181,10217,98,10,9,10,10,9,10,49,1.54,16181,1,Tanzania,2,False
Marshall Islands,Type O3,Quantum,ThetaBase Services,1,1,flexible,1,False,False,1208,41592,52571,96,10,10,10,10,9,9,5,0.17,41592,1,Svalbard & Jan Mayen Islands,1,False
Barbados,Type F5,Plasma,ThetaBase Services,0,2,strict,1,False,False,1702,29807,43690,84,9,9,9,10,10,8,31,1.05,29807,1,Brazil,2,True
Malta,Type V2,Plasma,ThetaBase Services,2,4,moderate,2,False,False,2430,43057,61493,98,10,10,10,10,10,10,16,0.51,43057,1,Niue,1,True
Marshall Islands,Type E3,Plasma,ThetaBase Services,1,2,strict,1,False,False,1715,37594,40713,99,10,10,10,10,10,10,17,0.64,37594,1,Russian Federation,1,False
Barbados,Type V5,Plasma,ThetaBase Services,1,6,moderate,4,False,False,2547,38458,12013,93,10,10,10,10,10,9,63,2.02,38458,1,Montserrat,6,True
United Kingdom,Type N0,Nuclear,ThetaBase Services,1,6,moderate,6,True,False,1130,39126,65981,80,9,8,9,9,9,8,102,3.27,39126,1,Guinea,9,False
Barbados,Type V7,Plasma,ThetaBase Services,1,4,moderate,2,False,False,4120,36641,38539,98,10,10,10,10,10,10,47,1.59,36641,1,Vietnam,5,False
Russian Federation,Type V5,Plasma,ThetaBase Services,1,2,strict,1,False,False,3080,19943,6539,70,7,9,7,6,10,8,2,0.09,19943,0.63,Isle of Man,34,False
Micronesia,Type V5,Plasma,ThetaBase Services,1,2,strict,1,False,False,1845,10602,1000,90,9,9,10,10,10,9,23,0.73,10602,1,Niger,1,True
Barbados,Type V5,Plasma,ThetaBase Services,1,4,moderate,3,True,False,2027,38458,41470,92,10,10,9,10,10,9,56,1.75,38458,1,Montserrat,6,True
Russian Federation,Type V5,Quantum,ThetaBase Services,1,2,strict,1,False,False,1585,49048,56655,100,10,10,10,10,10,10,16,0.61,49048,1,Russian Federation,1,True
Malta,Type V5,Plasma,ThetaBase Services,1,2,strict,1,False,False,2040,27036,69613,96,10,10,10,10,10,10,55,1.96,27036,1,Marshall Islands,1,True
Rwanda,Type F5,Quantum,ThetaBase Services,1,2,strict,1,False,False,1455,23943,1682,96,10,10,10,10,10,10,5,0.16,23943,1,Nicaragua,2,True
United Kingdom,Type F5,Quantum,ThetaBase Services,1,2,strict,2,True,False,1364,43476,67610,99,10,10,10,10,10,10,55,1.77,43476,1,Gibraltar,2,True
United Kingdom,Type F5,Quantum,ThetaBase Services,1,2,strict,1,True,False,1442,43476,4010,100,10,10,10,10,10,10,7,0.42,43476,1,Gibraltar,2,True
Faroe Islands,Type F5,Quantum,ThetaBase Services,1,3,moderate,2,False,False,1702,21892,71732,98,10,10,10,10,10,10,41,1.28,21892,1,Micronesia,1,False
Russian Federation,Type V5,Quantum,ThetaBase Services,1,2,flexible,1,False,False,1806,34955,40911,97,10,10,10,10,10,10,30,0.96,34955,0.43,Russian Federation,1,True
Niue,Type V2,Quantum,ThetaBase Services,1,4,strict,2,True,False,1377,26780,31579,87,9,9,9,9,9,9,59,1.82,26780,1,Guinea,7,False
Niue,Type V5,Plasma,ThetaBase Services,1,2,strict,1,False,False,2040,31855,28110,98,10,10,10,10,10,9,41,1.29,31855,1,Kenya,2,True
Malta,Type V5,Plasma,ThetaBase Services,2,4,moderate,2,True,False,2560,20897,62393,93,9,9,10,10,9,9,16,0.5,20897,0,Mauritania,1,True
Russian Federation,Type V5,Plasma,ThetaBase Services,2,5,moderate,2,False,False,2586,45079,44530,97,10,10,10,10,10,10,77,2.41,45079,0.75,Tonga,1,True
Indonesia,Type V5,Plasma,ThetaBase Services,1,4,strict,1,False,False,1780,16706,47278,97,10,10,10,10,9,10,7,0.3,16706,1,France,1,True
Bouvet Island (Bouvetoya),Type V5,Quantum,ThetaBase Services,1,2,strict,1,False,False,1481,48218,2073,60,6,2,8,8,6,6,1,0.03,48218,1,Lebanon,1,True
Sao Tome and Principe,Type F5,Plasma,ThetaBase Services,4,8,moderate,3,False,False,4757,26159,26606,99,10,10,10,10,10,10,14,0.46,26159,1,Turkmenistan,1,True
Nicaragua,Type V5,Plasma,ThetaBase Services,2,4,moderate,2,False,False,3470,3476,64198,94,10,9,10,10,10,9,71,2.48,3476,1,Wallis and Futuna,1,False
Niue,Type F5,Quantum,ThetaBase Services,1,1,flexible,1,False,False,1234,29323,61510,94,10,9,10,10,9,10,74,2.37,29323,1,Guinea,3,False
Niue,Type F5,Quantum,ThetaBase Services,1,2,flexible,2,False,False,1273,29323,71094,95,10,9,10,10,10,9,24,0.82,29323,1,Guinea,3,False
Niue,Type F5,Quantum,ThetaBase Services,1,2,flexible,2,False,False,1221,29323,46184,92,10,9,10,10,9,10,68,2.31,29323,1,Guinea,3,False
United Kingdom,Type V5,Plasma,ThetaBase Services,2,4,strict,2,False,False,2820,37962,69125,98,10,10,10,10,10,10,49,1.59,37962,1,Gibraltar,1,True
Rwanda,Type V5,Quantum,ThetaBase Services,1,2,strict,1,False,False,1468,48455,10147,100,10,10,10,10,10,10,12,0.38,48455,0.89,Uzbekistan,20,True
Bouvet Island (Bouvetoya),Type V5,Quantum,ThetaBase Services,1,1,moderate,1,False,False,1650,7972,63947,97,10,9,10,10,10,10,31,1.03,7972,1,Uzbekistan,2,True
Malta,Type V5,Plasma,SIT Technology Unlimited,0,2,flexible,1,True,False,1546,41741,15529,89,9,9,10,10,10,9,62,1.94,41741,1,Brazil,9,True
Barbados,Type V5,Plasma,ThetaBase Services,2,4,strict,2,True,False,2300,3571,40090,99,10,9,10,10,9,10,25,0.95,3571,1,Bouvet Island (Bouvetoya),3,True
Rwanda,Type G0,Plasma,ThetaBase Services,1,2,strict,1,True,False,2872,37646,54623,86,9,10,9,9,10,9,14,0.64,37646,1,Estonia,60,False
Rwanda,Type G0,Plasma,ThetaBase Services,2,5,strict,2,True,False,3028,37646,44684,80,8,7,7,9,9,7,3,0.18,37646,1,Estonia,60,False
Micronesia,Type G0,Plasma,ThetaBase Services,0,4,strict,1,True,False,2820,11567,23905,93,10,10,10,10,10,9,3,0.1,11567,1,Niger,31,True
Bouvet Island (Bouvetoya),Type F5,Plasma,ThetaBase Services,1,4,moderate,2,False,False,1910,7710,44353,92,10,9,10,10,9,9,24,0.78,7710,1,French Guiana,1,True
Malta,Type V2,Quantum,ThetaBase Services,1,3,strict,2,True,False,1533,28398,39670,86,9,9,9,9,9,9,50,1.64,28398,1,El Salvador,7,True
Micronesia,Type V5,Plasma,ThetaBase Services,3,6,strict,4,False,False,5810,39263,2348,97,10,10,10,10,10,9,20,0.68,39263,1,Rwanda,2,True
Niue,Type V5,Plasma,ThetaBase Services,1,2,strict,1,True,False,1715,28828,44335,97,10,10,10,10,10,9,7,0.22,28828,1,Isle of Man,198,True
Costa Rica,Type V5,Plasma,ThetaBase Services,2,4,moderate,3,False,False,1455,49492,54996,96,10,10,10,10,9,9,12,0.38,49492,1,Jersey,1,True
Micronesia,Type V5,Plasma,ThetaBase Services,1,3,flexible,2,False,False,2040,8707,59457,86,9,9,9,10,10,9,7,0.23,8707,0.73,Rwanda,21,True
Bouvet Island (Bouvetoya),Type V2,Quantum,ThetaBase Services,1,2,flexible,1,False,False,1442,44853,56259,98,10,10,10,10,10,9,8,0.27,44853,1,Lebanon,2,False
Micronesia,Type V5,Plasma,ThetaBase Services,1,2,strict,1,False,False,2430,33557,71848,98,10,10,10,10,10,10,24,0.77,33557,0.9,Netherlands,2,True
Faroe Islands,Type V5,Plasma,ThetaBase Services,1,2,strict,1,False,False,1572,8042,34382,100,10,10,10,10,9,10,9,0.3,8042,1,Micronesia,1,True
Russian Federation,Type V5,Plasma,ThetaBase Services,1,2,strict,1,True,False,1975,28828,4498,92,10,10,10,10,10,10,48,1.53,28828,1,Isle of Man,198,True
Rwanda,Type V5,Plasma,ThetaBase Services,5,10,strict,5,True,False,3015,28828,35348,80,8,7,10,8,8,8,5,0.17,28828,1,Isle of Man,198,True
Barbados,Type V5,Plasma,ThetaBase Services,2,6,strict,3,False,False,6070,3391,49440,84,10,9,9,9,10,9,14,0.45,3391,1,Iran,58,True
Malta,Type V5,Quantum,"Banks, Wood and Phillips",1,2,moderate,1,True,False,1455,2548,29708,95,10,10,10,10,9,9,87,2.76,2548,0.97,Marshall Islands,3,False
Barbados,Type V5,Plasma,ThetaBase Services,1,2,strict,1,False,False,2430,31128,4028,99,10,10,10,10,10,10,24,0.77,31128,1,Montserrat,2,True
Sao Tome and Principe,Type V5,Quantum,ThetaBase Services,1,2,flexible,1,False,False,1260,8309,33653,99,10,10,10,10,9,10,53,1.68,8309,1,Brunei Darussalam,1,True
Russian Federation,Type V5,Plasma,ThetaBase Services,2,4,strict,2,False,False,4120,47734,12077,100,10,10,10,10,10,10,32,1.05,47734,1,Ecuador,1,True
Anguilla,Type F5,Plasma,ThetaBase Services,4,8,strict,8,False,False,2742,33190,75046,98,10,10,10,10,10,10,10,0.34,33190,0,Anguilla,1,True
Gambia,Type F5,Quantum,"Banks, Wood and Phillips",1,1,strict,2,False,False,1208,13723,52065,76,8,7,8,10,8,8,5,0.17,13723,1,Gambia,4,True
Kiribati,Type V5,Plasma,ThetaBase Services,0,2,strict,0,False,False,1780,10803,18322,92,10,9,10,10,10,9,10,0.33,10803,1,Nicaragua,1,False
Costa Rica,Type F5,Quantum,ThetaBase Services,1,1,flexible,1,True,False,1182,27430,5313,96,10,10,10,10,9,10,52,1.68,27430,1,Christmas Island,4,True
United Kingdom,Type V5,Plasma,ThetaBase Services,2,4,moderate,2,True,False,1663,17060,65100,96,10,10,10,10,10,10,23,0.74,17060,1,Monaco,1,False
Micronesia,Type V5,Plasma,ThetaBase Services,1,2,strict,1,False,False,2495,4267,20370,91,10,9,10,10,10,9,13,0.42,4267,1,Senegal,22,True
Gambia,Type V5,Plasma,ThetaBase Services,0,2,strict,1,False,False,1780,2515,69114,91,9,10,10,10,10,9,7,0.37,2515,1,France,1,True
Gambia,Type V5,Plasma,ThetaBase Services,1,3,strict,1,False,False,1780,326,29587,100,10,10,10,10,10,10,8,0.26,326,1,Gambia,1,True
Russian Federation,Type V2,Plasma,ThetaBase Services,2,4,strict,2,False,False,1910,32253,18696,100,10,10,10,10,10,10,9,0.3,32253,1,Gambia,1,True
Rwanda,Type V5,Plasma,ThetaBase Services,2,8,strict,5,False,False,3522,6894,73585,87,10,9,10,10,9,9,22,0.73,6894,0.8,Estonia,47,True
Niue,Type F5,Quantum,ThetaBase Services,1,1,strict,1,False,False,1208,9370,62629,84,9,8,10,9,9,9,32,1.03,9370,0.9,Niue,2,True
Costa Rica,Type V5,Plasma,ThetaBase Services,1,2,strict,1,True,False,1260,48649,68892,90,10,9,10,10,9,9,8,0.8,48649,1,Kiribati,2,False
Brazil,Type V5,Plasma,ThetaBase Services,1,4,moderate,2,False,False,1650,28469,34136,95,10,10,10,10,9,9,16,0.51,28469,1,Vanuatu,3,True
Malta,Type V5,Plasma,ThetaBase Services,2,4,moderate,2,False,False,2560,18077,49574,94,10,10,10,10,9,10,10,0.33,18077,1,Sao Tome and Principe,139,False
Nicaragua,Type V5,Plasma,ThetaBase Services,2,6,strict,3,False,False,3795,48339,56216,95,9,9,10,10,10,9,52,1.65,48339,1,Slovakia (Slovak Republic),2,False
Niue,Type F5,Plasma,ThetaBase Services,3,6,strict,4,False,False,2469,48305,33992,93,9,10,10,10,9,9,23,0.82,48305,1,Guinea,2,True
Micronesia,Type V5,Plasma,ThetaBase Services,0,4,strict,2,True,False,2820,27263,49027,50,2,2,2,10,9,4,2,0.07,27263,0.8,China,5,False
Gambia,Type F5,Quantum,Warwick Technology Multinational,1,2,strict,1,False,False,1234,13723,15261,88,9,7,9,10,9,8,11,0.36,13723,1,Gambia,4,True
Kenya,Type V5,Plasma,ThetaBase Services,1,2,strict,1,True,False,1507,27597,66499,97,10,10,10,10,9,10,87,2.83,27597,1,Portugal,7,True
Malta,Type V5,Plasma,ThetaBase Services,1,4,flexible,1,False,False,1910,8707,16134,92,10,10,9,10,10,9,18,0.59,8707,0.73,Rwanda,21,True
Micronesia,Type G0,Plasma,ThetaBase Services,1,4,strict,2,True,False,3080,11567,13214,83,8,9,9,9,9,8,6,0.19,11567,1,Niger,31,True
Gambia,Type O0,Plasma,ThetaBase Services,1,2,moderate,1,False,False,2040,20124,70378,98,10,10,10,10,10,10,97,3.13,20124,1,France,2,True
Micronesia,Type V5,Plasma,ThetaBase Services,1,4,strict,2,False,False,3405,12802,18709,96,10,10,10,10,10,10,53,1.7,12802,1,Niger,3,True
Barbados,Type V5,Plasma,ThetaBase Services,2,6,strict,2,False,False,4445,24128,67950,84,10,9,9,10,10,8,5,0.17,24128,0.54,Suriname,9,True
Micronesia,Type V5,Plasma,ThetaBase Services,1,4,strict,2,False,False,2300,32286,1254,95,10,10,10,10,10,10,20,0.95,32286,1,Kenya,2,True
Rwanda,Type V5,Plasma,ThetaBase Services,1,4,strict,2,True,False,2430,42502,57466,96,10,10,10,10,9,10,55,1.78,42502,1,Philippines,2,False
Malta,Type V5,Quantum,ThetaBase Services,1,1,strict,1,False,False,1585,9861,35757,97,10,10,10,10,9,10,26,0.95,9861,1,Guernsey,2,False
Gambia,Type V5,Quantum,ThetaBase Services,1,2,flexible,1,False,False,1364,46656,58935,90,8,10,9,9,9,9,5,0.17,46656,0.5,France,2,False
Nicaragua,Type V5,Plasma,ThetaBase Services,2,6,strict,3,False,False,3587,24026,5312,87,9,9,9,10,10,9,25,1.06,24026,0.98,Cape Verde,69,True
Niue,Type V5,Plasma,ThetaBase Services,2,2,strict,2,False,False,2040,47938,66905,100,10,10,10,10,10,10,1,0.06,47938,1,Niue,4,False
Malta,Type V5,Plasma,ThetaBase Services,1,5,strict,2,False,False,2677,24026,13163,89,9,9,7,10,9,9,7,0.63,24026,0.98,Cape Verde,69,True
United Kingdom,Type V5,Quantum,ThetaBase Services,1,2,flexible,1,True,False,1520,34096,8431,73,7,9,9,9,9,8,3,0.12,34096,1,Andorra,10,False
Guinea,Type V5,Quantum,ThetaBase Services,1,1,flexible,1,False,False,1585,29926,76573,100,10,10,10,10,10,10,1,0.03,29926,0.67,Zimbabwe,7,True
Micronesia,Type V5,Plasma,ThetaBase Services,1,4,strict,2,False,False,3197,24963,66317,91,9,9,10,9,10,9,70,2.39,24963,1,China,1,False
Niue,Type F5,Quantum,ThetaBase Services,1,2,flexible,2,False,False,1221,2667,34654,80,8,10,10,9,9,8,2,0.07,2667,1,Niue,3,False
United Kingdom,Type V5,Quantum,ThetaBase Services,1,1,flexible,1,False,False,1390,46949,2136,100,10,10,10,10,9,10,2,0.39,46949,1,Tunisia,4,False
Nicaragua,Type V5,Plasma,ThetaBase Services,1,5,strict,2,False,False,2677,24026,72302,88,10,10,10,10,9,9,19,0.83,24026,0.98,Cape Verde,69,True
Nicaragua,Type V5,Plasma,ThetaBase Services,3,9,strict,4,False,False,4237,24026,61575,90,9,9,10,10,9,9,21,1,24026,0.98,Cape Verde,69,True
Micronesia,Type V5,Plasma,ThetaBase Services,0,4,strict,2,True,False,2885,27263,76407,40,6,5,7,5,5,5,4,0.13,27263,0.8,China,5,False
Costa Rica,Type V5,Plasma,ThetaBase Services,2,4,strict,2,False,False,2495,27485,50060,84,9,8,10,10,9,9,5,0.16,27485,1,Uzbekistan,2,True
Micronesia,Type V5,Quantum,ThetaBase Services,1,2,strict,1,False,False,1403,36100,1618,96,10,10,10,10,10,10,94,3.04,36100,1,Rwanda,17,True
Malta,Type V5,Plasma,ThetaBase Services,2,7,strict,3,False,False,3457,24026,966,80,10,8,6,6,10,6,1,0.22,24026,0.98,Cape Verde,69,True
Malta,Type V5,Plasma,ThetaBase Services,2,7,strict,3,False,False,3457,24026,58871,85,9,9,8,9,9,8,11,0.6,24026,0.98,Cape Verde,69,True
Kiribati,Type F5,Quantum,ThetaBase Services,1,2,strict,1,False,False,1377,8862,9401,95,10,10,10,10,9,10,75,2.45,8862,1,Nicaragua,3,False
Malta,Type V2,Plasma,ThetaBase Services,4,7,moderate,7,False,False,2820,43593,48113,91,10,9,10,10,9,9,32,1.13,43593,1,Guernsey,1,True
Rwanda,Type V2,Quantum,ThetaBase Services,1,2,flexible,1,False,False,1390,33007,46144,92,10,9,10,10,10,9,15,1.05,33007,1,Croatia,1,True
Malta,Type V5,Plasma,ThetaBase Services,1,4,strict,2,False,False,2430,12718,8438,95,10,9,9,10,10,9,122,4.12,12718,1,Indonesia,2,False
Nicaragua,Type V5,Plasma,ThetaBase Services,2,6,strict,2,True,False,2625,30126,8636,89,9,9,9,10,10,9,37,1.21,30126,1,Togo,5,True
Micronesia,Type O3,Quantum,ThetaBase Services,1,2,flexible,2,False,False,1624,8707,2420,83,9,9,10,9,10,9,47,1.58,8707,0.73,Rwanda,21,True
Micronesia,Type N0,Quantum,ThetaBase Services,1,3,flexible,2,False,False,1624,8707,15091,85,9,9,10,9,10,9,31,1.08,8707,0.73,Rwanda,21,True
Malta,Type G0,Plasma,ThetaBase Services,1,4,strict,2,True,False,2040,19842,70066,79,9,9,8,8,8,8,35,1.15,19842,0.85,Turkmenistan,53,False
Nicaragua,Type F5,Quantum,ThetaBase Services,2,4,flexible,3,False,False,1910,40234,7442,98,10,9,10,10,10,10,101,3.28,40234,1,Isle of Man,1,False
Malta,Type V5,Plasma,ThetaBase Services,1,4,strict,2,False,False,2040,19842,29816,82,8,9,9,9,9,9,32,1.04,19842,0.85,Turkmenistan,53,False
Malta,Type V5,Quantum,ThetaBase Services,1,2,moderate,1,False,False,1520,15904,58537,90,10,7,10,10,10,10,2,0.07,15904,1,Afghanistan,2,False
Sao Tome and Principe,Type V5,Quantum,ThetaBase Services,0,1,strict,1,False,False,1247,1577,36968,70,6,6,6,9,7,7,2,0.44,1577,1,Peru,8,True
Russian Federation,Type G0,Plasma,ThetaBase Services,1,3,strict,1,True,False,2872,37646,50142,80,10,9,9,9,10,9,6,0.2,37646,1,Estonia,60,False
Barbados,Type V5,Plasma,ThetaBase Services,2,6,strict,3,False,False,2950,27090,50913,91,10,10,10,10,10,9,63,2.1,27090,1,Tonga,2,True
Nicaragua,Type V5,Plasma,ThetaBase Services,3,6,strict,3,False,False,4354,18993,420,95,10,10,10,10,10,9,13,0.44,18993,1,Reunion,2,True
Russian Federation,Type V5,Quantum,ThetaBase Services,1,2,moderate,1,False,False,1247,40181,21435,100,10,10,10,10,10,10,1,0.06,40181,1,Russian Federation,2,True
Micronesia,Type V5,Quantum,ThetaBase Services,1,1,flexible,1,False,False,1715,23356,70342,97,10,9,10,10,10,10,65,2.19,23356,1,Netherlands,1,False
Nicaragua,Type V5,Plasma,ThetaBase Services,1,4,moderate,2,False,False,1715,27162,12421,94,10,9,9,10,10,9,65,2.3,27162,1,Isle of Man,1,False
United Kingdom,Type F5,Plasma,ThetaBase Services,3,6,moderate,3,True,False,1975,14490,46279,87,9,9,10,10,8,9,24,0.82,14490,1,Denmark,1,True
United Kingdom,Type V5,Quantum,ThetaBase Services,1,3,strict,2,True,False,1624,48334,76710,83,9,8,10,10,9,9,111,3.89,48334,1,Guinea,12,False
United Kingdom,Type V5,Quantum,ThetaBase Services,1,3,strict,1,True,False,1572,48334,58574,79,9,8,9,9,9,8,106,3.81,48334,1,Guinea,12,False
Barbados,Type V5,Plasma,ThetaBase Services,1,2,strict,1,True,False,1832,39952,68852,78,8,8,8,8,10,8,21,0.71,39952,1,Tonga,21,False
United Kingdom,Type V5,Quantum,ThetaBase Services,1,2,strict,1,True,False,1559,48334,15977,73,8,7,9,9,9,8,101,3.43,48334,1,Guinea,12,False
Kiribati,Type V5,Plasma,ThetaBase Services,2,4,strict,2,True,False,2170,28828,45907,94,10,9,9,10,9,9,29,0.97,28828,1,Isle of Man,198,True
Malta,Type V5,Plasma,ThetaBase Services,2,7,strict,4,False,False,4120,40752,39780,94,9,9,10,10,9,9,10,0.39,40752,1,Tunisia,5,True
Sao Tome and Principe,Type G0,Quantum,ThetaBase Services,1,1,strict,1,True,False,1338,7981,53511,96,10,10,10,10,10,10,14,0.52,7981,1,Sao Tome and Principe,4,True
Malta,Type F5,Plasma,ThetaBase Services,4,8,moderate,6,False,False,5420,18077,66444,100,9,7,10,10,9,9,3,0.11,18077,1,Sao Tome and Principe,139,False
Switzerland,Type F5,Quantum,ThetaBase Services,1,1,moderate,1,False,False,1286,30031,75608,85,8,10,9,8,9,9,8,0.28,30031,1,Turks and Caicos Islands,2,True
Gambia,Type V5,Plasma,ThetaBase Services,1,3,moderate,1,False,False,1520,10700,58325,95,10,9,10,10,9,10,11,0.37,10700,1,Gambia,1,True
Russian Federation,Type V5,Plasma,ThetaBase Services,1,4,flexible,2,False,False,1910,9204,48350,90,10,9,10,9,9,9,2,0.07,9204,0.11,Russian Federation,1,True
Micronesia,Type V5,Quantum,ThetaBase Services,1,2,moderate,1,False,False,2170,46318,59893,90,10,9,10,9,10,10,2,0.07,46318,1,Rwanda,1,False
Costa Rica,Type V5,Plasma,ThetaBase Services,1,1,strict,1,False,False,1845,12980,64000,95,9,10,10,10,8,9,4,0.14,12980,1,Uzbekistan,3,True
Malta,Type V5,Quantum,ThetaBase Services,1,2,flexible,1,False,False,1195,9867,37727,95,10,9,10,10,9,10,18,0.65,9867,1,Guernsey,1,True
Micronesia,Type V2,Plasma,ThetaBase Services,3,6,strict,3,False,False,7578,8225,34217,98,10,10,10,10,10,10,11,0.37,8225,0.95,Barbados,31,False
Barbados,Type V5,Plasma,ThetaBase Services,2,4,moderate,2,False,False,2885,18077,66485,94,10,9,10,10,10,9,51,1.75,18077,1,Sao Tome and Principe,139,False
Nicaragua,Type V5,Plasma,ThetaBase Services,1,2,moderate,1,False,False,2560,18077,57562,95,10,10,9,10,10,10,38,1.29,18077,1,Sao Tome and Principe,139,False
Malta,Type V5,Plasma,ThetaBase Services,2,4,moderate,2,False,False,2560,18077,73502,93,10,9,10,10,10,9,9,0.31,18077,1,Sao Tome and Principe,139,False
Bouvet Island (Bouvetoya),Type F5,Plasma,ThetaBase Services,3,6,strict,3,False,False,4120,28828,60950,98,10,10,10,10,10,10,9,0.3,28828,1,Isle of Man,198,True
Barbados,Type V5,Plasma,ThetaBase Services,2,5,strict,3,False,False,4354,4330,67112,100,10,10,10,10,10,10,1,0.24,4330,0.94,Ukraine,60,True
Nicaragua,Type V5,Quantum,ThetaBase Services,1,1,strict,1,True,False,1650,12264,36605,84,8,7,9,9,10,9,29,0.99,12264,1,Slovakia (Slovak Republic),1,True
Barbados,Type V5,Plasma,ThetaBase Services,1,3,strict,1,False,False,2170,4330,49230,93,9,9,10,9,9,9,3,0.13,4330,0.94,Ukraine,60,True
Niue,Type F5,Quantum,ThetaBase Services,1,2,strict,1,False,False,1247,9370,54982,90,9,8,10,10,9,9,28,0.94,9370,0.9,Niue,2,True
Russian Federation,Type V5,Plasma,Warwick Technology Multinational,1,2,strict,1,False,False,1910,34688,1049,90,10,9,10,10,9,10,6,0.21,34688,1,Gambia,2,True
Rwanda,Type V5,Quantum,ThetaBase Services,1,1,flexible,1,True,False,1975,13240,30,100,10,10,10,10,10,10,1,0.05,13240,1,Estonia,1,True
Indonesia,Type F5,Quantum,ThetaBase Services,1,2,flexible,1,False,False,1455,5153,51826,95,10,10,10,10,9,9,19,0.65,5153,1,France,1,False
United Kingdom,Type N0,Nuclear,ThetaBase Services,1,3,moderate,3,False,False,1208,39126,30264,78,8,8,8,8,9,8,16,0.56,39126,1,Guinea,9,False
Barbados,Type V5,Quantum,ThetaBase Services,1,1,strict,1,False,False,1806,45512,41305,96,10,10,10,10,10,9,109,3.66,45512,1,Barbados,2,True
Bouvet Island (Bouvetoya),Type F5,Plasma,ThetaBase Services,2,6,strict,6,False,False,2170,24345,44711,98,10,10,10,10,9,10,13,0.45,24345,1,Lebanon,1,True
Micronesia,Type V5,Quantum,ThetaBase Services,1,2,flexible,0,True,False,1910,13589,33733,96,10,9,10,10,10,10,143,4.83,13589,1,China,1,False
Kiribati,Type F5,Plasma,ThetaBase Services,2,4,strict,2,False,False,2417,8862,64179,95,10,10,10,10,10,10,34,1.19,8862,1,Nicaragua,3,False
Bouvet Island (Bouvetoya),Type V5,Plasma,ThetaBase Services,2,4,strict,2,False,False,2170,23221,26909,96,9,10,10,9,10,9,21,0.89,23221,1,Chad,1,False
Barbados,Type V2,Plasma,ThetaBase Services,3,7,strict,4,False,False,3860,19943,61497,80,6,6,8,8,8,8,1,0.04,19943,0.63,Isle of Man,34,False
Bouvet Island (Bouvetoya),Type V5,Plasma,ThetaBase Services,3,5,strict,3,False,False,2625,8595,21723,100,10,10,10,10,10,10,3,0.1,8595,1,Lebanon,3,True
Bouvet Island (Bouvetoya),Type V5,Plasma,ThetaBase Services,2,7,strict,3,False,False,3457,24026,11762,70,8,9,6,6,9,8,2,0.13,24026,0.98,Cape Verde,69,True
Nicaragua,Type V5,Quantum,ThetaBase Services,1,1,strict,1,False,False,1351,36066,47749,90,9,9,9,10,9,9,40,1.45,36066,0.96,Isle of Man,2,True
Nicaragua,Type V5,Quantum,ThetaBase Services,1,2,strict,1,False,False,1455,36066,40246,90,9,9,10,9,9,9,35,1.24,36066,0.96,Isle of Man,2,True
Micronesia,Type V5,Plasma,ThetaBase Services,0,3,strict,2,True,False,3925,19958,40157,89,9,9,9,10,10,9,32,1.07,19958,1,Congo,40,True
Niue,Type F5,Quantum,ThetaBase Services,1,1,flexible,1,False,False,1195,11973,8529,100,10,10,10,10,10,9,3,0.1,11973,1,Niue,7,True
Micronesia,Type V5,Plasma,ThetaBase Services,0,2,strict,1,True,False,2690,48321,50825,67,5,7,7,8,8,7,3,0.11,48321,1,China,17,False
Micronesia,Type F5,Quantum,ThetaBase Services,1,2,strict,1,False,False,1975,23682,21920,97,10,10,10,10,10,9,15,0.55,23682,0.57,Uganda,4,False
Nicaragua,Type V5,Plasma,ThetaBase Services,2,6,strict,2,False,False,3600,41022,17633,94,10,10,10,10,10,9,72,2.45,41022,1,Cape Verde,3,True
Estonia,Type V5,Quantum,ThetaBase Services,1,2,moderate,1,False,False,1247,12089,25871,100,10,10,10,10,9,10,21,0.7,12089,1,Zimbabwe,1,True
Barbados,Type V5,Plasma,ThetaBase Services,3,6,strict,3,False,False,4770,3391,33297,77,9,9,8,7,10,8,7,0.24,3391,1,Iran,58,True
Barbados,Type V5,Plasma,ThetaBase Services,2,5,strict,2,False,False,3210,3391,38691,96,10,10,9,10,10,9,9,0.31,3391,1,Iran,58,True
Gambia,Type F5,Quantum,ThetaBase Services,1,1,flexible,1,True,False,1325,17499,15949,90,10,10,10,10,9,8,2,0.27,17499,0.33,Somalia,1,True
Barbados,Type V5,Plasma,ThetaBase Services,3,8,strict,3,False,False,4900,3391,618,92,10,10,9,9,10,9,15,0.51,3391,1,Iran,58,True
Barbados,Type V5,Plasma,ThetaBase Services,1,4,strict,1,False,False,2950,3391,7885,82,9,9,8,7,10,8,13,0.45,3391,1,Iran,58,True
Barbados,Type V5,Plasma,ThetaBase Services,3,6,strict,3,False,False,5043,3391,28461,91,9,9,9,9,10,9,13,0.44,3391,1,Iran,58,True
Nicaragua,Type V5,Plasma,ThetaBase Services,0,2,moderate,1,True,False,1715,23857,59162,96,10,10,10,10,10,10,45,1.61,23857,1,Isle of Man,1,False
United Kingdom,Type V5,Quantum,ThetaBase Services,1,1,moderate,1,True,False,1260,31213,75417,94,10,9,9,9,9,9,20,0.68,31213,1,Denmark,1,True
United Kingdom,Type V5,Plasma,ThetaBase Services,1,2,strict,1,False,False,2430,46851,41376,97,10,9,10,10,9,9,58,1.96,46851,1,Gibraltar,1,True
Rwanda,Type V5,Plasma,ThetaBase Services,1,2,strict,1,False,False,2235,6894,34063,100,10,10,10,10,10,10,1,0.05,6894,0.8,Estonia,47,True
Malta,Type V5,Plasma,ThetaBase Services,1,5,strict,2,False,False,2677,24026,8950,93,9,9,9,10,9,8,3,0.16,24026,0.98,Cape Verde,69,True
Nicaragua,Type Z6,Plasma,ThetaBase Services,3,6,strict,3,False,False,9320,22247,45736,98,10,10,10,10,10,10,21,0.77,22247,1,Slovakia (Slovak Republic),5,True
Gambia,Type F5,Quantum,ThetaBase Services,1,1,strict,1,False,False,1390,19154,33021,99,10,10,10,10,10,10,22,0.83,19154,1,France,2,True
Barbados,Type V5,Plasma,ThetaBase Services,1,2,strict,1,False,False,3405,19231,24697,99,10,10,10,10,10,10,16,0.6,19231,1,Ukraine,2,True
Sao Tome and Principe,Type V5,Plasma,ThetaBase Services,2,5,moderate,3,True,False,2287,8225,2069,88,9,10,9,9,9,9,16,0.9,8225,0.95,Barbados,31,False
Rwanda,Type Z6,Quantum,ThetaBase Services,1,2,moderate,1,False,False,1416,22860,55716,99,10,10,10,10,9,10,67,2.28,22860,1,Turkmenistan,2,True
Malta,Type V5,Quantum,ThetaBase Services,1,2,strict,1,True,False,1845,47847,58149,92,10,9,10,10,10,9,172,5.8,47847,0.96,Indonesia,3,False
Estonia,Type F5,Plasma,ThetaBase Services,4,10,flexible,7,True,False,3210,26079,60037,100,10,9,10,10,9,10,2,0.51,26079,1,Zimbabwe,1,False
Rwanda,Type V5,Plasma,ThetaBase Services,3,5,moderate,3,False,False,2300,19843,63515,94,9,8,10,10,10,9,35,1.25,19843,1,Turkmenistan,3,True
Russian Federation,Type V5,Plasma,ThetaBase Services,1,3,strict,1,False,False,2820,19943,44605,60,8,4,2,8,10,6,1,0.03,19943,0.63,Isle of Man,34,False
Nicaragua,Type V5,Plasma,ThetaBase Services,2,4,flexible,2,False,False,2235,17652,58538,100,10,10,10,10,10,10,1,0.03,17652,0.5,Isle of Man,1,False
Sao Tome and Principe,Type V5,Quantum,ThetaBase Services,1,2,strict,1,False,False,1455,25431,50516,97,10,10,10,10,10,10,135,4.59,25431,1,Sao Tome and Principe,1,True
Malta,Type V5,Plasma,"Banks, Wood and Phillips",1,4,moderate,2,False,False,1260,39195,15936,100,10,10,10,10,10,10,3,0.18,39195,0.9,Brazil,2,True
Bouvet Island (Bouvetoya),Type F5,Plasma,ThetaBase Services,2,4,moderate,2,False,False,2560,32530,60099,91,9,9,10,10,10,9,53,1.83,32530,1,Chad,1,True
Rwanda,Type G0,Plasma,ThetaBase Services,0,2,strict,1,True,False,2872,37646,1198,88,10,10,9,9,9,9,6,0.22,37646,1,Estonia,60,False
Sao Tome and Principe,Type F5,Quantum,ThetaBase Services,1,2,flexible,2,False,False,1286,14892,1226,93,10,9,10,10,9,10,7,0.24,14892,1,Turkmenistan,1,True
Nicaragua,Type V5,Plasma,ThetaBase Services,2,4,moderate,2,False,False,1897,2183,70806,92,10,9,9,10,9,9,18,0.61,2183,1,Isle of Man,3,False
Rwanda,Type V5,Plasma,ThetaBase Services,2,6,strict,4,False,False,2690,6894,52347,89,9,9,9,9,9,9,32,1.18,6894,0.8,Estonia,47,True
Pakistan,Type Z6,Quantum,ThetaBase Services,1,2,moderate,1,True,False,1507,38469,25185,100,10,10,10,10,10,10,7,0.36,38469,1,Cocos (Keeling) Islands,3,True
Malta,Type V2,Quantum,ThetaBase Services,1,2,strict,1,False,False,1507,4274,72113,98,10,10,10,10,9,10,106,3.67,4274,1,Guernsey,2,True
Rwanda,Type V5,Plasma,ThetaBase Services,1,2,strict,1,False,False,2417,6894,27698,98,9,10,10,10,10,10,10,0.38,6894,0.8,Estonia,47,True
Nicaragua,Type V5,Quantum,ThetaBase Services,1,2,moderate,1,True,False,1572,14419,4248,90,10,9,10,9,10,9,269,10.19,14419,0.92,Cuba,2,True
Micronesia,Type V5,Plasma,ThetaBase Services,2,5,strict,2,True,False,4640,19958,23396,78,9,8,8,9,10,8,11,0.43,19958,1,Congo,40,True
Costa Rica,Type V5,Quantum,"Banks, Wood and Phillips",1,2,flexible,1,False,False,1650,32980,73908,100,10,10,10,10,10,10,4,0.66,32980,1,Micronesia,1,False
Barbados,Type V5,Plasma,ThetaBase Services,1,2,strict,1,False,False,2820,28828,15263,84,9,10,9,9,10,8,5,0.17,28828,1,Isle of Man,198,True
Niue,Type F5,Plasma,ThetaBase Services,2,4,flexible,2,False,False,2560,8699,57028,100,10,10,10,10,9,10,2,0.07,8699,1,Niue,1,True
United Kingdom,Type F5,Quantum,ThetaBase Services,1,3,moderate,2,True,False,1585,35499,22174,83,9,8,9,9,9,9,98,3.33,35499,0.94,Andorra,4,False
Barbados,Type V5,Plasma,"Banks, Wood and Phillips",1,4,flexible,4,False,False,2560,49714,55785,93,9,8,10,10,10,9,19,0.67,49714,1,Montserrat,1,True
Barbados,Type V5,Plasma,ThetaBase Services,1,2,moderate,1,False,False,2677,16881,76920,100,10,10,10,10,10,10,12,0.41,16881,1,Vietnam,1,True
Nicaragua,Type V5,Plasma,ThetaBase Services,3,9,flexible,2,False,False,5030,19943,5090,40,2,2,6,4,8,2,1,0.04,19943,0.63,Isle of Man,34,False
Kiribati,Type E3,Quantum,"Banks, Wood and Phillips",1,2,flexible,1,False,False,1234,32691,20328,98,10,10,10,10,10,10,100,3.85,32691,1,Nicaragua,1,False
Switzerland,Type V2,Plasma,ThetaBase Services,4,8,strict,5,False,False,4120,46884,5218,100,10,10,10,10,10,10,3,0.13,46884,1,Turks and Caicos Islands,2,False
Nicaragua,Type V5,Plasma,ThetaBase Services,3,6,flexible,4,False,False,2690,6992,23356,100,10,10,10,10,10,10,8,0.51,6992,1,Isle of Man,1,False
Niue,Type F5,Quantum,ThetaBase Services,1,1,flexible,1,False,False,1195,12262,71041,100,10,8,10,10,10,10,1,0.03,12262,1,Niue,2,False
Malta,Type V5,Plasma,ThetaBase Services,1,2,flexible,1,True,False,2157,32824,76984,93,9,9,10,10,10,9,27,0.94,32824,1,Indonesia,1,True
Faroe Islands,Type F5,Plasma,ThetaBase Services,3,5,strict,3,False,False,3457,24625,74533,99,10,10,10,10,9,9,18,0.66,24625,1,Micronesia,1,True
Malta,Type V5,Quantum,ThetaBase Services,1,2,strict,1,True,False,1481,47847,57160,92,10,9,10,10,10,9,121,4.13,47847,0.96,Indonesia,3,False
Micronesia,Type V5,Quantum,ThetaBase Services,1,2,strict,1,True,False,1416,3193,25160,91,9,9,10,10,10,9,156,5.53,3193,1,Latvia,2,False
Gambia,Type F5,Quantum,ThetaBase Services,1,2,strict,1,False,False,1117,23710,39078,93,10,9,10,10,9,10,3,0.13,23710,1,Gambia,5,False
Barbados,Type V5,Plasma,ThetaBase Services,2,4,strict,2,True,False,2430,28828,55159,88,9,10,9,10,9,9,19,0.68,28828,1,Isle of Man,198,True
Malta,Type V2,Plasma,ThetaBase Services,3,6,moderate,3,False,False,4250,18077,57627,84,10,9,10,8,8,8,5,0.17,18077,1,Sao Tome and Principe,139,False
Micronesia,Type V5,Quantum,ThetaBase Services,1,1,flexible,1,True,False,1468,41193,1316,95,10,10,10,10,10,10,133,4.58,41193,1,Rwanda,1,False
Russian Federation,Type V5,Plasma,ThetaBase Services,1,5,moderate,3,True,False,1988,35117,104,99,10,9,10,10,10,10,20,0.72,35117,1,Venezuela,1,True
Anguilla,Type V5,Quantum,ThetaBase Services,1,1,moderate,1,True,False,1208,47143,59204,96,10,10,10,10,9,10,191,6.56,47143,1,Anguilla,1,True
Kiribati,Type V5,Quantum,ThetaBase Services,1,2,moderate,1,True,False,1572,18626,43164,99,10,10,10,10,9,10,148,5.18,18626,1,Nicaragua,1,True
United Kingdom,Type F5,Plasma,ThetaBase Services,4,8,moderate,4,False,False,2365,27725,38955,100,10,10,10,10,10,10,4,0.14,27725,1,Lithuania,1,False
Wallis and Futuna,Type V5,Plasma,ThetaBase Services,2,6,strict,2,False,False,3418,2019,46244,96,9,9,10,10,9,9,14,0.54,2019,1,Malta,7,False
Bosnia and Herzegovina,Type V5,Plasma,ThetaBase Services,1,2,flexible,1,False,False,1338,45870,64732,98,10,10,10,10,9,10,9,0.32,45870,1,Puerto Rico,2,True
Bouvet Island (Bouvetoya),Type Z6,Plasma,ThetaBase Services,1,5,strict,3,True,False,2560,28828,71398,90,10,8,10,10,10,10,4,0.14,28828,1,Isle of Man,198,True
Gambia,Type F5,Quantum,Warwick Technology Multinational,1,1,strict,2,False,False,1260,13723,33836,20,2,2,6,2,2,2,1,0.06,13723,1,Gambia,4,True
Bouvet Island (Bouvetoya),Type V5,Plasma,ThetaBase Services,1,2,moderate,1,False,False,1845,44666,67915,95,10,9,10,10,10,9,25,0.88,44666,1,Uzbekistan,1,True
Rwanda,Type V5,Plasma,ThetaBase Services,1,2,moderate,1,False,False,2326,16279,53974,93,10,10,9,8,10,10,3,0.17,16279,1,Uzbekistan,1,True
Bouvet Island (Bouvetoya),Type F5,Quantum,ThetaBase Services,1,2,strict,1,True,False,1481,42819,65870,95,10,10,10,10,10,10,50,1.72,42819,1,Lebanon,2,False
Nicaragua,Type F1,Plasma,ThetaBase Services,0,2,strict,1,True,False,1715,28828,53236,86,9,9,9,10,9,9,24,0.84,28828,1,Isle of Man,198,True
Malta,Type V5,Quantum,ThetaBase Services,1,2,strict,1,False,False,1507,36535,72370,94,10,10,10,10,9,10,36,1.31,36535,1,Mauritania,1,False
Niue,Type F5,Quantum,ThetaBase Services,1,1,strict,1,True,False,1234,46832,57797,100,10,10,10,10,8,10,11,0.4,46832,1,Niue,2,True
Bouvet Island (Bouvetoya),Type V2,Plasma,ThetaBase Services,3,8,moderate,4,False,False,2690,8016,65797,99,10,10,10,10,10,9,21,0.72,8016,1,French Guiana,1,True
Niue,Type V5,Plasma,ThetaBase Services,2,4,strict,2,True,False,2430,28828,19166,92,10,10,10,10,10,10,12,0.42,28828,1,Isle of Man,198,True
Rwanda,Type G0,Plasma,ThetaBase Services,1,3,strict,1,True,False,3093,37646,59838,92,9,9,9,9,10,9,21,0.75,37646,1,Estonia,60,False
United Kingdom,Type G0,Plasma,ThetaBase Services,2,5,strict,2,True,False,3470,37646,50629,87,9,9,9,9,10,9,13,0.52,37646,1,Estonia,60,False
Sao Tome and Principe,Type F5,Plasma,ThetaBase Services,2,6,strict,2,True,False,3145,12164,26562,97,10,10,10,10,10,10,14,0.53,12164,1,Nicaragua,8,False
Malta,Type V5,Plasma,ThetaBase Services,2,4,moderate,2,True,False,2755,12718,36175,96,10,10,10,10,10,10,16,0.56,12718,1,Indonesia,2,False
Micronesia,Type V5,Plasma,ThetaBase Services,2,4,strict,2,True,False,2170,28828,73772,88,9,9,9,9,9,9,25,0.9,28828,1,Isle of Man,198,True
Malta,Type V5,Plasma,ThetaBase Services,1,2,moderate,1,False,False,2430,18077,34429,100,10,10,10,10,10,10,1,0.04,18077,1,Sao Tome and Principe,139,False
Malta,Type V5,Plasma,ThetaBase Services,2,7,strict,3,False,False,3587,24026,42831,91,9,9,8,10,9,8,26,0.95,24026,0.98,Cape Verde,69,True
Chad,Type V5,Quantum,ThetaBase Services,1,4,strict,4,True,False,1390,32531,74819,89,10,10,10,10,9,10,15,0.64,32531,1,Togo,4,False
United Kingdom,Type V5,Quantum,ThetaBase Services,1,2,strict,0,True,False,1520,11959,74085,97,10,9,10,10,10,10,60,2.09,11959,1,Gibraltar,2,True
Costa Rica,Type F5,Quantum,ThetaBase Services,1,1,strict,2,False,False,1325,7988,45930,80,8,10,8,10,8,10,2,1.54,7988,1,Mauritania,1,False
Estonia,Type F5,Nuclear,ThetaBase Services,1,2,strict,1,False,False,1117,42580,53703,100,10,10,10,10,10,10,3,0.11,42580,1,Costa Rica,3,False
Russian Federation,Type V5,Plasma,ThetaBase Services,2,5,flexible,2,False,False,2105,27252,52758,98,10,10,10,10,9,10,41,1.45,27252,1,Russian Federation,1,False
Uzbekistan,Type V5,Plasma,ThetaBase Services,3,4,strict,4,False,False,1910,27186,16970,90,10,9,9,10,9,9,8,0.29,27186,1,Zimbabwe,7,True
Malta,Type V5,Quantum,ThetaBase Services,1,2,flexible,1,False,False,2170,27290,66293,100,10,10,10,10,10,10,2,0.09,27290,1,Brazil,3,False
Costa Rica,Type F5,Plasma,ThetaBase Services,2,4,moderate,2,False,False,2040,32686,44710,100,10,10,10,10,9,10,23,0.91,32686,0.78,Micronesia,2,True
United Kingdom,Type V5,Plasma,ThetaBase Services,2,4,moderate,2,False,False,1455,28101,31702,93,10,8,10,10,10,9,7,0.27,28101,0.67,Gibraltar,1,False
Nicaragua,Type V5,Plasma,ThetaBase Services,1,3,strict,2,False,False,2495,27603,69873,100,10,10,10,10,10,10,5,0.18,27603,1,Pakistan,1,True
Niue,Type V5,Plasma,ThetaBase Services,2,3,flexible,2,False,False,2170,40483,31609,96,10,10,10,10,10,10,16,0.65,40483,0.5,Niue,1,False
Nicaragua,Type G0,Quantum,ThetaBase Services,1,2,strict,1,True,False,5550,19842,77069,80,10,8,10,6,9,7,2,0.07,19842,0.85,Turkmenistan,53,False
Nicaragua,Type G0,Quantum,ThetaBase Services,1,2,strict,1,True,False,2170,19842,47028,76,8,8,8,8,9,8,45,1.6,19842,0.85,Turkmenistan,53,False
Costa Rica,Type V5,Quantum,ThetaBase Services,1,1,flexible,1,False,False,1260,14579,74290,100,10,10,10,10,9,10,20,0.7,14579,1,Uzbekistan,1,True
Niue,Type F5,Quantum,ThetaBase Services,2,3,strict,2,False,False,1130,17511,5991,80,8,8,9,9,7,6,3,3,17511,0.88,Niue,1,False
Kiribati,Type F5,Quantum,ThetaBase Services,1,2,flexible,1,False,False,1442,8862,53864,100,10,10,10,10,10,10,1,0.08,8862,1,Nicaragua,3,False
Nicaragua,Type G0,Quantum,ThetaBase Services,1,2,strict,1,True,False,2560,19842,30445,82,9,9,8,9,10,9,41,1.44,19842,0.85,Turkmenistan,53,False
Rwanda,Type V5,Plasma,ThetaBase Services,1,4,strict,2,False,False,2170,31117,32402,99,10,10,10,10,10,10,28,1.67,31117,0.8,Croatia,3,True
Nicaragua,Type V5,Plasma,ThetaBase Services,2,5,strict,4,False,False,3990,37665,32341,98,10,10,10,10,10,9,18,0.64,37665,1,Wallis and Futuna,4,True
Nicaragua,Type G0,Quantum,ThetaBase Services,1,2,strict,1,True,False,2170,19842,1210,82,9,9,9,9,10,9,34,1.24,19842,0.85,Turkmenistan,53,False
Nicaragua,Type G0,Quantum,ThetaBase Services,1,2,strict,1,True,False,2170,19842,51013,73,7,8,9,9,9,8,16,0.57,19842,0.85,Turkmenistan,53,False
Nicaragua,Type G0,Quantum,ThetaBase Services,1,2,strict,1,True,False,4510,19842,16619,86,9,9,9,9,10,9,77,2.73,19842,0.85,Turkmenistan,53,False
Nicaragua,Type G0,Quantum,ThetaBase Services,1,1,strict,1,False,False,4250,19842,65025,84,8,9,8,8,10,8,28,1,19842,0.85,Turkmenistan,53,False
Nicaragua,Type G0,Quantum,ThetaBase Services,1,1,strict,1,True,False,2170,19842,8737,85,9,10,9,9,10,9,27,1.19,19842,0.85,Turkmenistan,53,False
Nicaragua,Type G0,Quantum,ThetaBase Services,1,2,strict,1,False,False,2170,19842,5696,84,9,9,9,8,10,9,58,2.3,19842,0.85,Turkmenistan,53,False
Nicaragua,Type G0,Quantum,ThetaBase Services,1,2,strict,1,True,False,4770,19842,55799,50,8,7,6,6,8,5,2,0.12,19842,0.85,Turkmenistan,53,False
Rwanda,Type V5,Quantum,ThetaBase Services,1,3,strict,1,False,False,2664,48683,23187,98,10,10,10,10,10,10,18,0.98,48683,1,Uzbekistan,2,True
Rwanda,Type V5,Quantum,ThetaBase Services,1,2,flexible,0,False,False,1325,45701,53322,98,10,10,10,10,10,10,26,0.97,45701,1,Nauru,2,False
United Kingdom,Type F5,Plasma,ThetaBase Services,3,8,moderate,4,False,False,7370,35472,19846,95,10,10,9,10,9,9,104,3.74,35472,1,Senegal,1,True
Nicaragua,Type F5,Plasma,ThetaBase Services,1,4,strict,3,False,False,3145,33450,54208,93,10,10,10,10,10,10,11,0.41,33450,1,Jersey,1,True
Malta,Type X3,Quantum,ThetaBase Services,1,4,flexible,4,False,False,2274,31805,8220,80,8,8,9,9,8,8,26,0.92,31805,0.99,Mauritania,20,False
Malta,Type X3,Nuclear,ThetaBase Services,1,1,flexible,4,False,False,1221,31805,74492,86,9,9,9,9,9,9,93,3.33,31805,0.99,Mauritania,20,False
Bouvet Island (Bouvetoya),Type V5,Quantum,ThetaBase Services,1,4,strict,2,False,False,1832,31983,50676,96,10,10,9,10,9,9,73,2.61,31983,1,French Guiana,1,False
El Salvador,Type V5,Quantum,ThetaBase Services,1,3,flexible,3,True,False,1195,15866,54413,100,10,10,10,10,9,10,4,0.14,15866,1,Papua New Guinea,2,False
Russian Federation,Type V5,Plasma,ThetaBase Services,1,4,strict,1,False,False,1936,3937,47303,96,10,10,9,10,9,9,46,1.65,3937,1,Russian Federation,1,True
Nicaragua,Type F5,Plasma,ThetaBase Services,4,7,flexible,4,False,False,4510,34425,25388,94,9,9,10,10,9,9,13,0.46,34425,1,Isle of Man,1,False
El Salvador,Type V5,Quantum,ThetaBase Services,1,3,flexible,3,True,False,1195,15866,41239,87,9,9,9,9,9,9,4,0.15,15866,1,Papua New Guinea,2,False
Nicaragua,Type V5,Quantum,"Banks, Wood and Phillips",1,2,strict,1,False,False,1702,31719,26830,90,10,9,10,10,10,9,76,2.64,31719,1,Pakistan,1,True
Estonia,Type V5,Plasma,ThetaBase Services,1,4,flexible,2,False,False,1884,49770,7927,100,10,10,10,10,10,10,11,0.43,49770,1,Zimbabwe,1,False
Malta,Type V5,Plasma,ThetaBase Services,4,7,moderate,4,False,False,4120,18077,32736,92,10,9,9,10,9,9,27,0.96,18077,1,Sao Tome and Principe,139,False
Bouvet Island (Bouvetoya),Type V5,Plasma,ThetaBase Services,1,3,strict,2,True,False,1845,28828,11598,95,10,9,10,10,9,10,26,0.92,28828,1,Isle of Man,198,True
Russian Federation,Type V5,Plasma,Warwick Technology Multinational,1,2,flexible,0,False,False,1910,37401,24289,100,10,10,10,10,10,10,3,0.12,37401,0.6,Russian Federation,1,False
Barbados,Type V5,Plasma,ThetaBase Services,3,6,moderate,3,False,False,4510,35172,43328,98,10,10,10,10,10,9,13,0.5,35172,1,Barbados,1,True
Barbados,Type V5,Plasma,ThetaBase Services,2,4,strict,2,False,False,3210,5771,76544,82,9,9,10,9,10,8,45,1.66,5771,0.98,Vietnam,8,False
Nicaragua,Type V5,Plasma,ThetaBase Services,1,4,strict,2,False,False,2560,5771,27087,91,9,9,9,9,9,9,39,1.42,5771,0.98,Vietnam,8,False
Micronesia,Type O3,Quantum,ThetaBase Services,1,2,flexible,2,False,False,1702,8707,2875,81,8,9,9,9,9,8,18,0.67,8707,0.73,Rwanda,21,True
Russian Federation,Type V5,Plasma,ThetaBase Services,1,2,moderate,1,False,False,2105,45097,69169,99,10,10,10,10,10,10,21,0.75,45097,1,Gambia,1,True
Faroe Islands,Type F5,Quantum,ThetaBase Services,1,1,flexible,1,False,False,1169,45211,38190,91,10,9,10,10,10,10,22,0.93,45211,1,Micronesia,2,True
Rwanda,Type F5,Plasma,ThetaBase Services,4,8,strict,4,False,False,3795,20664,4624,95,10,9,10,10,9,9,22,0.83,20664,1,Nauru,4,False
Bouvet Island (Bouvetoya),Type V5,Plasma,ThetaBase Services,2,5,moderate,2,False,False,2430,44983,15481,100,10,10,10,10,9,9,5,0.2,44983,0.5,Lebanon,1,True
United Kingdom,Type V5,Quantum,ThetaBase Services,1,1,strict,1,False,False,1650,15193,49298,98,10,9,10,10,10,10,12,0.44,15193,1,Tanzania,2,True
Rwanda,Type Y4,Quantum,ThetaBase Services,3,6,strict,6,False,False,1767,11827,16597,88,9,9,9,10,10,9,83,4.6,11827,0.9,Venezuela,2,True
Costa Rica,Type F5,Quantum,ThetaBase Services,1,1,strict,1,True,False,1156,11646,8903,96,10,10,10,10,9,10,12,0.48,11646,1,Gambia,2,False
Nicaragua,Type V5,Plasma,ThetaBase Services,3,5,moderate,4,True,False,2404,2178,29997,94,10,10,10,10,10,9,7,0.26,2178,1,Jersey,2,True
Sao Tome and Principe,Type V5,Quantum,ThetaBase Services,1,2,moderate,1,True,False,1273,12020,14641,99,10,10,10,10,9,10,29,1.02,12020,1,Congo,4,True
Rwanda,Type V5,Quantum,ThetaBase Services,1,2,flexible,1,True,False,1312,20418,7479,100,10,10,10,10,8,10,2,0.94,20418,0.67,Korea,1,True
Russian Federation,Type V5,Quantum,ThetaBase Services,1,2,moderate,1,False,False,2560,336,20737,99,10,10,10,10,10,10,58,2.05,336,1,Ecuador,7,False
Russian Federation,Type V5,Quantum,ThetaBase Services,2,4,strict,0,False,False,4120,336,62003,99,10,10,10,10,10,10,72,2.58,336,1,Ecuador,7,False
Bouvet Island (Bouvetoya),Type F5,Quantum,ThetaBase Services,1,2,strict,1,True,False,1390,18999,49209,99,10,10,10,10,10,10,32,1.61,18999,1,Chile,2,False
Bouvet Island (Bouvetoya),Type V5,Quantum,ThetaBase Services,1,2,flexible,1,False,False,1455,29241,73164,96,10,9,10,10,9,10,34,1.27,29241,1,Lebanon,1,False
Niue,Type F5,Quantum,ThetaBase Services,1,2,flexible,1,True,False,1377,33791,70723,98,10,10,10,10,10,10,62,2.18,33791,1,Guinea,2,True
Micronesia,Type V5,Plasma,ThetaBase Services,1,3,moderate,2,False,False,1585,23344,9028,94,9,10,10,10,9,9,27,0.96,23344,1,Grenada,1,False
Bosnia and Herzegovina,Type V5,Quantum,ThetaBase Services,1,1,moderate,1,False,False,1104,4957,69387,100,10,10,10,9,10,10,2,0.09,4957,1,Puerto Rico,1,False
Kiribati,Type V5,Plasma,ThetaBase Services,1,2,strict,2,False,False,2560,15433,61071,94,10,9,10,10,10,9,13,0.5,15433,0.4,United Kingdom,1,False
Indonesia,Type V5,Plasma,ThetaBase Services,3,6,strict,3,False,False,6057,43428,53170,98,10,10,10,10,10,9,8,0.3,43428,0.73,Faroe Islands,9,True
Mexico,Type V5,Plasma,MCW Global,1,3,flexible,2,False,False,1455,19721,2033,100,10,10,10,10,9,10,2,0.07,19721,1,Tonga,3,True
Russian Federation,Type V5,Plasma,SIT Technology Unlimited,1,3,flexible,1,False,False,1715,26015,46434,86,9,7,10,10,10,9,10,0.36,26015,0.86,Russian Federation,1,True
Malta,Type V2,Quantum,ThetaBase Services,1,1,moderate,1,False,False,1260,27017,37710,95,10,10,10,10,10,10,67,2.72,27017,1,Senegal,2,True
Sao Tome and Principe,Type F5,Plasma,ThetaBase Services,2,4,moderate,2,False,False,2105,27105,21064,100,10,10,10,10,10,10,5,0.28,27105,0.5,Turkmenistan,1,False
Bouvet Island (Bouvetoya),Type V5,Plasma,MCW Global,1,4,moderate,2,False,False,1910,47869,45426,99,10,10,9,10,10,10,16,0.57,47869,1,Gambia,1,False
Niue,Type F5,Quantum,ThetaBase Services,1,2,flexible,2,True,False,1351,33791,11404,98,10,10,10,10,10,10,73,3.36,33791,1,Guinea,2,True
Malta,Type N0,Nuclear,ThetaBase Services,1,1,flexible,1,False,False,1221,31805,52401,83,8,8,9,9,9,9,40,1.41,31805,0.99,Mauritania,20,False
Costa Rica,Type V5,Quantum,ThetaBase Services,1,4,flexible,4,False,False,2105,18608,65473,95,10,10,10,10,10,10,4,0.29,18608,1,Jersey,4,True
Nicaragua,Type V5,Quantum,ThetaBase Services,1,2,moderate,1,True,False,1962,23013,1985,96,10,10,10,10,10,9,58,3.19,23013,0.9,Isle of Man,1,False
Anguilla,Type V5,Quantum,ThetaBase Services,1,1,flexible,1,False,False,1455,6923,10913,100,10,10,10,10,10,10,5,0.18,6923,1,Anguilla,1,True
United Kingdom,Type V5,Plasma,ThetaBase Services,2,6,moderate,4,True,False,2690,29727,58191,91,9,9,9,9,10,9,28,1.11,29727,1,Senegal,2,False
Malta,Type V5,Plasma,ThetaBase Services,2,5,strict,2,False,False,2807,4267,23332,93,10,9,10,10,9,9,17,0.64,4267,1,Senegal,22,True
Barbados,Type V5,Plasma,ThetaBase Services,1,2,moderate,1,False,False,2820,22713,17105,96,10,10,10,10,10,10,11,0.4,22713,1,Uganda,1,False
Russian Federation,Type V5,Plasma,ThetaBase Services,1,2,moderate,1,False,False,1741,30471,72217,100,10,10,10,10,10,10,3,0.11,30471,1,Russian Federation,1,True
United Kingdom,Type V5,Plasma,ThetaBase Services,3,7,moderate,4,False,False,1364,16472,65887,100,10,9,10,10,10,10,2,0.11,16472,0.67,Sao Tome and Principe,1,True
Nicaragua,Type V5,Plasma,ThetaBase Services,2,6,strict,2,False,False,3795,24128,63075,78,9,9,9,9,9,8,21,0.77,24128,0.54,Suriname,9,True
Micronesia,Type F5,Plasma,ThetaBase Services,4,7,moderate,5,False,False,7695,8225,44802,94,9,10,9,10,10,10,19,0.7,8225,0.95,Barbados,31,False
Barbados,Type V5,Plasma,ThetaBase Services,2,4,strict,4,True,False,4120,33406,12954,97,10,10,10,10,10,9,21,0.8,33406,1,Reunion,4,False
Barbados,Type V7,Plasma,ThetaBase Services,1,4,moderate,1,False,False,4120,16948,27014,100,10,10,10,10,10,10,3,0.57,16948,1,Suriname,1,False
Barbados,Type V5,Plasma,ThetaBase Services,1,2,flexible,1,False,False,2430,39109,43402,94,10,10,9,9,10,10,7,0.33,39109,0.77,Ukraine,24,True
Niue,Type V5,Plasma,ThetaBase Services,1,2,strict,1,False,False,1715,48118,75926,94,10,9,10,10,10,9,20,0.73,48118,1,Guinea,1,True
United Kingdom,Type E3,Plasma,ThetaBase Services,1,6,flexible,5,False,False,2144,49234,28268,98,10,10,10,10,9,10,63,2.26,49234,1,Denmark,2,False
Micronesia,Type V5,Plasma,ThetaBase Services,3,8,strict,3,True,False,9255,19958,13965,77,7,8,8,8,9,7,14,0.53,19958,1,Congo,40,True
Sao Tome and Principe,Type V5,Quantum,ThetaBase Services,1,2,moderate,1,False,False,2313,10635,65716,100,10,10,10,10,10,10,4,0.69,10635,1,Peru,1,True
Malta,Type V5,Quantum,ThetaBase Services,1,6,flexible,6,False,False,2430,31805,20871,85,8,8,9,9,8,8,47,1.68,31805,0.99,Mauritania,20,False
Malta,Type V5,Plasma,ThetaBase Services,1,3,flexible,2,False,False,1910,23615,33364,89,9,9,10,10,10,9,24,0.87,23615,1,Marshall Islands,1,True
Russian Federation,Type V5,Plasma,ThetaBase Services,2,4,strict,2,True,False,1416,49555,65674,98,10,10,10,10,10,10,42,1.56,49555,1,Saint Pierre and Miquelon,4,True
Micronesia,Type V5,Plasma,ThetaBase Services,0,3,flexible,1,False,False,1988,8707,32558,88,10,9,10,9,10,9,13,0.47,8707,0.73,Rwanda,21,True
Malta,Type F5,Plasma,ThetaBase Services,4,6,flexible,4,False,False,4120,11046,16228,97,10,9,10,10,10,9,7,0.31,11046,1,Libyan Arab Jamahiriya,1,True
United Kingdom,Type V5,Quantum,ThetaBase Services,1,2,moderate,1,False,False,1325,10479,56464,100,10,10,10,10,10,10,2,0.07,10479,1,Palestinian Territory,3,True
Rwanda,Type V5,Quantum,ThetaBase Services,1,2,moderate,1,False,False,1533,19843,65180,90,10,9,9,10,9,9,4,0.18,19843,1,Turkmenistan,3,True
Malta,Type V5,Nuclear,ThetaBase Services,1,2,flexible,1,False,False,1650,8707,19275,93,9,9,9,9,9,9,4,0.17,8707,0.73,Rwanda,21,True
Barbados,Type O3,Quantum,ThetaBase Services,1,1,flexible,1,False,False,1650,6959,16069,73,7,6,9,9,10,7,6,0.22,6959,0.95,Slovakia (Slovak Republic),20,True
Bouvet Island (Bouvetoya),Type V5,Quantum,ThetaBase Services,1,1,strict,1,False,False,1364,45154,56021,91,9,8,10,10,9,9,7,0.26,45154,1,Lebanon,2,True
Malta,Type V5,Plasma,ThetaBase Services,2,5,moderate,6,False,False,2885,23567,76545,90,10,9,10,10,10,9,6,0.25,23567,1,Guinea,2,True
Malta,Type V2,Quantum,ThetaBase Services,1,3,strict,2,False,False,1377,4274,53718,98,10,10,10,10,9,10,18,1.01,4274,1,Guernsey,2,True
Marshall Islands,Type F5,Quantum,ThetaBase Services,1,2,flexible,1,False,False,1585,4060,15431,97,10,10,10,10,10,10,14,0.54,4060,1,Russian Federation,1,False
Barbados,Type V5,Plasma,ThetaBase Services,1,2,strict,1,True,False,2430,28828,59045,100,10,10,9,10,10,10,8,0.29,28828,1,Isle of Man,198,True
Barbados,Type V5,Plasma,ThetaBase Services,2,6,strict,3,False,False,5420,5771,8234,84,9,9,9,9,10,9,60,2.21,5771,0.98,Vietnam,8,False
Rwanda,Type V5,Plasma,ThetaBase Services,2,5,flexible,3,False,False,2365,39907,23117,99,10,10,10,10,10,10,65,2.36,39907,1,Turkmenistan,1,False
Barbados,Type V5,Quantum,ThetaBase Services,1,1,strict,1,False,False,1897,45512,15908,97,10,10,10,10,10,9,132,4.75,45512,1,Barbados,2,True
Micronesia,Type V5,Plasma,ThetaBase Services,0,2,strict,1,False,False,2495,4267,28746,93,10,9,9,9,10,9,11,0.41,4267,1,Senegal,22,True
Estonia,Type V5,Quantum,ThetaBase Services,1,2,flexible,1,False,False,1390,714,50421,97,10,10,10,10,10,10,15,0.59,714,1,Zimbabwe,1,False
Micronesia,Type V5,Plasma,ThetaBase Services,4,10,strict,4,False,False,19070,43798,37944,99,10,10,10,10,10,10,15,0.54,43798,1,El Salvador,4,True
Anguilla,Type F5,Plasma,ThetaBase Services,3,6,moderate,3,True,False,1910,40768,4099,97,10,10,10,10,9,10,57,2.39,40768,1,Anguilla,1,True
Micronesia,Type V5,Quantum,ThetaBase Services,1,2,strict,1,False,False,1845,23682,64831,95,10,10,10,10,10,10,4,0.15,23682,0.57,Uganda,4,False
Rwanda,Type V5,Quantum,ThetaBase Services,1,2,strict,1,False,False,1429,30757,35564,97,10,10,10,10,10,10,7,0.26,30757,0.9,Croatia,2,False
Costa Rica,Type V5,Quantum,ThetaBase Services,1,2,flexible,2,False,False,1156,11525,4578,99,10,9,10,10,9,10,54,2.04,11525,0.9,Australia,1,True
Malta,Type N0,Nuclear,ThetaBase Services,1,1,flexible,1,False,False,1221,31805,142,87,9,9,9,9,8,9,36,1.31,31805,0.99,Mauritania,20,False
Malta,Type X3,Quantum,ThetaBase Services,1,2,flexible,2,False,False,1897,31805,13798,77,9,9,10,10,9,9,7,0.26,31805,0.99,Mauritania,20,False
Malta,Type N0,Quantum,ThetaBase Services,1,4,flexible,4,False,False,2274,31805,48901,83,9,9,9,9,9,9,92,3.38,31805,0.99,Mauritania,20,False
Malta,Type N0,Nuclear,ThetaBase Services,1,1,flexible,1,False,False,1221,31805,63892,83,9,8,10,9,9,9,86,3.18,31805,0.99,Mauritania,20,False
Malta,Type N0,Nuclear,ThetaBase Services,1,1,flexible,1,False,False,1221,31805,41039,86,9,9,10,10,9,9,58,2.11,31805,0.99,Mauritania,20,False
Micronesia,Type V5,Plasma,ThetaBase Services,1,3,moderate,1,False,False,2430,18077,68691,90,9,9,10,10,10,9,25,0.93,18077,1,Sao Tome and Principe,139,False
Micronesia,Type V5,Quantum,ThetaBase Services,1,2,strict,1,False,False,2235,23682,50877,98,10,9,10,10,10,10,12,0.44,23682,0.57,Uganda,4,False
Nicaragua,Type V5,Quantum,ThetaBase Services,1,2,moderate,1,False,False,1325,2183,33493,98,10,10,10,10,10,10,24,0.9,2183,1,Isle of Man,3,False
Russian Federation,Type V5,Quantum,ThetaBase Services,1,2,strict,1,True,False,1507,49555,55782,99,10,10,10,10,10,10,71,2.66,49555,1,Saint Pierre and Miquelon,4,True
Nicaragua,Type G0,Quantum,ThetaBase Services,1,2,strict,1,True,False,3990,19842,6948,71,8,8,6,7,10,7,14,0.52,19842,0.85,Turkmenistan,53,False
Barbados,Type G0,Quantum,ThetaBase Services,1,1,strict,1,False,False,3990,19842,64764,84,9,9,9,8,10,9,37,1.34,19842,0.85,Turkmenistan,53,False
Nicaragua,Type G0,Quantum,ThetaBase Services,1,1,strict,1,False,False,3990,19842,18939,88,9,9,9,9,10,9,20,0.73,19842,0.85,Turkmenistan,53,False
Nicaragua,Type G0,Quantum,ThetaBase Services,1,1,strict,1,False,False,5550,19842,74294,84,9,9,9,9,9,9,22,0.89,19842,0.85,Turkmenistan,53,False
Nicaragua,Type G0,Quantum,ThetaBase Services,1,1,strict,1,False,False,4250,19842,63208,79,8,8,8,7,10,9,27,1.09,19842,0.85,Turkmenistan,53,False
Nicaragua,Type G0,Quantum,ThetaBase Services,1,1,strict,1,False,False,4250,19842,51887,72,7,9,8,7,9,8,12,0.44,19842,0.85,Turkmenistan,53,False
Nicaragua,Type G0,Quantum,ThetaBase Services,1,1,strict,1,False,False,3990,19842,61443,78,9,10,8,8,10,9,13,0.48,19842,0.85,Turkmenistan,53,False
Nicaragua,Type G0,Quantum,ThetaBase Services,1,1,strict,1,False,False,4770,19842,26875,86,9,10,9,9,10,9,56,2.04,19842,0.85,Turkmenistan,53,False
Nicaragua,Type G0,Quantum,ThetaBase Services,1,1,strict,1,False,False,4250,19842,17727,83,8,9,8,9,10,9,7,0.25,19842,0.85,Turkmenistan,53,False
Nicaragua,Type G0,Quantum,ThetaBase Services,1,1,strict,1,False,False,3990,19842,36921,86,9,9,9,9,10,9,31,1.21,19842,0.85,Turkmenistan,53,False
Nicaragua,Type G0,Quantum,ThetaBase Services,1,1,strict,1,False,False,4250,19842,52527,83,9,9,9,8,9,8,39,1.43,19842,0.85,Turkmenistan,53,False
Kiribati,Type F5,Quantum,ThetaBase Services,1,1,moderate,1,False,False,1351,17054,37607,99,10,10,10,10,9,10,76,2.76,17054,1,Nicaragua,1,False
Wallis and Futuna,Type V2,Quantum,ThetaBase Services,1,2,moderate,1,True,False,1767,18088,13216,98,10,10,10,10,10,10,37,2.74,18088,1,Marshall Islands,3,True
Bouvet Island (Bouvetoya),Type V5,Plasma,ThetaBase Services,1,2,moderate,1,False,False,1819,22739,49664,98,10,10,10,10,10,9,31,1.15,22739,1,Gambia,3,True
Niue,Type V5,Plasma,ThetaBase Services,1,4,flexible,2,False,False,1897,13747,9548,93,10,10,10,10,9,9,36,1.32,13747,1,Niue,1,True
Russian Federation,Type V2,Quantum,ThetaBase Services,1,2,strict,1,True,False,1429,37293,14707,89,9,9,9,9,9,9,37,1.36,37293,0.92,Russian Federation,15,False
Malta,Type N0,Nuclear,ThetaBase Services,1,1,flexible,1,False,False,1221,31805,55501,83,9,8,9,9,9,9,70,2.75,31805,0.99,Mauritania,20,False
Malta,Type V5,Quantum,ThetaBase Services,1,2,moderate,1,False,False,1780,30927,58986,96,10,9,10,10,10,10,106,3.98,30927,1,Indonesia,1,False
Nicaragua,Type V5,Plasma,ThetaBase Services,1,3,strict,1,False,False,3470,49113,71469,99,10,10,10,10,10,10,29,1.08,49113,0.83,Barbados,1,True
Rwanda,Type V5,Plasma,ThetaBase Services,0,3,strict,1,False,False,2157,19228,63876,91,9,9,10,9,10,9,25,0.92,19228,1,Svalbard & Jan Mayen Islands,8,False
Rwanda,Type V5,Quantum,ThetaBase Services,1,2,flexible,2,True,False,1468,43361,6642,94,10,9,10,10,10,9,8,1.26,43361,1,Maldives,1,False
Niue,Type F5,Quantum,ThetaBase Services,1,3,flexible,2,False,False,1455,21758,71998,95,10,9,10,10,10,10,69,2.6,21758,1,Guinea,1,False
Uzbekistan,Type F5,Quantum,ThetaBase Services,1,1,strict,1,True,False,1182,44218,12505,77,8,8,9,9,8,8,26,1,44218,1,Kiribati,3,False
Russian Federation,Type V5,Plasma,ThetaBase Services,1,2,moderate,1,False,False,1780,3442,25882,99,10,10,10,10,10,10,53,1.95,3442,1,Tonga,2,True
Rwanda,Type V5,Quantum,ThetaBase Services,1,2,flexible,1,True,False,1455,16162,76731,96,10,10,10,9,9,9,96,3.54,16162,1,Svalbard & Jan Mayen Islands,2,True
Malta,Type V5,Plasma,ThetaBase Services,1,2,moderate,1,False,False,1949,21155,37114,99,10,10,10,10,10,10,39,1.46,21155,1,Libyan Arab Jamahiriya,1,False
Nicaragua,Type V5,Plasma,ThetaBase Services,1,2,strict,1,False,False,3145,7413,17292,99,10,10,10,10,10,10,44,1.63,7413,1,Cape Verde,1,True
Costa Rica,Type V5,Plasma,ThetaBase Services,1,2,strict,1,True,False,1767,1239,7144,98,10,9,10,10,10,10,18,0.67,1239,1,Gambia,1,True
Nicaragua,Type F5,Plasma,ThetaBase Services,4,8,strict,4,True,False,2365,28828,11540,93,9,10,9,10,10,10,16,0.62,28828,1,Isle of Man,198,True
Rwanda,Type V5,Plasma,ThetaBase Services,2,6,strict,3,False,False,2755,18791,73834,99,10,10,10,10,9,10,103,3.77,18791,1,Zimbabwe,8,True
Guinea,Type G0,Plasma,ThetaBase Services,1,3,strict,1,True,False,2872,37646,71409,86,9,9,9,9,9,9,10,0.38,37646,1,Estonia,60,False
Marshall Islands,Type F5,Quantum,ThetaBase Services,1,2,strict,1,False,False,1364,38479,602,90,10,9,10,10,9,10,4,0.16,38479,1,Russian Federation,2,True
Estonia,Type F5,Nuclear,ThetaBase Services,1,2,flexible,1,False,False,1130,42580,13500,80,9,8,10,10,9,9,3,0.17,42580,1,Costa Rica,3,False
Bouvet Island (Bouvetoya),Type V5,Plasma,ThetaBase Services,1,2,strict,1,False,False,2170,40480,39020,98,10,10,10,10,9,9,15,0.57,40480,1,Lebanon,1,True
Micronesia,Type V5,Plasma,ThetaBase Services,1,2,moderate,1,False,False,2820,18077,32827,99,10,10,10,10,10,10,20,0.75,18077,1,Sao Tome and Principe,139,False
Micronesia,Type F5,Plasma,ThetaBase Services,4,7,moderate,5,False,False,5030,18077,70751,93,10,9,10,10,10,10,3,0.13,18077,1,Sao Tome and Principe,139,False
Malta,Type N0,Nuclear,ThetaBase Services,1,1,flexible,1,False,False,1143,31805,32057,86,9,9,10,9,9,9,61,2.25,31805,0.99,Mauritania,20,False
Malta,Type N0,Nuclear,ThetaBase Services,1,1,flexible,1,False,False,1143,31805,58096,82,9,8,9,9,9,9,84,3.1,31805,0.99,Mauritania,20,False
Nicaragua,Type V5,Plasma,ThetaBase Services,2,3,moderate,2,False,False,3145,49359,71817,100,10,10,10,10,10,10,26,1.07,49359,1,Isle of Man,1,False
Rwanda,Type V5,Plasma,ThetaBase Services,0,2,strict,1,False,False,2365,6894,44389,80,8,7,9,10,9,9,2,0.12,6894,0.8,Estonia,47,True
Malta,Type V5,Plasma,ThetaBase Services,1,2,strict,1,False,False,2950,9861,38911,96,10,10,10,10,10,10,6,0.26,9861,1,Guernsey,2,False
Malta,Type N0,Quantum,ThetaBase Services,1,8,flexible,8,False,False,3470,31805,14463,80,8,8,9,9,8,8,49,1.93,31805,0.99,Mauritania,20,False
United Kingdom,Type V5,Quantum,ThetaBase Services,1,2,strict,1,False,False,1377,16527,38940,90,9,8,9,10,10,9,7,0.39,16527,1,Palestinian Territory,2,False
Malta,Type N0,Quantum,ThetaBase Services,1,10,flexible,10,False,False,3990,31805,71085,87,9,7,10,10,9,9,24,0.95,31805,0.99,Mauritania,20,False
Bouvet Island (Bouvetoya),Type F5,Plasma,ThetaBase Services,3,9,strict,5,False,False,4757,41567,61910,94,10,10,10,10,10,9,13,0.5,41567,1,Chile,1,True
United Kingdom,Type V5,Plasma,ThetaBase Services,1,4,moderate,1,False,False,1910,23362,69856,98,10,10,10,10,10,10,27,1.1,23362,1,Monaco,1,True
Russian Federation,Type V5,Plasma,ThetaBase Services,2,4,moderate,2,False,False,2105,22335,69424,100,10,10,10,10,10,10,5,0.19,22335,1,Russian Federation,3,True
Micronesia,Type F5,Plasma,ThetaBase Services,3,5,strict,3,False,False,3600,48381,67356,91,9,9,9,9,10,9,7,0.3,48381,0.9,Netherlands,1,False
Micronesia,Type N0,Quantum,ThetaBase Services,1,3,flexible,1,False,False,1702,8707,37526,93,9,9,9,9,10,9,11,0.41,8707,0.73,Rwanda,21,True
Malta,Type X3,Quantum,ThetaBase Services,1,2,flexible,1,False,False,2027,31805,74872,78,8,8,9,10,8,8,10,0.37,31805,0.99,Mauritania,20,False
Niue,Type V5,Quantum,ThetaBase Services,1,1,moderate,1,False,False,1312,3278,4406,100,10,10,10,10,10,10,9,1.01,3278,0.9,Guinea,2,True
Rwanda,Type V5,Plasma,ThetaBase Services,1,4,flexible,2,False,False,2300,18298,53759,100,10,10,10,10,10,8,1,0.15,18298,0,Uzbekistan,1,False
Malta,Type V5,Plasma,ThetaBase Services,1,2,strict,1,False,False,2170,36914,54015,96,9,9,9,10,10,9,5,0.19,36914,1,Nauru,1,True
Niue,Type F5,Quantum,ThetaBase Services,1,2,flexible,1,False,False,1260,18258,55464,97,10,10,10,10,9,10,29,1.21,18258,0.9,Niue,2,False
Malta,Type V7,Plasma,ThetaBase Services,1,4,moderate,1,False,False,3145,43301,57188,100,10,10,10,10,10,10,3,0.13,43301,1,Tunisia,1,False
Barbados,Type F5,Plasma,ThetaBase Services,3,6,strict,3,False,False,4770,39109,28088,84,9,8,9,9,10,8,9,0.34,39109,0.77,Ukraine,24,True
United Kingdom,Type V5,Plasma,ThetaBase Services,2,4,moderate,2,False,False,2365,31514,13074,100,10,10,10,10,10,10,11,0.43,31514,0.75,Gibraltar,2,False
Costa Rica,Type F5,Quantum,ThetaBase Services,1,2,flexible,2,False,False,1260,17788,40017,73,8,9,10,10,8,8,5,0.19,17788,0,Australia,2,True
Barbados,Type F5,Plasma,ThetaBase Services,3,6,strict,5,False,False,4770,39109,3805,96,9,9,10,10,10,10,10,0.38,39109,0.77,Ukraine,24,True
Nicaragua,Type V5,Plasma,ThetaBase Services,2,4,strict,4,False,False,2560,6496,53589,94,10,9,9,10,10,9,8,0.3,6496,0.83,Cuba,2,True
Niue,Type V5,Plasma,ThetaBase Services,1,2,strict,2,False,False,2001,21838,61060,99,10,10,10,10,10,10,22,0.87,21838,1,Guinea,1,True
Micronesia,Type G0,Plasma,SIT Technology Unlimited,0,3,strict,2,False,False,1585,10883,38917,92,9,9,10,10,10,10,21,0.79,10883,1,Niger,8,True
Brazil,Type F5,Quantum,ThetaBase Services,1,2,moderate,2,False,False,1130,26361,21990,95,10,10,10,10,9,10,56,2.11,26361,1,Vanuatu,3,False
Russian Federation,Type G0,Plasma,ThetaBase Services,1,3,strict,1,True,False,2872,37646,37958,80,9,10,8,9,9,9,4,0.15,37646,1,Estonia,60,False
Isle of Man,Type V5,Plasma,ThetaBase Services,1,2,strict,1,False,False,1507,39304,8843,100,10,10,10,10,8,8,1,0.05,39304,0.75,Togo,2,True
Niue,Type V5,Plasma,ThetaBase Services,2,6,moderate,2,False,False,2794,31314,7079,93,9,9,10,10,9,10,18,0.72,31314,1,Guinea,4,True
Niue,Type F5,Plasma,ThetaBase Services,2,4,strict,2,False,False,2170,29703,16731,100,10,10,10,10,10,10,5,0.21,29703,1,Niue,1,False
United Kingdom,Type V5,Plasma,ThetaBase Services,1,4,strict,2,False,False,2807,37702,31292,98,10,9,10,10,9,10,44,1.79,37702,1,Gibraltar,1,False
Niue,Type V5,Plasma,ThetaBase Services,2,4,flexible,2,False,False,2430,17868,22839,98,10,9,10,10,10,10,9,1.18,17868,1,Niue,2,False
Sao Tome and Principe,Type V2,Plasma,ThetaBase Services,2,4,moderate,2,True,False,2105,16237,50174,93,10,8,10,10,9,10,6,0.23,16237,1,Sao Tome and Principe,1,True
Russian Federation,Type V5,Plasma,ThetaBase Services,1,4,strict,1,False,False,2170,13039,10237,100,10,10,10,10,10,10,1,0.75,13039,0.8,Russian Federation,2,True
Rwanda,Type V5,Plasma,ThetaBase Services,0,4,strict,1,False,False,2144,32556,44746,86,9,9,10,10,10,9,7,0.26,32556,0.9,Estonia,11,True
Brazil,Type V2,Quantum,ThetaBase Services,1,2,flexible,1,False,False,1299,31936,58183,100,10,10,10,10,10,10,4,0.17,31936,1,Vanuatu,2,False
Estonia,Type V5,Plasma,ThetaBase Services,2,4,moderate,2,False,False,1845,27233,4273,98,10,10,10,10,9,10,25,0.94,27233,1,Zimbabwe,1,True
Malta,Type V5,Plasma,ThetaBase Services,0,4,strict,2,True,False,3015,24858,18508,99,10,10,10,10,10,10,39,1.47,24858,1,Indonesia,2,True
Sao Tome and Principe,Type V5,Plasma,ThetaBase Services,1,2,moderate,1,False,False,1910,40656,47862,93,10,9,10,10,8,9,11,0.51,40656,1,Sao Tome and Principe,1,False
Rwanda,Type F5,Quantum,ThetaBase Services,1,2,moderate,1,False,False,1312,28404,51714,98,10,10,10,10,10,10,95,3.58,28404,1,Croatia,1,True
Niue,Type V5,Quantum,ThetaBase Services,1,2,strict,1,False,False,1195,47938,3306,97,10,10,10,10,10,10,90,3.58,47938,1,Niue,4,False
Isle of Man,Type F5,Quantum,ThetaBase Services,1,1,strict,1,True,False,1260,20796,34992,100,10,10,10,10,10,10,1,0.04,20796,1,Togo,2,False
Nicaragua,Type F5,Quantum,ThetaBase Services,1,2,flexible,1,True,False,1325,49772,16763,98,10,10,10,10,10,10,26,2.15,49772,1,Jersey,1,False
Micronesia,Type F5,Plasma,ThetaBase Services,3,5,moderate,3,False,False,4120,20089,53616,91,9,10,10,10,10,9,18,0.7,20089,1,Rwanda,1,True
Bouvet Island (Bouvetoya),Type V5,Plasma,ThetaBase Services,1,4,moderate,2,False,False,2066,35236,47244,91,10,9,9,9,10,9,30,1.14,35236,1,Chile,1,True
Marshall Islands,Type F5,Quantum,ThetaBase Services,1,2,flexible,1,False,False,1780,17669,31299,90,10,10,10,10,10,10,2,0.12,17669,1,Russian Federation,3,False
Micronesia,Type V5,Plasma,ThetaBase Services,4,6,moderate,4,False,False,4770,18077,40409,98,10,10,10,10,10,10,13,0.55,18077,1,Sao Tome and Principe,139,False
Niue,Type F5,Quantum,ThetaBase Services,1,2,flexible,1,False,False,1364,42261,56405,100,10,10,10,10,10,10,1,0.11,42261,1,Niue,1,False
Nicaragua,Type V5,Plasma,ThetaBase Services,1,4,strict,2,False,False,2430,28828,27831,100,10,10,10,10,10,10,6,0.25,28828,1,Isle of Man,198,True
Barbados,Type V5,Nuclear,ThetaBase Services,1,10,strict,10,False,False,1260,12598,2364,86,9,8,9,9,10,9,22,0.84,12598,1,Montserrat,3,False
Brazil,Type F5,Quantum,ThetaBase Services,1,1,flexible,1,True,False,1195,43131,24808,95,10,9,10,10,10,10,21,0.8,43131,1,Vanuatu,2,False
Brazil,Type V5,Quantum,ThetaBase Services,1,2,flexible,1,False,False,1325,43131,33734,100,10,10,10,10,10,10,3,0.12,43131,1,Vanuatu,2,False
Micronesia,Type V5,Plasma,ThetaBase Services,2,4,strict,2,False,False,2742,30426,51829,94,10,9,10,10,9,9,38,1.44,30426,1,Kenya,1,False
Rwanda,Type V5,Plasma,ThetaBase Services,2,4,moderate,2,False,False,2430,25824,26842,97,10,10,10,10,10,9,18,0.69,25824,1,Croatia,1,True
Barbados,Type V5,Plasma,ThetaBase Services,1,2,strict,1,False,False,3080,27972,61783,74,7,9,9,9,10,8,7,0.34,27972,0.94,Brazil,27,False
United Kingdom,Type V7,Plasma,ThetaBase Services,2,5,strict,2,False,False,2716,2403,35410,91,10,10,10,10,9,9,9,0.35,2403,0.5,Gibraltar,2,False
United Kingdom,Type V5,Plasma,ThetaBase Services,1,2,flexible,1,False,False,1494,26627,24123,100,10,10,10,10,8,10,3,0.43,26627,0.71,Monaco,1,False
Barbados,Type V5,Nuclear,ThetaBase Services,1,2,moderate,1,False,False,1910,12598,67540,95,10,10,10,10,10,10,5,0.19,12598,1,Montserrat,3,False
Russian Federation,Type V5,Plasma,ThetaBase Services,3,6,strict,3,True,False,4133,38163,50084,92,9,8,10,10,10,9,36,1.66,38163,1,Venezuela,3,False
Anguilla,Type V5,Quantum,ThetaBase Services,1,1,strict,2,True,False,1182,11126,27366,96,10,10,10,10,9,10,58,2.19,11126,1,Anguilla,3,True
Micronesia,Type V5,Plasma,ThetaBase Services,2,4,moderate,2,False,False,4185,19811,51206,85,10,8,9,9,10,9,11,0.43,19811,0.9,Nicaragua,21,True
Rwanda,Type F5,Quantum,ThetaBase Services,1,2,strict,1,False,False,1429,12591,27542,91,10,9,10,9,10,9,165,6.27,12591,1,Maldives,4,True
Niue,Type V5,Plasma,ThetaBase Services,1,2,moderate,1,True,False,2365,22289,55240,96,10,9,10,10,9,9,15,0.64,22289,1,Guinea,1,True
Micronesia,Type V2,Plasma,ThetaBase Services,3,7,strict,3,True,False,6655,19958,44550,88,9,9,9,9,10,9,19,0.74,19958,1,Congo,40,True
Russian Federation,Type V5,Plasma,ThetaBase Services,1,2,strict,1,False,False,2625,46685,9174,100,10,10,10,10,10,10,12,0.47,46685,1,Tonga,1,True
Rwanda,Type F5,Quantum,ThetaBase Services,1,2,strict,1,False,False,1338,12591,7014,92,10,10,10,10,10,9,161,6.08,12591,1,Maldives,4,True
Malta,Type F5,Quantum,ThetaBase Services,1,1,flexible,1,False,False,1715,16840,50947,100,10,10,10,10,10,10,62,2.38,16840,1,Mexico,1,True
Barbados,Type V5,Plasma,ThetaBase Services,2,6,strict,4,True,False,3067,48769,6197,98,10,10,10,10,10,9,34,1.31,48769,1,Indonesia,4,True
Malta,Type N0,Quantum,ThetaBase Services,1,6,moderate,6,False,False,2430,31805,10165,72,7,8,9,9,8,8,21,0.8,31805,0.99,Mauritania,20,False
Isle of Man,Type V2,Quantum,ThetaBase Services,1,2,strict,1,True,False,1520,21077,68709,98,10,10,10,10,10,10,84,3.19,21077,1,Togo,1,True
Sao Tome and Principe,Type V5,Quantum,ThetaBase Services,1,1,flexible,1,False,False,1195,3355,13574,93,9,9,10,10,9,10,23,0.89,3355,0.78,Faroe Islands,2,True
Indonesia,Type F5,Quantum,ThetaBase Services,1,2,flexible,2,False,False,1637,28568,18226,99,10,10,10,10,10,10,71,2.7,28568,1,Faroe Islands,3,False
Malta,Type V5,Plasma,ThetaBase Services,2,7,strict,3,False,False,3457,24026,39430,85,9,9,7,9,9,9,16,0.85,24026,0.98,Cape Verde,69,True
Russian Federation,Type V5,Plasma,ThetaBase Services,1,2,strict,1,False,False,1910,13365,18781,99,10,10,10,10,10,10,20,0.78,13365,1,Indonesia,7,True
Bouvet Island (Bouvetoya),Type V5,Plasma,ThetaBase Services,1,2,strict,1,False,False,2820,1241,1425,100,10,10,10,10,10,8,1,0.32,1241,1,Chile,1,False
Malta,Type V5,Plasma,ThetaBase Services,2,4,strict,2,False,False,1910,15658,42158,100,10,9,10,10,10,10,2,0.08,15658,1,Afghanistan,1,True
Barbados,Type V5,Quantum,ThetaBase Services,1,2,moderate,1,False,False,1624,7255,71762,100,10,10,10,10,10,10,17,0.65,7255,1,Bouvet Island (Bouvetoya),8,True
Malta,Type V2,Plasma,ThetaBase Services,3,6,strict,3,False,False,3795,2198,47347,100,10,10,10,10,10,10,1,0.04,2198,1,Marshall Islands,1,True
Malta,Type V5,Plasma,ThetaBase Services,2,4,moderate,2,False,False,2157,36088,45409,99,10,10,10,10,9,10,37,1.47,36088,1,Niue,2,False
Costa Rica,Type V5,Quantum,ThetaBase Services,1,2,strict,1,False,False,1650,3375,1310,100,10,10,10,10,10,10,3,0.11,3375,0.5,Uzbekistan,2,True
Micronesia,Type G0,Plasma,ThetaBase Services,1,4,strict,1,True,False,2950,11567,62984,90,10,10,10,10,10,10,2,0.08,11567,1,Niger,31,True
United Kingdom,Type V5,Quantum,ThetaBase Services,1,2,moderate,1,False,False,1377,37686,30409,93,10,9,10,10,10,9,74,2.84,37686,0.9,Monaco,1,True
Malta,Type N0,Quantum,ThetaBase Services,1,6,flexible,6,False,False,2430,31805,8768,87,9,8,10,10,9,10,7,0.27,31805,0.99,Mauritania,20,False
Nicaragua,Type V5,Plasma,ThetaBase Services,1,4,strict,1,False,False,2430,3391,64486,82,9,10,8,8,10,9,10,0.4,3391,1,Iran,58,True
Barbados,Type V5,Plasma,ThetaBase Services,1,4,strict,1,False,False,2430,3391,12520,87,9,9,9,10,10,8,7,0.3,3391,1,Iran,58,True
Malta,Type V5,Plasma,ThetaBase Services,2,7,strict,3,False,False,3457,24026,14809,67,6,7,6,7,7,7,3,0.16,24026,0.98,Cape Verde,69,True
Costa Rica,Type F5,Quantum,ThetaBase Services,1,1,flexible,1,True,False,1390,10061,65163,98,9,10,10,10,10,10,12,0.47,10061,1,Mauritania,1,True
United Kingdom,Type F5,Quantum,ThetaBase Services,2,2,strict,3,False,False,1104,36495,47224,84,8,7,9,9,8,8,18,0.7,36495,0.5,Denmark,1,False
Micronesia,Type V5,Plasma,ThetaBase Services,0,2,strict,1,False,False,2105,13212,5076,90,10,10,10,10,10,10,2,0.11,13212,1,Zimbabwe,12,True
Micronesia,Type V5,Plasma,ThetaBase Services,0,2,strict,1,False,False,2105,13212,53875,94,10,10,10,10,10,9,7,0.29,13212,1,Zimbabwe,12,True
Faroe Islands,Type V5,Quantum,ThetaBase Services,1,2,flexible,1,False,False,1507,5690,34416,99,10,10,10,10,9,10,99,3.85,5690,1,Isle of Man,2,True
Sao Tome and Principe,Type O3,Quantum,ThetaBase Services,1,1,flexible,1,True,False,1416,7959,70374,98,10,10,10,10,10,10,71,2.72,7959,1,Peru,1,False
United Kingdom,Type V5,Quantum,ThetaBase Services,1,2,flexible,1,True,False,1754,255,65831,100,10,8,10,10,10,8,2,0.08,255,0.5,Gibraltar,1,False
Barbados,Type V5,Plasma,ThetaBase Services,1,2,strict,2,False,False,2560,39109,15608,100,10,10,10,10,10,9,6,0.28,39109,0.77,Ukraine,24,True
Uzbekistan,Type V5,Plasma,ThetaBase Services,2,6,moderate,2,False,False,2040,38098,8224,91,10,9,10,10,9,9,36,1.41,38098,1,Zimbabwe,7,True
Malta,Type V5,Plasma,ThetaBase Services,1,5,strict,2,False,False,2677,24026,3055,80,6,10,6,10,10,8,1,0.06,24026,0.98,Cape Verde,69,True
Micronesia,Type O3,Quantum,ThetaBase Services,1,2,flexible,1,False,False,1650,8707,58435,86,9,8,9,10,10,9,19,0.92,8707,0.73,Rwanda,21,True
Nicaragua,Type V5,Plasma,ThetaBase Services,2,7,strict,3,False,False,3457,24026,12175,88,9,9,8,9,9,9,29,1.43,24026,0.98,Cape Verde,69,True
Anguilla,Type V5,Quantum,ThetaBase Services,1,2,strict,2,True,False,1208,11126,48424,98,10,10,10,10,9,10,8,0.31,11126,1,Anguilla,3,True
Malta,Type F5,Quantum,ThetaBase Services,1,2,strict,2,False,False,1520,32346,41326,98,10,10,10,10,9,10,25,1.03,32346,1,United Kingdom,3,False
Nicaragua,Type V5,Plasma,ThetaBase Services,2,4,strict,2,False,False,3405,27972,40511,83,8,10,9,8,9,8,12,0.48,27972,0.94,Brazil,27,False
Rwanda,Type V5,Quantum,ThetaBase Services,1,4,strict,2,False,False,1845,48455,50761,98,9,9,10,10,10,10,8,0.43,48455,0.89,Uzbekistan,20,True
Costa Rica,Type V5,Quantum,ThetaBase Services,1,1,moderate,1,False,False,1442,46110,18488,80,6,8,10,10,10,8,1,0.07,46110,1,Afghanistan,4,False
Barbados,Type V5,Plasma,ThetaBase Services,0,2,strict,1,True,False,1650,19,59694,84,9,7,10,10,10,9,131,5.06,19,1,Reunion,2,False
Micronesia,Type V5,Plasma,ThetaBase Services,1,4,strict,2,False,False,2105,28828,22326,90,9,9,10,10,10,9,26,1.03,28828,1,Isle of Man,198,True
Marshall Islands,Type F5,Quantum,ThetaBase Services,1,2,flexible,1,False,False,1650,25507,54973,100,10,10,10,10,10,10,2,0.11,25507,1,Malta,3,False
Anguilla,Type F5,Plasma,ThetaBase Services,3,5,flexible,3,False,False,4120,9981,60792,94,9,9,10,10,9,9,14,0.6,9981,1,Anguilla,1,False
Faroe Islands,Type V5,Plasma,ThetaBase Services,2,3,moderate,2,False,False,2040,49357,31922,100,9,10,9,10,8,7,2,1.15,49357,1,Micronesia,2,False
Malta,Type V5,Plasma,ThetaBase Services,2,4,moderate,2,False,False,2560,18077,75564,98,10,10,10,10,10,9,23,0.92,18077,1,Sao Tome and Principe,139,False
United Kingdom,Type V5,Quantum,ThetaBase Services,1,1,flexible,1,True,False,1273,29880,21703,91,9,10,9,10,9,9,22,0.86,29880,1,Tanzania,1,False
Russian Federation,Type V5,Plasma,ThetaBase Services,2,3,flexible,3,False,False,2690,8866,64035,100,10,10,10,10,10,10,2,0.08,8866,0.9,Tonga,2,True
Sao Tome and Principe,Type V5,Plasma,ThetaBase Services,1,2,strict,1,False,False,2300,6154,27740,96,10,10,10,10,9,9,28,1.11,6154,0.86,Sao Tome and Principe,1,False
Bouvet Island (Bouvetoya),Type V5,Plasma,ThetaBase Services,1,2,moderate,1,False,False,1585,34951,41851,95,10,9,10,10,10,10,28,1.11,34951,1,Uzbekistan,1,False
Sao Tome and Principe,Type F5,Quantum,ThetaBase Services,1,2,flexible,2,False,False,1715,17612,17716,96,10,10,10,10,10,10,62,2.44,17612,1,Peru,2,True
Sao Tome and Principe,Type O3,Quantum,ThetaBase Services,1,3,flexible,3,False,False,1845,17612,7204,97,10,10,10,10,10,10,29,1.17,17612,1,Peru,2,True
Barbados,Type V5,Plasma,ThetaBase Services,3,9,strict,6,False,False,6070,33823,11141,94,9,9,10,9,10,9,54,2.13,33823,0.78,France,17,True
Faroe Islands,Type F5,Quantum,ThetaBase Services,1,2,moderate,1,False,False,1195,28884,37751,80,9,10,8,9,8,8,2,0.13,28884,1,Micronesia,2,True
Micronesia,Type F5,Plasma,ThetaBase Services,3,8,moderate,5,False,False,4289,41971,40352,85,9,8,9,9,10,9,49,1.91,41971,1,Rwanda,1,True
Nicaragua,Type V5,Plasma,ThetaBase Services,2,6,strict,2,False,False,2950,3391,72852,82,9,8,9,10,10,9,11,0.46,3391,1,Iran,58,True
Barbados,Type V5,Plasma,ThetaBase Services,2,5,strict,2,False,False,2820,3391,69039,77,9,8,9,9,10,9,7,0.28,3391,1,Iran,58,True
Russian Federation,Type V5,Plasma,ThetaBase Services,1,6,strict,3,True,False,2027,30435,52283,89,9,9,9,9,9,9,49,1.93,30435,0.99,Cape Verde,41,False
Anguilla,Type V5,Plasma,ThetaBase Services,0,2,moderate,1,True,False,1650,16045,24412,99,10,10,10,10,10,10,55,2.14,16045,1,Anguilla,1,True
Micronesia,Type V5,Plasma,ThetaBase Services,2,4,moderate,2,False,False,3470,18077,69805,97,10,10,10,10,10,9,32,1.34,18077,1,Sao Tome and Principe,139,False
Russian Federation,Type F5,Plasma,ThetaBase Services,2,4,moderate,2,True,False,2755,37207,8754,97,10,10,10,10,10,9,16,0.67,37207,0.8,Tonga,1,False
Nicaragua,Type V5,Plasma,ThetaBase Services,4,7,moderate,4,True,False,2560,37043,4015,86,9,9,9,9,10,9,44,1.73,37043,1,Pakistan,11,False
Niue,Type V5,Plasma,ThetaBase Services,1,4,flexible,2,False,False,1910,27572,30191,99,10,10,10,10,10,10,39,1.72,27572,0.67,Niue,1,False
Estonia,Type V5,Quantum,ThetaBase Services,1,2,moderate,1,False,False,1650,6276,69749,100,10,10,10,10,9,10,21,0.85,6276,1,Zimbabwe,5,False
Russian Federation,Type V5,Plasma,ThetaBase Services,1,4,strict,2,True,False,2365,35219,62225,90,9,10,9,9,10,9,29,1.14,35219,0.97,Tonga,4,False
Malta,Type V2,Quantum,ThetaBase Services,1,2,moderate,1,False,False,1910,21927,60101,99,10,10,10,10,10,10,58,2.29,21927,1,Brazil,1,False
Brazil,Type V2,Quantum,ThetaBase Services,1,2,flexible,1,False,False,1390,31936,77055,98,10,10,10,10,9,10,19,0.75,31936,1,Vanuatu,2,False
Nicaragua,Type F5,Quantum,ThetaBase Services,1,2,flexible,1,True,False,1377,47483,24722,95,9,9,10,9,9,9,22,9.57,47483,0.9,Jersey,1,True
United Kingdom,Type V5,Plasma,ThetaBase Services,1,4,moderate,1,False,False,1650,22387,56153,85,10,8,9,9,8,8,11,0.44,22387,1,Gibraltar,1,True
Nicaragua,Type V5,Plasma,ThetaBase Services,3,9,strict,4,False,False,4107,24026,54839,70,9,6,10,8,9,7,2,0.61,24026,0.98,Cape Verde,69,True
Nicaragua,Type V5,Plasma,ThetaBase Services,2,7,strict,3,False,False,3457,24026,68515,96,10,9,10,10,9,9,5,0.27,24026,0.98,Cape Verde,69,True
Nicaragua,Type F5,Quantum,ThetaBase Services,1,2,strict,1,True,False,1585,37043,26176,92,10,9,9,10,10,9,105,4.17,37043,1,Pakistan,11,False
Nicaragua,Type V5,Plasma,ThetaBase Services,2,6,strict,3,False,False,3002,45721,72552,93,10,9,10,10,10,9,54,2.19,45721,1,Jersey,1,True
Micronesia,Type V5,Plasma,ThetaBase Services,1,2,moderate,1,False,False,2950,18077,13053,80,10,8,10,10,10,8,1,0.04,18077,1,Sao Tome and Principe,139,False
Malta,Type V5,Quantum,ThetaBase Services,1,2,moderate,1,False,False,1598,32075,22232,96,10,9,10,10,10,9,88,3.53,32075,1,Indonesia,2,False
Micronesia,Type V5,Plasma,ThetaBase Services,1,4,strict,2,False,False,3275,43428,75633,93,9,9,10,10,10,9,14,0.58,43428,0.73,Faroe Islands,9,True
Bouvet Island (Bouvetoya),Type E3,Quantum,ThetaBase Services,1,3,moderate,1,False,False,1455,2949,40161,97,10,10,10,10,10,10,45,1.81,2949,1,French Guiana,1,True
Bouvet Island (Bouvetoya),Type V5,Quantum,ThetaBase Services,1,2,strict,1,False,False,1338,42470,75022,97,10,10,10,10,10,10,71,2.9,42470,1,Malawi,2,False
Gambia,Type F5,Plasma,ThetaBase Services,5,10,strict,6,False,False,3990,20664,34819,97,10,10,10,10,10,10,6,0.3,20664,1,Nauru,4,False
Sao Tome and Principe,Type F5,Quantum,ThetaBase Services,1,3,flexible,4,True,False,1520,16686,68557,100,10,10,10,10,10,10,7,0.28,16686,1,Turkmenistan,1,False
Russian Federation,Type V5,Quantum,ThetaBase Services,1,2,strict,1,True,False,1481,22335,15819,96,10,9,10,10,10,10,39,1.56,22335,1,Russian Federation,3,True
Micronesia,Type V2,Plasma,ThetaBase Services,3,6,moderate,3,False,False,5030,18077,13301,99,10,9,10,10,9,10,16,0.68,18077,1,Sao Tome and Principe,139,False
Malta,Type F5,Plasma,ThetaBase Services,4,8,moderate,4,True,False,5225,18077,65786,97,10,10,10,10,10,10,23,1.13,18077,1,Sao Tome and Principe,139,False
Malta,Type O3,Quantum,ThetaBase Services,1,3,strict,2,False,False,1650,32346,10490,96,10,10,10,10,9,10,41,1.74,32346,1,United Kingdom,3,False
Micronesia,Type V5,Plasma,ThetaBase Services,3,5,strict,3,False,False,3847,4267,16715,89,9,10,9,9,10,9,30,1.19,4267,1,Senegal,22,True
Micronesia,Type V5,Plasma,ThetaBase Services,2,4,strict,3,False,False,3275,48886,65984,96,10,8,10,10,10,9,30,1.27,48886,1,Netherlands,4,True
Sao Tome and Principe,Type F5,Plasma,ThetaBase Services,3,6,moderate,3,False,False,3990,18077,36599,100,10,9,10,10,9,9,3,0.13,18077,1,Sao Tome and Principe,139,False
Nicaragua,Type V5,Plasma,ThetaBase Services,2,6,moderate,2,True,False,3340,21083,54066,97,10,10,10,10,10,9,21,0.93,21083,1,Spain,3,True
Sao Tome and Principe,Type V5,Quantum,ThetaBase Services,1,2,strict,1,False,False,1325,22082,61635,93,10,9,10,10,9,9,151,6.03,22082,1,Isle of Man,1,True
Nicaragua,Type F5,Quantum,ThetaBase Services,1,2,strict,1,True,False,1585,37043,28624,90,9,9,9,10,10,9,102,4,37043,1,Pakistan,11,False
Micronesia,Type V5,Plasma,"Banks, Wood and Phillips",1,2,moderate,0,False,False,1650,36100,11857,100,10,10,10,8,10,10,1,0.07,36100,1,Rwanda,17,True
United Kingdom,Type V5,Quantum,ThetaBase Services,1,3,strict,2,True,False,1611,48334,65732,85,9,9,10,10,9,9,107,4.31,48334,1,Guinea,12,False
United Kingdom,Type V5,Quantum,ThetaBase Services,1,2,strict,1,True,False,1572,48334,53422,88,9,9,10,10,10,9,111,4.45,48334,1,Guinea,12,False
Niue,Type V5,Quantum,ThetaBase Services,1,1,moderate,1,False,False,1234,29512,76864,99,10,10,10,10,10,10,19,0.77,29512,1,Guinea,1,True
Bouvet Island (Bouvetoya),Type V5,Plasma,ThetaBase Services,1,2,moderate,1,False,False,2430,35486,66360,100,10,10,10,10,10,10,2,0.76,35486,1,French Guiana,1,True
Rwanda,Type V5,Quantum,ThetaBase Services,1,1,strict,1,True,False,1455,21646,29989,93,10,10,10,10,9,10,18,1.93,21646,1,Togo,2,False
Malta,Type X3,Plasma,ThetaBase Services,1,4,flexible,2,True,False,2690,10052,28732,98,10,10,10,10,10,10,22,0.88,10052,1,Niue,1,True
Costa Rica,Type V5,Plasma,ThetaBase Services,1,3,strict,3,True,False,1728,3860,55691,100,10,10,10,10,8,10,2,0.08,3860,1,Uzbekistan,1,True
Faroe Islands,Type F5,Plasma,ThetaBase Services,5,10,strict,5,False,False,6005,29744,38178,98,10,9,10,10,10,9,10,0.42,29744,1,Micronesia,1,False
Indonesia,Type F5,Quantum,ThetaBase Services,2,4,strict,3,False,False,1819,25914,27955,99,10,10,10,10,10,10,63,3.07,25914,1,France,2,True
Micronesia,Type G0,Plasma,ThetaBase Services,1,4,strict,2,True,False,2950,11567,42871,67,7,7,10,9,10,8,3,0.12,11567,1,Niger,31,True
Uzbekistan,Type V2,Quantum,ThetaBase Services,1,2,flexible,1,True,False,1260,30610,52391,100,10,10,10,10,10,10,3,0.75,30610,1,Kiribati,1,True
Costa Rica,Type V5,Plasma,ThetaBase Services,2,4,moderate,2,True,False,2430,2768,42877,97,10,10,10,10,9,9,41,1.74,2768,1,Christmas Island,2,True
Costa Rica,Type V5,Plasma,ThetaBase Services,2,2,flexible,1,True,False,1338,2768,71810,93,9,9,10,10,9,9,3,0.12,2768,1,Christmas Island,2,True
Russian Federation,Type F5,Quantum,ThetaBase Services,1,3,strict,2,True,False,1767,12868,506,92,10,9,10,10,9,9,103,4.13,12868,1,Tonga,1,False
Niue,Type F5,Plasma,ThetaBase Services,0,2,flexible,2,True,False,1455,390,35820,91,10,9,10,9,9,10,9,0.42,390,1,Niue,1,True
Isle of Man,Type O3,Quantum,ThetaBase Services,3,4,flexible,3,False,False,1520,20518,63265,98,10,10,10,10,10,10,33,1.31,20518,1,Togo,4,True
United Kingdom,Type F5,Plasma,ThetaBase Services,2,4,flexible,2,True,False,1845,38004,14715,94,9,9,10,10,9,9,25,1.01,38004,0,Palestinian Territory,2,False
Micronesia,Type V5,Plasma,ThetaBase Services,2,6,strict,2,True,False,5095,19958,58966,79,8,9,9,9,10,8,18,0.74,19958,1,Congo,40,True
United Kingdom,Type V5,Plasma,ThetaBase Services,1,2,moderate,1,False,False,1637,31340,76761,98,10,10,10,10,9,10,11,0.44,31340,1,El Salvador,1,True
Barbados,Type V5,Plasma,ThetaBase Services,1,3,strict,1,False,False,2820,39109,29417,97,10,10,10,10,10,9,6,0.26,39109,0.77,Ukraine,24,True
Bouvet Island (Bouvetoya),Type F5,Quantum,ThetaBase Services,1,2,strict,1,False,False,1312,6753,6504,92,10,9,10,10,10,10,52,2.09,6753,1,French Guiana,1,False
Bouvet Island (Bouvetoya),Type V5,Quantum,ThetaBase Services,1,1,moderate,1,False,False,1325,35754,17619,100,10,10,10,10,10,10,1,0.05,35754,0,Lebanon,1,True
Niue,Type F5,Plasma,ThetaBase Services,6,12,flexible,6,False,False,7370,19811,61317,100,10,10,10,10,4,8,3,0.12,19811,0.9,Nicaragua,21,True
Russian Federation,Type V5,Plasma,ThetaBase Services,2,4,moderate,2,False,False,1845,9638,13586,100,10,9,10,10,10,10,3,0.13,9638,0,Tonga,2,False
Indonesia,Type F5,Quantum,ThetaBase Services,1,1,strict,0,False,False,1429,12177,16856,100,10,10,9,10,10,10,2,0.08,12177,1,France,6,True
Kiribati,Type V5,Quantum,ThetaBase Services,1,1,moderate,1,True,False,1195,46335,71170,96,10,10,10,10,9,10,149,6.05,46335,1,Nicaragua,1,True
Nicaragua,Type V5,Plasma,ThetaBase Services,0,3,strict,2,True,False,1884,39248,10779,97,10,10,10,10,10,9,64,2.61,39248,0.97,Cuba,5,False
United Kingdom,Type F5,Quantum,ThetaBase Services,1,2,flexible,2,False,False,1416,15200,22924,100,10,10,10,10,10,10,88,3.62,15200,1,Gibraltar,1,True
Malta,Type F5,Plasma,ThetaBase Services,3,6,moderate,3,False,False,4640,18077,74028,95,9,9,10,10,8,9,4,0.2,18077,1,Sao Tome and Principe,139,False
Nicaragua,Type V5,Plasma,ThetaBase Services,3,6,strict,3,True,False,3015,47730,59931,90,10,9,10,10,10,9,19,0.98,47730,1,Saint Helena,1,False
Anguilla,Type V2,Plasma,ThetaBase Services,4,8,moderate,5,False,False,5030,18077,19463,100,10,10,10,10,9,10,2,0.1,18077,1,Sao Tome and Principe,139,False
Micronesia,Type V5,Plasma,ThetaBase Services,1,2,moderate,1,False,False,2560,18077,21974,97,10,9,10,10,10,10,20,0.85,18077,1,Sao Tome and Principe,139,False
Rwanda,Type V5,Plasma,ThetaBase Services,2,7,strict,3,False,False,3457,24026,4093,90,9,10,8,10,10,9,14,0.6,24026,0.98,Cape Verde,69,True
Barbados,Type V5,Quantum,ThetaBase Services,1,2,moderate,1,False,False,1598,16942,983,93,10,9,10,10,10,10,49,8.35,16942,1,Uganda,2,False
Barbados,Type V5,Plasma,ThetaBase Services,3,7,strict,3,False,False,3470,43540,29255,60,6,6,10,10,10,8,1,0.04,43540,0.72,Bosnia and Herzegovina,25,False
Niue,Type V5,Plasma,ThetaBase Services,1,4,strict,2,False,False,2040,43819,50584,100,10,10,10,10,10,10,8,0.35,43819,1,Grenada,2,True
United Kingdom,Type V5,Plasma,ThetaBase Services,2,4,strict,2,False,False,2040,12508,48200,88,9,9,8,9,10,9,10,0.59,12508,0.7,Holy See (Vatican City State),3,True
Rwanda,Type V5,Plasma,ThetaBase Services,2,5,strict,2,True,False,2430,34220,66148,91,9,9,9,10,10,9,8,0.52,34220,1,Estonia,1,True
Bouvet Island (Bouvetoya),Type F5,Quantum,ThetaBase Services,1,1,moderate,1,False,False,1572,891,47268,98,10,10,10,10,9,10,27,1.13,891,1,Chile,2,True
Nicaragua,Type V5,Plasma,ThetaBase Services,1,4,strict,2,False,False,1975,28828,64210,95,10,10,10,10,9,9,39,1.64,28828,1,Isle of Man,198,True
Nicaragua,Type V5,Plasma,ThetaBase Services,1,2,strict,1,False,False,2950,27972,45359,90,9,10,9,9,9,9,14,0.58,27972,0.94,Brazil,27,False
Nicaragua,Type V5,Quantum,ThetaBase Services,1,2,moderate,1,False,False,1299,41412,14267,84,9,8,9,9,9,9,81,3.47,41412,1,Saint Helena,2,False
Micronesia,Type V5,Plasma,ThetaBase Services,2,4,strict,4,False,False,2443,513,59680,98,10,10,10,10,10,10,26,1.11,513,0.8,Uganda,1,False
Malta,Type V5,Plasma,ThetaBase Services,2,7,strict,3,False,False,3457,24026,246,91,10,10,8,10,9,9,18,0.97,24026,0.98,Cape Verde,69,True
Micronesia,Type V5,Plasma,ThetaBase Services,1,2,moderate,1,False,False,2300,18077,66765,89,9,9,10,10,10,9,17,0.72,18077,1,Sao Tome and Principe,139,False
Wallis and Futuna,Type V5,Plasma,ThetaBase Services,1,2,flexible,1,False,False,2157,18269,20410,93,10,10,9,9,10,9,12,0.54,18269,0.86,Fiji,12,False
Estonia,Type V2,Plasma,ThetaBase Services,4,6,strict,4,False,False,2170,13981,50934,100,10,10,10,10,9,10,9,0.38,13981,1,Zimbabwe,1,False
Niue,Type V5,Plasma,"Banks, Wood and Phillips",1,4,strict,2,True,False,1910,17339,15653,91,10,9,10,10,10,9,17,0.71,17339,0.67,Niue,1,False
United Kingdom,Type V5,Plasma,ThetaBase Services,2,4,strict,2,False,False,3470,49504,16670,87,9,9,9,10,9,9,25,1.02,49504,1,Guinea,2,False
Russian Federation,Type V5,Plasma,ThetaBase Services,2,6,strict,3,True,False,2885,5166,56626,93,9,10,10,10,10,10,12,0.59,5166,1,Ecuador,16,True
Russian Federation,Type V5,Plasma,ThetaBase Services,1,4,strict,2,True,False,2495,5166,76128,93,10,9,9,10,9,9,12,0.51,5166,1,Ecuador,16,True
Russian Federation,Type V5,Plasma,ThetaBase Services,1,4,strict,2,True,False,2495,5166,24682,93,10,10,9,10,10,9,23,0.98,5166,1,Ecuador,16,True
United Kingdom,Type F5,Quantum,ThetaBase Services,1,2,flexible,1,True,False,1650,20413,27494,20,2,2,2,2,2,2,1,0.75,20413,0.67,El Salvador,1,False
Estonia,Type F5,Plasma,ThetaBase Services,2,4,strict,2,False,False,1962,32031,27466,96,10,10,10,10,9,10,5,0.29,32031,1,Zimbabwe,1,True
Isle of Man,Type F5,Quantum,ThetaBase Services,1,2,flexible,1,False,False,1780,20518,7833,80,7,8,9,9,9,8,3,0.12,20518,1,Togo,4,True
Pakistan,Type O3,Quantum,ThetaBase Services,1,2,moderate,1,False,False,1650,35077,13766,100,8,10,8,10,10,10,1,0.37,35077,1,Cocos (Keeling) Islands,4,False
Nicaragua,Type V5,Quantum,ThetaBase Services,1,2,moderate,1,False,False,1234,41412,34934,80,9,7,8,8,9,8,76,3.26,41412,1,Saint Helena,2,False
Micronesia,Type V5,Plasma,ThetaBase Services,2,5,strict,2,True,False,5095,19958,36207,63,7,6,7,7,9,7,8,0.37,19958,1,Congo,40,True
Micronesia,Type V5,Plasma,ThetaBase Services,2,6,moderate,2,True,False,5550,8225,1300,95,10,9,10,9,10,9,19,0.81,8225,0.95,Barbados,31,False
Indonesia,Type F5,Quantum,ThetaBase Services,1,1,flexible,0,False,False,1403,28568,2285,99,10,10,10,10,10,10,71,2.92,28568,1,Faroe Islands,3,False
United Kingdom,Type V5,Quantum,ThetaBase Services,1,3,flexible,1,False,False,1897,2403,64082,95,10,10,10,9,10,10,4,0.17,2403,0.5,Gibraltar,2,False
Nicaragua,Type V2,Quantum,ThetaBase Services,1,2,moderate,1,False,False,1845,2935,14414,100,10,10,10,10,10,10,10,0.41,2935,1,Isle of Man,3,True
Bouvet Island (Bouvetoya),Type V5,Plasma,ThetaBase Services,1,2,moderate,0,False,False,2170,42600,10893,100,10,10,10,10,10,10,47,2.12,42600,1,Malawi,1,True
Costa Rica,Type F5,Quantum,ThetaBase Services,1,2,strict,2,True,False,1455,12491,42786,90,10,8,10,10,8,9,2,0.34,12491,1,Pakistan,3,False
Rwanda,Type F5,Quantum,ThetaBase Services,1,2,moderate,1,False,False,1455,43344,8454,77,8,7,9,9,8,7,17,0.8,43344,0.6,Maldives,5,False
Pakistan,Type O3,Quantum,ThetaBase Services,1,2,moderate,1,False,False,1520,35077,43492,100,10,10,10,10,10,10,3,0.13,35077,1,Cocos (Keeling) Islands,4,False
Micronesia,Type V5,Plasma,ThetaBase Services,1,2,strict,1,False,False,2950,46240,4351,96,10,9,10,10,10,9,26,1.11,46240,1,Nicaragua,1,True
Pakistan,Type O3,Quantum,ThetaBase Services,1,1,moderate,1,False,False,1390,35077,21371,95,10,10,10,10,10,10,4,0.31,35077,1,Cocos (Keeling) Islands,4,False
Nicaragua,Type V5,Plasma,ThetaBase Services,3,8,strict,4,False,False,5147,24026,60591,91,10,9,9,10,10,9,29,1.3,24026,0.98,Cape Verde,69,True
Micronesia,Type V5,Plasma,ThetaBase Services,3,5,strict,3,False,False,12570,41418,25133,98,10,10,10,10,10,10,13,0.54,41418,1,Nicaragua,1,False
Nicaragua,Type V5,Quantum,ThetaBase Services,1,2,flexible,1,False,False,1585,20889,45879,100,10,10,10,10,10,10,2,0.09,20889,1,Isle of Man,2,False
Barbados,Type V5,Plasma,ThetaBase Services,3,8,strict,3,False,False,3730,3391,11886,93,9,10,9,9,10,9,15,0.65,3391,1,Iran,58,True
Nicaragua,Type F5,Quantum,"Banks, Wood and Phillips",1,2,strict,1,False,False,1520,2935,46369,100,10,10,10,10,10,10,16,0.66,2935,1,Isle of Man,3,True
Gambia,Type V5,Quantum,ThetaBase Services,1,2,moderate,1,False,False,1845,25769,29947,100,10,10,10,10,10,10,36,1.6,25769,1,Uzbekistan,1,False
United Kingdom,Type V5,Plasma,ThetaBase Services,1,2,strict,1,False,False,2300,24010,16146,98,10,10,10,10,9,10,19,0.98,24010,1,Turkmenistan,2,True
Wallis and Futuna,Type V5,Quantum,ThetaBase Services,1,1,moderate,1,False,False,1377,37544,68310,100,10,10,10,10,10,10,1,0.43,37544,1,Malta,2,False
Pakistan,Type F5,Quantum,ThetaBase Services,1,2,flexible,1,False,False,1520,16521,10950,99,10,10,10,10,10,10,78,3.37,16521,1,Cocos (Keeling) Islands,1,True
Malta,Type V5,Quantum,ThetaBase Services,1,1,strict,1,True,False,1260,1564,1658,80,8,8,10,10,10,8,2,0.08,1564,1,Indonesia,12,False
Sao Tome and Principe,Type F5,Quantum,ThetaBase Services,1,2,strict,1,True,False,1156,1564,18607,60,5,6,6,6,9,7,3,0.12,1564,1,Indonesia,12,False
Bouvet Island (Bouvetoya),Type V7,Quantum,ThetaBase Services,1,2,moderate,1,False,False,1546,8362,53922,98,10,10,10,10,10,10,101,4.16,8362,1,Malawi,2,True
Isle of Man,Type F5,Quantum,ThetaBase Services,1,2,flexible,1,False,False,1520,20518,2467,93,9,9,9,9,10,9,6,0.34,20518,1,Togo,4,True
United Kingdom,Type V5,Plasma,ThetaBase Services,2,4,strict,2,True,False,2690,2538,50687,94,10,9,10,10,9,10,18,1.47,2538,0.67,Monaco,1,False
Bouvet Island (Bouvetoya),Type V5,Quantum,ThetaBase Services,1,1,strict,1,False,False,1273,37524,72667,93,10,10,10,9,9,10,6,0.25,37524,1,Lebanon,1,False
Nicaragua,Type F5,Plasma,ThetaBase Services,3,6,strict,2,False,False,2820,2935,55075,100,10,10,10,10,10,10,5,0.29,2935,1,Isle of Man,3,True
Bouvet Island (Bouvetoya),Type V5,Plasma,ThetaBase Services,1,2,strict,1,False,False,2417,1261,76651,94,10,9,10,10,10,9,16,0.9,1261,1,Malawi,3,True
Costa Rica,Type V5,Plasma,ThetaBase Services,1,3,flexible,1,False,False,1442,25590,59251,100,9,10,10,10,10,9,3,0.12,25590,1,Gambia,1,True
Bouvet Island (Bouvetoya),Type V5,Plasma,ThetaBase Services,2,4,strict,2,True,False,1975,28828,27981,95,10,10,10,10,10,10,4,0.18,28828,1,Isle of Man,198,True
Guinea,Type V5,Plasma,ThetaBase Services,1,2,moderate,1,False,False,2625,18269,41055,80,10,10,10,10,10,8,1,0.07,18269,0.86,Fiji,12,False
Rwanda,Type V5,Quantum,ThetaBase Services,1,1,moderate,1,True,False,1260,40549,34279,93,9,7,9,9,9,9,3,0.13,40549,1,Maldives,2,True
Nicaragua,Type V5,Plasma,ThetaBase Services,2,4,moderate,2,False,False,2300,32029,37171,95,10,9,10,10,9,9,23,0.98,32029,1,Saint Helena,2,True
Barbados,Type V5,Plasma,ThetaBase Services,3,6,strict,3,False,False,4835,3391,23892,94,9,10,9,9,10,8,10,0.43,3391,1,Iran,58,True
Wallis and Futuna,Type V5,Plasma,ThetaBase Services,2,4,moderate,2,True,False,2118,1549,9450,97,10,10,10,10,10,10,50,2.36,1549,1,Malta,1,True
Barbados,Type V5,Plasma,ThetaBase Services,1,1,flexible,1,False,False,2560,39109,38201,80,8,10,10,10,10,8,1,0.05,39109,0.77,Ukraine,24,True
Marshall Islands,Type V5,Quantum,ThetaBase Services,1,2,flexible,0,True,False,1390,11891,11883,99,10,10,10,10,10,9,17,0.72,11891,1,Russian Federation,1,True
Kiribati,Type F5,Quantum,ThetaBase Services,1,1,flexible,1,True,False,1325,17004,60945,99,10,10,10,10,10,10,195,8.3,17004,1,United Kingdom,1,False
Russian Federation,Type V5,Plasma,ThetaBase Services,1,2,moderate,1,False,False,1390,24976,44942,93,10,9,10,10,9,9,19,0.88,24976,1,Russian Federation,1,True
Nicaragua,Type O3,Quantum,ThetaBase Services,1,1,flexible,1,False,False,1650,19271,5235,83,8,9,9,10,9,9,12,0.5,19271,1,Jersey,11,False
Micronesia,Type V5,Plasma,ThetaBase Services,2,5,strict,2,True,False,2534,14766,49388,98,10,10,10,10,10,10,43,1.8,14766,1,Rwanda,2,True
Nicaragua,Type O3,Quantum,ThetaBase Services,1,3,moderate,2,False,False,1650,19271,70074,90,10,9,10,10,10,9,11,0.48,19271,1,Jersey,11,False
Bouvet Island (Bouvetoya),Type V5,Plasma,ThetaBase Services,1,2,strict,1,True,False,2105,28828,6023,100,10,10,10,10,10,10,1,0.04,28828,1,Isle of Man,198,True
United Kingdom,Type F5,Quantum,ThetaBase Services,1,2,flexible,1,True,False,1312,17866,41467,98,10,10,10,10,9,10,22,1.25,17866,1,Tanzania,2,True
Rwanda,Type Z6,Quantum,ThetaBase Services,1,2,strict,1,False,False,2677,45739,1293,98,9,10,9,10,10,10,11,0.47,45739,0.8,Maldives,6,True
Malta,Type V5,Plasma,ThetaBase Services,1,6,moderate,3,True,False,2157,27158,76773,91,10,9,10,10,10,9,25,1.08,27158,1,Indonesia,1,False
Wallis and Futuna,Type V7,Plasma,ThetaBase Services,3,6,strict,3,True,False,4250,42299,56557,100,10,10,10,10,10,9,7,0.35,42299,1,Marshall Islands,1,False
Barbados,Type V5,Plasma,ThetaBase Services,2,6,strict,3,False,False,2625,24118,61386,83,8,9,9,9,8,8,13,0.55,24118,0.98,Ghana,21,True
Sao Tome and Principe,Type G0,Plasma,ThetaBase Services,2,8,flexible,2,True,False,3028,13894,54181,92,10,9,10,10,9,9,12,1.04,13894,1,Isle of Man,5,False
Rwanda,Type V5,Plasma,ThetaBase Services,0,2,strict,1,False,False,2144,6894,59834,86,8,8,10,9,10,8,7,0.29,6894,0.8,Estonia,47,True
United Kingdom,Type V5,Plasma,ThetaBase Services,2,4,strict,2,True,False,2040,28828,2220,100,9,10,9,9,10,9,3,0.13,28828,1,Isle of Man,198,True
United Kingdom,Type V5,Quantum,ThetaBase Services,1,4,strict,2,False,False,1442,45898,67236,97,10,10,10,10,9,9,105,5.46,45898,1,Andorra,1,True
Nicaragua,Type O3,Quantum,ThetaBase Services,1,1,flexible,1,False,False,1390,19271,39976,87,9,8,10,9,10,9,9,0.38,19271,1,Jersey,11,False
Guinea,Type V5,Plasma,ThetaBase Services,1,4,strict,1,True,False,2885,5166,16511,96,10,10,10,10,10,9,49,2.08,5166,1,Ecuador,16,True
Niue,Type V5,Plasma,ThetaBase Services,3,5,moderate,3,False,False,2690,18077,22277,98,9,9,9,9,10,10,9,0.45,18077,1,Sao Tome and Principe,139,False
Guinea,Type V5,Plasma,ThetaBase Services,1,4,strict,2,True,False,2885,5166,59266,95,10,10,10,10,10,9,53,2.25,5166,1,Ecuador,16,True
Bouvet Island (Bouvetoya),Type V5,Plasma,ThetaBase Services,1,3,moderate,1,False,False,1975,39793,44553,92,10,8,10,10,9,9,5,0.21,39793,1,Uzbekistan,1,True
Nicaragua,Type O3,Quantum,ThetaBase Services,1,2,moderate,1,False,False,1650,19271,13467,90,9,9,9,9,9,9,12,0.52,19271,1,Jersey,11,False
Barbados,Type V5,Plasma,ThetaBase Services,1,4,strict,2,False,False,2274,42119,57410,100,10,10,10,10,10,10,29,1.23,42119,1,Djibouti,2,True
Nicaragua,Type V5,Plasma,ThetaBase Services,1,2,moderate,1,True,False,1897,42811,36549,80,9,9,10,10,9,9,5,0.26,42811,1,Isle of Man,1,False
Sao Tome and Principe,Type V5,Quantum,ThetaBase Services,1,2,flexible,1,False,False,1312,21922,60660,100,10,10,10,10,10,10,5,0.22,21922,0.75,Sao Tome and Principe,1,True
Wallis and Futuna,Type V5,Quantum,ThetaBase Services,1,4,strict,3,False,False,2040,31074,19818,98,10,10,10,10,10,10,61,2.79,31074,1,Malta,4,True
Wallis and Futuna,Type V5,Quantum,ThetaBase Services,2,4,strict,2,False,False,2131,31074,60109,95,10,10,10,10,10,10,49,2.12,31074,1,Malta,4,True
Malta,Type V2,Quantum,ThetaBase Services,1,2,moderate,1,False,False,1650,16452,14844,98,10,10,10,10,9,10,30,1.46,16452,0.8,Afghanistan,1,True
Marshall Islands,Type V5,Plasma,ThetaBase Services,2,4,strict,2,True,False,2157,36526,51973,93,9,10,10,10,9,9,36,1.53,36526,1,Russian Federation,1,False
Rwanda,Type V5,Plasma,ThetaBase Services,1,4,strict,2,False,False,2924,19248,32587,100,10,10,10,10,10,10,3,0.13,19248,0.25,Maldives,3,False
Rwanda,Type V5,Plasma,ThetaBase Services,1,2,moderate,1,False,False,1780,46664,43870,92,9,9,10,10,10,10,5,0.21,46664,1,Croatia,2,True
Guinea,Type V5,Plasma,ThetaBase Services,2,6,strict,3,True,False,3860,24844,18989,94,9,9,10,10,10,9,67,2.8,24844,1,Uzbekistan,6,False
Nicaragua,Type V5,Plasma,ThetaBase Services,2,5,strict,2,False,False,2625,3391,75236,85,9,9,9,9,10,8,15,0.8,3391,1,Iran,58,True
Nicaragua,Type V5,Plasma,ThetaBase Services,2,5,strict,2,False,False,2625,3391,8184,86,9,8,9,9,10,8,7,0.33,3391,1,Iran,58,True
Estonia,Type V5,Quantum,ThetaBase Services,1,2,strict,1,True,False,1260,44116,7535,96,9,9,10,10,9,9,12,0.68,44116,1,Zimbabwe,1,True
Malta,Type V5,Quantum,ThetaBase Services,1,1,moderate,1,True,False,1286,46110,59328,80,8,6,6,10,10,6,1,0.41,46110,1,Afghanistan,4,False
Indonesia,Type V5,Quantum,ThetaBase Services,1,2,moderate,2,False,False,1195,9589,76997,100,10,10,10,10,10,10,3,1.01,9589,1,Faroe Islands,1,False
Barbados,Type V5,Plasma,ThetaBase Services,1,5,moderate,5,True,False,2300,47077,5156,95,10,9,10,10,9,9,44,1.87,47077,1,Bouvet Island (Bouvetoya),2,False
Brazil,Type F5,Quantum,ThetaBase Services,1,1,strict,1,True,False,1169,34806,55251,96,10,9,10,10,9,10,47,2.32,34806,1,Vanuatu,1,False
Barbados,Type V5,Plasma,ThetaBase Services,2,4,strict,3,False,False,2820,39109,18396,98,10,10,10,10,10,10,19,0.84,39109,0.77,Ukraine,24,True
Nicaragua,Type V5,Plasma,ThetaBase Services,2,11,strict,7,False,False,2547,2833,62861,93,9,10,10,9,10,9,37,1.56,2833,1,Cuba,1,True
Sao Tome and Principe,Type F5,Plasma,ThetaBase Services,4,7,strict,5,False,False,5043,8225,56114,100,10,10,10,10,10,10,2,0.09,8225,0.95,Barbados,31,False
United Kingdom,Type V7,Quantum,ThetaBase Services,1,2,moderate,2,False,False,1910,24501,7259,97,10,10,10,10,9,10,19,0.98,24501,1,Andorra,2,True
Rwanda,Type V5,Plasma,ThetaBase Services,2,4,flexible,2,False,False,2157,10677,29059,100,10,10,10,10,10,10,4,0.17,10677,1,Venezuela,1,False
Barbados,Type V5,Plasma,ThetaBase Services,2,5,strict,3,True,False,6395,19958,56740,88,9,9,9,9,10,9,15,0.66,19958,1,Congo,40,True
Malta,Type V5,Plasma,ThetaBase Services,0,2,moderate,1,False,False,1715,22090,72518,85,8,8,9,10,9,9,11,0.49,22090,1,Marshall Islands,1,True
Barbados,Type V5,Plasma,ThetaBase Services,3,6,strict,3,False,False,3080,3391,48396,73,8,8,9,9,10,8,6,0.28,3391,1,Iran,58,True
Nicaragua,Type O3,Quantum,ThetaBase Services,1,1,moderate,1,False,False,1390,19271,34196,95,10,10,10,10,10,10,4,0.17,19271,1,Jersey,11,False
Bouvet Island (Bouvetoya),Type V5,Quantum,ThetaBase Services,1,1,strict,1,False,False,1260,20574,52706,98,10,9,10,10,10,10,45,1.93,20574,1,Malawi,1,True
Nicaragua,Type F5,Quantum,ThetaBase Services,1,1,strict,1,True,False,1585,37043,52817,91,9,9,9,10,10,9,109,4.92,37043,1,Pakistan,11,False
Nicaragua,Type V5,Quantum,ThetaBase Services,1,2,strict,1,True,False,1598,37043,21931,92,10,9,9,10,10,9,103,4.48,37043,1,Pakistan,11,False
Brazil,Type F5,Quantum,ThetaBase Services,1,4,flexible,2,False,False,1650,28946,4959,100,10,10,10,10,10,10,47,2.14,28946,1,Vanuatu,1,True
Nicaragua,Type V5,Quantum,ThetaBase Services,1,2,flexible,1,True,False,1520,20120,46745,85,9,8,10,10,10,9,51,2.23,20120,1,Wallis and Futuna,10,False
Malta,Type F6,Quantum,ThetaBase Services,1,1,flexible,1,True,False,1325,2859,74464,88,9,9,9,9,9,9,16,0.68,2859,0.9,Bahrain,1,False
Nicaragua,Type O3,Quantum,ThetaBase Services,1,2,moderate,1,False,False,1650,19271,28175,93,9,9,10,10,10,10,8,0.35,19271,1,Jersey,11,False
Barbados,Type V5,Quantum,ThetaBase Services,1,2,strict,1,True,False,1728,24118,63164,78,9,8,10,10,8,8,9,0.43,24118,0.98,Ghana,21,True
Barbados,Type V5,Quantum,ThetaBase Services,1,2,strict,1,True,False,1546,24118,73919,80,8,9,9,9,8,8,19,0.82,24118,0.98,Ghana,21,True
Anguilla,Type F5,Quantum,ThetaBase Services,1,1,flexible,1,False,False,1390,40683,49050,100,10,10,10,10,10,10,1,0.14,40683,1,United Kingdom,2,True
Sao Tome and Principe,Type F5,Plasma,ThetaBase Services,1,2,strict,1,False,False,2950,29157,14959,100,10,10,10,10,10,10,12,0.52,29157,1,Canada,1,True
United Kingdom,Type V2,Plasma,ThetaBase Services,2,4,moderate,2,False,False,2820,18077,64518,100,10,10,9,8,9,9,6,0.3,18077,1,Sao Tome and Principe,139,False
Faroe Islands,Type F5,Plasma,ThetaBase Services,3,7,strict,3,True,False,2300,39973,2241,100,10,10,10,10,10,8,2,0.41,39973,1,Micronesia,1,False
Sao Tome and Principe,Type V5,Quantum,ThetaBase Services,1,2,strict,1,False,False,1312,1577,33278,60,7,5,6,8,10,7,2,0.09,1577,1,Peru,8,True
Malta,Type V5,Plasma,ThetaBase Services,0,2,flexible,1,True,False,1884,21161,69049,94,10,9,10,10,10,9,53,2.35,21161,1,Marshall Islands,1,False
United Kingdom,Type V5,Plasma,ThetaBase Services,0,3,moderate,2,False,False,1780,8985,26744,98,10,9,10,10,9,10,17,0.75,8985,1,Gibraltar,1,True
Malta,Type V5,Plasma,ThetaBase Services,1,3,strict,3,True,False,2079,12397,31282,100,10,10,10,10,10,10,19,0.95,12397,1,Niue,1,False
Barbados,Type V5,Plasma,ThetaBase Services,1,2,strict,1,False,False,2495,872,3547,99,10,10,10,10,10,10,32,1.76,872,1,Tonga,1,False
Rwanda,Type V5,Plasma,ThetaBase Services,1,6,strict,1,False,False,2287,32556,5232,91,9,10,10,10,9,9,14,0.63,32556,0.9,Estonia,11,True
Bouvet Island (Bouvetoya),Type F5,Plasma,ThetaBase Services,3,7,strict,4,False,False,3470,37549,14003,97,10,10,10,10,9,10,13,0.61,37549,1,Chile,1,True
United Kingdom,Type V5,Quantum,ThetaBase Services,1,1,moderate,1,True,False,1650,7824,29145,100,10,10,10,10,10,10,3,0.59,7824,1,Monaco,2,True
Niue,Type V7,Plasma,ThetaBase Services,1,2,moderate,1,True,False,1429,13756,73697,94,9,10,10,10,9,9,35,1.54,13756,1,Guinea,3,False
Russian Federation,Type F5,Quantum,ThetaBase Services,1,1,moderate,1,True,False,1312,44625,41993,86,9,8,10,9,9,9,37,1.73,44625,1,Russian Federation,2,False
Russian Federation,Type V5,Quantum,ThetaBase Services,1,2,strict,1,False,False,1780,41553,38646,95,10,10,10,10,10,9,4,0.35,41553,1,Tonga,2,False
Russian Federation,Type V5,Quantum,ThetaBase Services,1,2,strict,1,False,False,1585,8678,20706,100,10,10,10,10,10,10,9,0.41,8678,1,Saint Helena,2,True
Sao Tome and Principe,Type F5,Plasma,ThetaBase Services,3,6,strict,4,False,False,3197,8225,22319,100,10,10,10,10,9,9,7,0.32,8225,0.95,Barbados,31,False
Barbados,Type V5,Quantum,ThetaBase Services,1,2,strict,1,True,False,1845,19682,24950,96,10,10,10,10,10,10,114,4.94,19682,1,Faroe Islands,15,True
Malta,Type V5,Plasma,ThetaBase Services,2,4,moderate,2,False,False,2820,27290,57668,99,10,10,10,10,10,10,26,1.29,27290,1,Brazil,3,False
Sao Tome and Principe,Type V5,Quantum,ThetaBase Services,1,3,moderate,1,False,False,1130,26688,16247,96,10,9,10,10,9,10,11,0.48,26688,0.67,Jersey,1,True
El Salvador,Type F5,Quantum,"Banks, Wood and Phillips",1,2,flexible,1,True,False,1260,9275,66967,100,10,10,10,10,10,10,74,3.38,9275,1,Papua New Guinea,1,False
Barbados,Type V5,Plasma,ThetaBase Services,1,2,strict,1,True,False,1910,28828,46540,88,9,10,10,10,9,9,8,0.35,28828,1,Isle of Man,198,True
Nicaragua,Type V5,Quantum,ThetaBase Services,1,2,moderate,1,True,False,1455,31288,68087,96,10,10,10,10,10,10,75,3.26,31288,1,Isle of Man,1,False
Micronesia,Type G0,Plasma,ThetaBase Services,1,4,strict,2,True,False,3210,11567,33596,97,10,10,10,10,10,10,6,0.41,11567,1,Niger,31,True
United Kingdom,Type F5,Quantum,ThetaBase Services,1,2,flexible,1,False,False,1325,33743,16373,99,10,10,10,10,10,10,18,0.89,33743,1,Denmark,2,False
Micronesia,Type G0,Plasma,ThetaBase Services,1,2,strict,1,True,False,2950,11567,48467,100,10,10,10,10,10,10,3,0.16,11567,1,Niger,31,True
Malta,Type V5,Plasma,ThetaBase Services,1,2,strict,1,True,False,1910,30504,22111,83,9,8,9,10,10,9,8,0.49,30504,0.9,Afghanistan,2,False
Rwanda,Type V5,Plasma,ThetaBase Services,1,2,strict,1,False,False,2690,30428,67088,100,10,10,10,10,10,10,2,0.12,30428,1,Turkmenistan,1,True
Malta,Type V5,Plasma,ThetaBase Services,1,4,moderate,2,False,False,2144,31554,35708,97,10,10,10,10,10,10,20,0.95,31554,1,Marshall Islands,1,True
United Kingdom,Type V7,Plasma,ThetaBase Services,2,4,moderate,2,True,False,2820,24501,37027,98,10,10,10,10,9,9,11,0.55,24501,1,Andorra,2,True
Costa Rica,Type V5,Quantum,ThetaBase Services,1,1,strict,1,False,False,2157,26868,24564,99,10,10,10,10,10,10,19,1.17,26868,1,Mauritania,1,True
Uzbekistan,Type V5,Plasma,ThetaBase Services,2,4,strict,2,True,False,2430,28828,31141,94,10,9,10,10,9,9,82,3.58,28828,1,Isle of Man,198,True
Micronesia,Type G0,Plasma,ThetaBase Services,0,4,strict,2,True,False,2950,11567,41030,94,10,10,10,9,10,9,7,0.33,11567,1,Niger,31,True
Malta,Type F5,Quantum,ThetaBase Services,0,2,strict,1,False,False,1637,18164,65424,94,9,10,10,10,10,9,29,1.31,18164,1,Marshall Islands,5,False
Micronesia,Type V5,Plasma,ThetaBase Services,0,2,flexible,1,False,False,1910,28763,1384,86,9,8,10,9,9,9,27,1.19,28763,0.67,Rwanda,2,False
Uzbekistan,Type V5,Plasma,ThetaBase Services,1,4,strict,2,True,False,1910,21573,14635,95,10,10,10,10,9,9,39,1.72,21573,1,Kiribati,1,False
Bouvet Island (Bouvetoya),Type V5,Quantum,ThetaBase Services,1,1,strict,1,False,False,1351,45154,21147,95,10,10,10,10,8,10,4,0.19,45154,1,Lebanon,2,True
Nicaragua,Type O3,Quantum,ThetaBase Services,1,2,flexible,1,False,False,1520,19271,76976,60,10,10,4,4,8,8,1,0.14,19271,1,Jersey,11,False
Nicaragua,Type O3,Quantum,ThetaBase Services,1,2,flexible,2,False,False,1390,19271,14315,78,8,7,8,8,9,8,8,0.37,19271,1,Jersey,11,False
Nicaragua,Type V5,Plasma,ThetaBase Services,0,2,strict,1,False,False,1455,28607,25267,93,10,9,10,10,9,9,30,2.93,28607,0.9,Isle of Man,1,True
Nicaragua,Type O3,Quantum,ThetaBase Services,1,1,flexible,1,False,False,1520,19271,32507,40,3,7,8,6,8,8,3,0.2,19271,1,Jersey,11,False
Wallis and Futuna,Type V7,Quantum,ThetaBase Services,1,2,strict,1,False,False,1910,9749,36293,99,10,10,9,10,9,9,18,1.04,9749,1,Marshall Islands,1,True
Barbados,Type V5,Plasma,ThetaBase Services,1,3,strict,1,True,False,2560,33406,44017,95,10,9,10,10,9,9,8,0.39,33406,1,Reunion,4,False
Bosnia and Herzegovina,Type F5,Quantum,ThetaBase Services,1,1,moderate,1,True,False,1195,36370,3559,85,9,8,9,9,9,9,42,1.84,36370,1,Puerto Rico,1,False
Rwanda,Type V5,Plasma,ThetaBase Services,2,8,strict,4,True,False,2339,15004,58806,91,10,9,10,10,10,9,28,1.22,15004,1,Uzbekistan,88,False
Estonia,Type F5,Quantum,ThetaBase Services,1,1,strict,1,False,False,1065,27752,31465,100,10,9,10,10,9,10,4,0.2,27752,1,Zimbabwe,2,False
Wallis and Futuna,Type B7,Plasma,ThetaBase Services,1,2,strict,2,False,False,1689,12784,147,97,10,10,10,10,10,10,70,3.13,12784,1,Malta,1,False
Nicaragua,Type O3,Quantum,ThetaBase Services,1,3,flexible,3,False,False,1650,19271,7276,80,7,7,8,8,8,7,4,0.18,19271,1,Jersey,11,False
Niue,Type V5,Quantum,ThetaBase Services,1,1,strict,1,False,False,1221,379,50176,76,8,7,8,7,10,8,5,0.23,379,0.5,Guinea,1,False
Indonesia,Type F5,Quantum,ThetaBase Services,1,2,strict,1,False,False,1351,17890,9464,99,10,10,10,10,9,10,27,1.68,17890,1,France,1,False
Malta,Type V5,Quantum,ThetaBase Services,2,4,flexible,2,True,False,2690,4517,48370,100,10,10,10,10,10,10,3,0.3,4517,1,El Salvador,3,True
Bouvet Island (Bouvetoya),Type V5,Quantum,ThetaBase Services,1,2,moderate,1,True,False,1780,22739,35071,97,10,10,10,10,10,9,36,1.65,22739,1,Gambia,3,True
Rwanda,Type V5,Plasma,ThetaBase Services,2,8,strict,4,True,False,2495,15004,29452,91,9,9,10,9,10,9,42,1.95,15004,1,Uzbekistan,88,False
Malta,Type F5,Plasma,ThetaBase Services,3,6,moderate,4,False,False,6070,18077,16390,100,10,10,10,10,10,10,2,0.12,18077,1,Sao Tome and Principe,139,False
Malta,Type V5,Plasma,ThetaBase Services,2,4,moderate,2,False,False,2560,18077,56486,95,10,10,10,10,9,9,8,0.38,18077,1,Sao Tome and Principe,139,False
Niue,Type F5,Quantum,ThetaBase Services,2,5,flexible,4,False,False,2560,20891,20624,100,10,10,10,10,10,10,4,0.23,20891,1,Niue,2,True
Niue,Type V5,Plasma,ThetaBase Services,1,3,moderate,2,False,False,2105,10734,51184,98,10,10,10,10,9,10,11,0.51,10734,1,Niue,2,True
Rwanda,Type V5,Plasma,ThetaBase Services,1,4,strict,2,True,False,1741,15004,74304,86,9,8,9,9,10,9,38,1.75,15004,1,Uzbekistan,88,False
Rwanda,Type V5,Plasma,ThetaBase Services,0,4,strict,2,True,False,1754,15004,65295,86,9,9,9,9,10,9,31,1.44,15004,1,Uzbekistan,88,False
Uzbekistan,Type V5,Quantum,ThetaBase Services,1,2,flexible,1,True,False,1247,26778,71360,95,9,9,10,10,9,9,4,1.02,26778,1,Kiribati,2,False
Nicaragua,Type V5,Quantum,ThetaBase Services,1,4,strict,1,False,False,2872,6224,33264,100,10,10,10,10,10,10,34,1.65,6224,1,Wallis and Futuna,2,True
Barbados,Type V5,Quantum,ThetaBase Services,1,2,strict,1,True,False,2027,12960,72564,95,10,10,10,10,10,9,120,5.37,12960,1,Indonesia,9,False
Niue,Type V5,Plasma,ThetaBase Services,1,2,strict,1,False,False,1845,28828,47150,100,10,10,9,10,9,10,2,0.1,28828,1,Isle of Man,198,True
Russian Federation,Type V5,Quantum,ThetaBase Services,1,3,moderate,2,True,False,1312,38406,36966,94,9,10,10,10,10,10,105,4.65,38406,0.96,Russian Federation,6,True
Barbados,Type V5,Quantum,ThetaBase Services,1,2,strict,1,True,False,2027,12960,28027,93,10,10,10,10,10,9,97,4.33,12960,1,Indonesia,9,False
Barbados,Type V5,Quantum,ThetaBase Services,1,2,strict,1,True,False,2027,12960,1761,93,10,9,10,10,10,9,111,5.06,12960,1,Indonesia,9,False
Barbados,Type V5,Quantum,ThetaBase Services,1,2,strict,1,True,False,2027,12960,30661,89,9,9,10,9,10,9,122,5.43,12960,1,Indonesia,9,False
Barbados,Type V5,Quantum,ThetaBase Services,1,2,strict,1,True,False,2027,12960,21485,90,9,9,10,10,10,9,138,6.16,12960,1,Indonesia,9,False
Malta,Type V5,Plasma,ThetaBase Services,2,4,strict,2,False,False,2157,36088,21972,98,10,10,10,10,9,9,20,1.11,36088,1,Niue,2,False
Barbados,Type V5,Quantum,ThetaBase Services,1,2,strict,1,True,False,2027,12960,855,93,10,10,10,10,10,9,123,5.48,12960,1,Indonesia,9,False
Micronesia,Type V2,Plasma,ThetaBase Services,2,6,strict,3,False,False,2170,24118,857,84,8,9,9,9,9,8,16,0.75,24118,0.98,Ghana,21,True
Barbados,Type V5,Quantum,ThetaBase Services,0,2,strict,1,True,False,2157,12960,49480,92,10,9,10,9,10,9,145,6.48,12960,1,Indonesia,9,False
Bouvet Island (Bouvetoya),Type F5,Quantum,ThetaBase Services,1,3,flexible,2,False,False,1845,3137,25204,100,10,10,10,10,10,9,7,0.36,3137,1,French Guiana,1,False
Rwanda,Type V5,Plasma,ThetaBase Services,0,4,strict,2,True,False,1715,15004,47624,86,9,9,10,9,10,9,35,1.61,15004,1,Uzbekistan,88,False
Rwanda,Type V5,Plasma,ThetaBase Services,1,4,strict,2,True,False,1715,15004,10403,81,9,9,9,9,9,8,15,0.7,15004,1,Uzbekistan,88,False
Rwanda,Type V5,Plasma,ThetaBase Services,0,2,strict,1,True,False,1572,15004,37217,83,9,10,10,10,9,9,36,1.78,15004,1,Uzbekistan,88,False
Russian Federation,Type V2,Quantum,ThetaBase Services,1,1,strict,0,True,False,1169,37293,12335,89,9,9,10,10,9,9,30,1.36,37293,0.92,Russian Federation,15,False
Rwanda,Type V5,Plasma,ThetaBase Services,1,4,strict,2,True,False,1611,15004,14405,86,10,9,10,10,9,9,32,1.59,15004,1,Uzbekistan,88,False
Rwanda,Type V5,Plasma,ThetaBase Services,2,8,strict,4,True,False,2508,15004,22552,87,9,9,9,10,9,9,45,2.2,15004,1,Uzbekistan,88,False
Rwanda,Type V5,Plasma,ThetaBase Services,2,8,strict,4,True,False,2508,15004,4356,83,9,8,9,9,9,8,33,1.52,15004,1,Uzbekistan,88,False
Rwanda,Type V5,Plasma,ThetaBase Services,1,6,strict,3,True,False,1897,15004,74514,87,9,9,10,10,10,9,24,1.11,15004,1,Uzbekistan,88,False
Rwanda,Type V5,Plasma,ThetaBase Services,1,6,strict,3,True,False,1806,15004,18331,85,10,9,9,9,9,9,19,0.88,15004,1,Uzbekistan,88,False
Rwanda,Type V5,Plasma,ThetaBase Services,2,8,strict,4,True,False,2287,15004,62066,80,9,9,9,9,9,9,30,1.56,15004,1,Uzbekistan,88,False
Rwanda,Type V5,Plasma,ThetaBase Services,1,6,strict,3,True,False,1767,15004,71293,80,9,9,9,9,9,8,32,1.49,15004,1,Uzbekistan,88,False
Rwanda,Type V5,Plasma,ThetaBase Services,2,8,strict,4,True,False,2300,15004,26296,92,10,9,10,10,10,9,48,2.31,15004,1,Uzbekistan,88,False
Rwanda,Type V5,Plasma,ThetaBase Services,1,4,strict,2,True,False,1767,15004,48505,88,10,10,10,10,9,9,30,1.44,15004,1,Uzbekistan,88,False
Rwanda,Type V5,Plasma,ThetaBase Services,2,8,strict,4,True,False,2469,15004,33081,96,10,10,10,10,10,10,54,2.44,15004,1,Uzbekistan,88,False
Rwanda,Type V5,Plasma,ThetaBase Services,0,4,strict,2,True,False,1650,15004,6400,90,9,9,10,10,10,9,36,1.68,15004,1,Uzbekistan,88,False
Rwanda,Type V5,Plasma,ThetaBase Services,0,4,strict,2,True,False,1624,15004,33049,95,10,10,10,10,10,9,32,1.5,15004,1,Uzbekistan,88,False
Barbados,Type V5,Plasma,ThetaBase Services,0,1,strict,1,True,False,1637,14560,69458,98,9,10,10,10,10,9,11,0.84,14560,1,Barbados,2,False
Micronesia,Type V5,Plasma,ThetaBase Services,1,2,moderate,1,False,False,1988,12772,57715,100,10,10,10,10,10,10,9,0.45,12772,1,Niger,1,False
Bouvet Island (Bouvetoya),Type V5,Plasma,ThetaBase Services,2,3,strict,2,True,False,1962,28828,34149,95,9,10,10,10,10,10,11,0.51,28828,1,Isle of Man,198,True
Malta,Type F5,Quantum,ThetaBase Services,2,3,moderate,2,True,False,1377,21331,47410,99,10,10,10,10,10,10,21,0.95,21331,1,Holy See (Vatican City State),1,False
Rwanda,Type V5,Plasma,ThetaBase Services,0,4,strict,2,True,False,1624,15004,11939,92,9,10,10,9,10,9,38,1.8,15004,1,Uzbekistan,88,False
Bouvet Island (Bouvetoya),Type V5,Plasma,ThetaBase Services,0,4,strict,2,True,False,1780,15004,38989,85,9,9,9,10,9,9,11,0.54,15004,1,Uzbekistan,88,False
Rwanda,Type V5,Plasma,ThetaBase Services,0,4,strict,2,True,False,1741,15004,37912,87,10,9,9,10,10,9,36,1.66,15004,1,Uzbekistan,88,False
Rwanda,Type V5,Plasma,ThetaBase Services,0,4,strict,2,True,False,1637,15004,40226,92,10,10,10,10,10,9,30,1.49,15004,1,Uzbekistan,88,False
Rwanda,Type V5,Plasma,ThetaBase Services,0,2,strict,1,True,False,1624,15004,44937,92,9,10,10,9,10,9,42,2.1,15004,1,Uzbekistan,88,False
Rwanda,Type V5,Plasma,ThetaBase Services,0,4,strict,2,True,False,1936,15004,40033,93,10,10,10,10,10,9,28,1.29,15004,1,Uzbekistan,88,False
Rwanda,Type V5,Plasma,ThetaBase Services,1,6,strict,3,True,False,1988,15004,23337,91,10,9,9,9,10,9,28,1.43,15004,1,Uzbekistan,88,False
Bouvet Island (Bouvetoya),Type V5,Plasma,ThetaBase Services,4,10,flexible,10,False,False,3470,19038,32363,95,10,9,10,10,9,9,30,1.51,19038,1,Lebanon,3,True
Rwanda,Type V5,Plasma,ThetaBase Services,0,4,strict,2,True,False,1936,15004,72427,91,10,9,10,10,10,9,37,1.8,15004,1,Uzbekistan,88,False
Bouvet Island (Bouvetoya),Type V5,Plasma,ThetaBase Services,3,6,flexible,6,False,False,2430,19038,15576,95,10,10,10,10,10,10,33,1.59,19038,1,Lebanon,3,True
Faroe Islands,Type V5,Quantum,ThetaBase Services,1,1,strict,1,True,False,1260,40366,52935,84,8,8,9,8,8,8,6,0.27,40366,0.97,Micronesia,14,True
Malta,Type F5,Plasma,ThetaBase Services,1,2,strict,1,True,False,1754,41596,21144,88,9,9,10,10,9,9,5,0.24,41596,1,United Kingdom,1,True
Guinea,Type V5,Quantum,ThetaBase Services,1,1,flexible,1,False,False,1715,13674,72350,93,10,9,10,10,10,10,21,0.93,13674,0.9,Fiji,2,True
Barbados,Type V5,Quantum,ThetaBase Services,0,2,strict,1,True,False,2157,12960,58598,90,9,9,10,10,10,9,116,5.29,12960,1,Indonesia,9,False
Bosnia and Herzegovina,Type V5,Plasma,ThetaBase Services,1,3,strict,2,True,False,1845,12123,29740,100,9,9,9,9,9,9,2,2,12123,0.8,Puerto Rico,8,True
Bosnia and Herzegovina,Type V5,Plasma,ThetaBase Services,1,3,strict,2,True,False,2014,12123,13722,90,10,10,10,10,9,8,2,0.14,12123,0.8,Puerto Rico,8,True
Rwanda,Type V5,Plasma,ThetaBase Services,1,6,strict,3,True,False,1988,15004,69674,95,10,10,10,10,10,10,40,1.88,15004,1,Uzbekistan,88,False
Rwanda,Type V5,Plasma,ThetaBase Services,3,10,strict,5,True,False,2859,15004,8229,91,10,10,10,10,10,9,50,2.23,15004,1,Uzbekistan,88,False
Rwanda,Type V5,Plasma,ThetaBase Services,2,8,strict,2,True,False,2664,15004,69509,95,10,10,10,10,10,10,50,2.46,15004,1,Uzbekistan,88,False
Rwanda,Type V5,Plasma,ThetaBase Services,2,8,strict,4,True,False,2378,15004,44783,91,9,9,9,10,10,9,50,2.3,15004,1,Uzbekistan,88,False
Malta,Type V5,Plasma,ThetaBase Services,2,4,moderate,3,False,False,2690,18077,55429,98,10,10,10,10,9,10,20,1.1,18077,1,Sao Tome and Principe,139,False
Nicaragua,Type V5,Plasma,ThetaBase Services,1,2,moderate,1,False,False,2885,29258,550,100,10,10,10,10,10,10,26,1.17,29258,1,Barbados,1,False
Malta,Type V2,Quantum,ThetaBase Services,1,1,strict,1,False,False,1325,15168,50342,95,10,10,10,10,10,10,59,2.65,15168,1,Venezuela,2,False
Barbados,Type V5,Plasma,ThetaBase Services,2,4,strict,2,False,False,2950,39109,35125,90,10,10,10,9,9,9,2,0.09,39109,0.77,Ukraine,24,True
Micronesia,Type V5,Plasma,ThetaBase Services,2,4,moderate,2,False,False,4120,18077,72668,100,10,10,10,10,10,10,2,0.18,18077,1,Sao Tome and Principe,139,False
Micronesia,Type V5,Plasma,ThetaBase Services,2,5,strict,2,True,False,4705,19958,55179,75,8,9,10,10,10,8,8,0.38,19958,1,Congo,40,True
Russian Federation,Type F5,Quantum,ThetaBase Services,1,2,strict,1,True,False,1754,36524,48979,98,10,10,10,10,10,10,62,2.9,36524,1,Saint Helena,8,True
United Kingdom,Type V5,Quantum,ThetaBase Services,1,3,moderate,3,False,False,1975,23567,43105,88,9,9,9,10,9,9,12,0.53,23567,1,Guinea,2,True
Nicaragua,Type V5,Plasma,ThetaBase Services,0,2,moderate,1,True,False,1715,24736,75169,97,10,10,10,10,10,10,35,1.58,24736,1,Isle of Man,1,True
Nicaragua,Type V5,Plasma,ThetaBase Services,2,6,strict,2,False,False,2820,41022,29673,92,9,9,10,10,9,9,23,1.15,41022,1,Cape Verde,3,True
United Kingdom,Type V5,Plasma,ThetaBase Services,3,7,strict,0,False,False,6070,4330,73100,100,10,10,10,10,10,9,2,0.11,4330,0.94,Ukraine,60,True
Indonesia,Type V5,Quantum,ThetaBase Services,1,1,flexible,1,False,False,1130,11552,72309,60,8,4,10,10,6,8,1,0.07,11552,0.5,France,1,True
Nicaragua,Type V5,Quantum,ThetaBase Services,1,2,moderate,1,False,False,1455,38808,33668,97,10,9,10,10,10,9,26,1.21,38808,1,Cape Verde,1,False
Guinea,Type V5,Plasma,ThetaBase Services,1,4,strict,2,True,False,2885,5166,3333,92,10,10,10,10,10,9,26,1.18,5166,1,Ecuador,16,True
Guinea,Type V5,Plasma,ThetaBase Services,1,4,strict,2,True,False,2690,5166,8871,96,10,10,10,10,10,9,66,2.97,5166,1,Ecuador,16,True
Russian Federation,Type V5,Quantum,ThetaBase Services,1,4,moderate,1,False,False,1975,23308,16071,90,9,9,9,10,10,9,6,0.3,23308,1,Tonga,2,True
Micronesia,Type V5,Plasma,ThetaBase Services,2,5,moderate,2,False,False,2417,44145,52618,89,9,9,10,10,10,9,19,0.87,44145,1,Rwanda,4,True
Pakistan,Type F5,Quantum,ThetaBase Services,1,2,moderate,1,False,False,1286,13304,51519,99,10,10,10,10,10,10,26,1.17,13304,1,Cocos (Keeling) Islands,2,False
Marshall Islands,Type I5,Plasma,ThetaBase Services,2,6,strict,0,True,False,2430,39640,38860,98,10,10,10,10,10,10,13,0.81,39640,1,Russian Federation,1,True
Micronesia,Type V5,Plasma,ThetaBase Services,3,7,strict,4,True,False,8345,19958,72290,95,9,9,10,10,10,9,11,0.52,19958,1,Congo,40,True
Micronesia,Type V5,Quantum,ThetaBase Services,1,2,flexible,1,True,False,1585,43930,52359,84,8,8,9,9,9,8,10,0.48,43930,1,Kenya,1,True
Barbados,Type V5,Plasma,ThetaBase Services,2,4,strict,2,False,False,2690,39109,6800,100,10,9,10,9,10,9,3,0.14,39109,0.77,Ukraine,24,True
Nicaragua,Type V5,Plasma,ThetaBase Services,1,2,moderate,1,False,False,2560,18219,20544,93,9,9,10,9,9,9,12,0.57,18219,1,Jersey,1,True
Barbados,Type V5,Plasma,ThetaBase Services,1,4,strict,2,True,False,2157,6984,43901,92,9,9,10,10,10,9,29,1.31,6984,1,Suriname,9,False
Barbados,Type V5,Plasma,ThetaBase Services,3,6,strict,3,False,False,3470,3391,66140,80,8,6,10,10,10,8,1,0.05,3391,1,Iran,58,True
Russian Federation,Type V5,Plasma,ThetaBase Services,2,3,strict,2,False,False,2937,45546,4538,93,9,10,10,10,10,10,4,0.19,45546,1,Cape Verde,19,True
Wallis and Futuna,Type V2,Quantum,ThetaBase Services,1,1,strict,1,False,False,1234,38520,43391,99,10,10,10,10,10,10,87,4.11,38520,1,Malta,1,True
Bouvet Island (Bouvetoya),Type V5,Quantum,ThetaBase Services,1,2,flexible,1,False,False,1468,40805,38555,100,10,10,10,10,10,10,6,0.42,40805,0.9,Uzbekistan,2,False
Malta,Type V5,Plasma,ThetaBase Services,0,2,flexible,1,True,False,1611,41741,42749,87,9,9,9,10,9,9,29,1.41,41741,1,Brazil,9,True
Malta,Type V5,Plasma,ThetaBase Services,2,4,strict,2,False,False,2469,4847,677,100,10,10,10,10,10,10,9,0.43,4847,1,Indonesia,3,True
United Kingdom,Type V5,Quantum,ThetaBase Services,1,1,strict,1,False,False,1234,16240,17263,93,9,9,9,10,10,10,9,0.41,16240,1,Tanzania,2,True
Malta,Type V2,Quantum,ThetaBase Services,2,4,moderate,3,False,False,2170,40626,63669,97,10,10,10,10,10,9,15,0.76,40626,0.93,United Kingdom,5,True
United Kingdom,Type V5,Plasma,ThetaBase Services,3,6,strict,3,False,False,3145,8861,14553,100,10,10,10,10,10,10,9,0.52,8861,1,Tunisia,2,True
Rwanda,Type V5,Plasma,ThetaBase Services,1,4,strict,1,False,False,2170,13212,62875,99,10,10,10,10,10,10,24,1.2,13212,1,Zimbabwe,12,True
Nicaragua,Type V5,Plasma,ThetaBase Services,3,7,flexible,4,False,False,2820,48470,68658,95,10,10,10,10,10,9,33,1.5,48470,0.9,Pakistan,4,False
Sao Tome and Principe,Type V5,Quantum,ThetaBase Services,5,1,strict,1,False,False,1182,1577,40354,100,8,6,6,10,10,10,1,0.21,1577,1,Peru,8,True
Rwanda,Type G0,Plasma,ThetaBase Services,2,5,strict,2,True,False,2755,37646,35096,60,8,8,4,6,4,6,1,0.08,37646,1,Estonia,60,False
Barbados,Type V5,Plasma,ThetaBase Services,2,4,strict,2,False,False,3210,19491,65195,94,10,10,10,10,9,9,28,1.31,19491,1,Vietnam,1,True
Micronesia,Type G0,Quantum,ThetaBase Services,0,3,strict,2,True,False,1585,10883,54539,89,9,9,9,10,9,8,34,1.59,10883,1,Niger,8,True
Russian Federation,Type V5,Plasma,ThetaBase Services,2,4,strict,2,True,False,2807,46358,13894,97,10,10,9,10,10,10,13,4.87,46358,1,Saint Helena,1,True
Malta,Type V2,Plasma,ThetaBase Services,4,8,moderate,4,True,False,4770,18077,62863,97,10,9,9,10,10,10,6,0.54,18077,1,Sao Tome and Principe,139,False
United Kingdom,Type F5,Quantum,ThetaBase Services,1,2,strict,1,False,False,1520,22513,17062,100,10,10,10,10,10,10,1,0.05,22513,0.9,Jersey,4,True
United Kingdom,Type F5,Quantum,ThetaBase Services,1,2,strict,1,False,False,1520,22513,15321,100,10,10,10,10,10,10,1,0.05,22513,0.9,Jersey,4,True
United Kingdom,Type F5,Quantum,ThetaBase Services,1,2,strict,1,True,False,1429,46872,25353,83,9,9,10,9,9,9,101,4.6,46872,1,Nicaragua,9,False
Malta,Type F5,Plasma,ThetaBase Services,2,4,strict,3,False,False,2664,8225,8299,100,10,9,10,10,10,9,9,0.5,8225,0.95,Barbados,31,False
Uzbekistan,Type F5,Quantum,ThetaBase Services,1,2,strict,1,True,False,1286,19682,12988,89,10,9,10,9,9,9,72,3.26,19682,1,Faroe Islands,15,True
Costa Rica,Type V2,Quantum,ThetaBase Services,1,1,moderate,1,False,False,1169,27430,36807,99,10,10,10,10,10,10,23,1.08,27430,1,Christmas Island,4,True
Sao Tome and Principe,Type V5,Plasma,ThetaBase Services,2,4,flexible,2,False,False,2560,34289,41386,95,10,9,10,10,10,10,17,1.21,34289,0.9,Sao Tome and Principe,1,True
Russian Federation,Type V5,Quantum,ThetaBase Services,0,2,moderate,0,False,False,2170,336,11848,95,10,10,10,10,10,9,24,2.52,336,1,Ecuador,7,False
Micronesia,Type V5,Plasma,ThetaBase Services,3,5,strict,3,True,False,4770,15810,75539,92,9,9,10,10,10,9,22,1.01,15810,1,Niger,2,False
Rwanda,Type V5,Quantum,ThetaBase Services,1,2,flexible,1,True,False,1455,26238,31656,100,10,10,10,10,9,10,8,0.37,26238,1,Turkmenistan,2,True
Rwanda,Type V5,Plasma,ThetaBase Services,2,8,strict,4,True,False,2378,15004,12717,91,9,10,9,10,9,9,30,1.39,15004,1,Uzbekistan,88,False
Rwanda,Type V5,Quantum,ThetaBase Services,1,2,strict,1,False,False,1585,19228,66640,93,10,9,10,10,9,9,12,0.59,19228,1,Svalbard & Jan Mayen Islands,8,False
Rwanda,Type V5,Quantum,ThetaBase Services,1,2,moderate,1,True,False,1455,27367,50968,96,10,10,10,10,9,10,100,4.68,27367,1,Maldives,1,False
United Kingdom,Type V5,Plasma,ThetaBase Services,3,4,strict,3,False,False,1780,5681,5796,91,9,8,10,10,8,8,12,0.55,5681,0.75,Denmark,1,False
Malta,Type F5,Plasma,ThetaBase Services,2,4,moderate,2,False,False,1780,47682,11761,97,10,10,10,10,10,9,32,1.47,47682,1,Niue,1,True
Faroe Islands,Type V5,Plasma,ThetaBase Services,1,2,strict,1,False,False,2040,27972,68313,100,10,10,9,10,10,9,3,0.15,27972,0.94,Brazil,27,False
Nicaragua,Type F5,Plasma,ThetaBase Services,3,6,moderate,3,False,False,3470,17988,39016,96,10,10,10,10,10,10,48,2.32,17988,1,Jersey,1,False
United Kingdom,Type V5,Plasma,ThetaBase Services,2,4,moderate,2,False,False,2040,40526,60160,100,10,10,10,10,10,10,29,1.35,40526,0.9,Kenya,1,False
Russian Federation,Type V2,Quantum,ThetaBase Services,1,2,strict,1,True,False,1416,37293,75144,93,9,9,10,10,9,9,49,2.27,37293,0.92,Russian Federation,15,False
Malta,Type V5,Plasma,ThetaBase Services,1,4,strict,2,False,False,2170,3596,23064,95,10,10,10,10,10,10,36,1.66,3596,1,Marshall Islands,6,True
Estonia,Type F5,Plasma,ThetaBase Services,3,5,strict,3,False,False,2820,41754,76330,100,9,10,10,10,10,10,2,0.1,41754,1,Zimbabwe,1,True
Russian Federation,Type V5,Plasma,ThetaBase Services,2,4,moderate,2,False,False,3340,41126,73340,100,10,10,10,10,10,10,26,1.6,41126,0.9,Saint Helena,1,False
Russian Federation,Type V2,Quantum,ThetaBase Services,1,2,strict,1,True,False,1572,36524,41543,99,10,10,10,10,10,10,62,2.9,36524,1,Saint Helena,8,True
Pakistan,Type V5,Quantum,ThetaBase Services,1,2,moderate,1,False,False,1390,33990,20209,99,10,10,10,10,10,10,48,2.36,33990,0.9,Cocos (Keeling) Islands,1,False
Micronesia,Type G0,Plasma,ThetaBase Services,1,3,strict,1,False,False,2131,30283,52094,78,7,8,9,8,8,8,13,0.6,30283,1,Brazil,15,False
United Kingdom,Type F5,Quantum,ThetaBase Services,1,2,strict,1,False,False,1156,33468,10327,98,10,10,10,10,9,10,61,2.79,33468,1,Monaco,2,True
Gambia,Type F5,Quantum,ThetaBase Services,1,2,moderate,1,False,False,1325,47187,60710,98,10,10,10,10,9,10,58,2.68,47187,1,Gambia,1,True
Micronesia,Type F5,Plasma,ThetaBase Services,4,7,moderate,5,True,False,8488,8225,5035,100,10,10,10,10,10,9,7,0.34,8225,0.95,Barbados,31,False
Nicaragua,Type G0,Plasma,ThetaBase Services,3,6,strict,3,False,False,3262,12800,16568,95,10,9,10,10,9,9,33,1.55,12800,1,Malawi,2,False
Malta,Type V5,Plasma,ThetaBase Services,1,3,strict,2,True,False,1871,8225,2294,98,10,10,10,10,10,10,9,0.43,8225,0.95,Barbados,31,False
United Kingdom,Type F5,Quantum,ThetaBase Services,1,2,flexible,1,True,False,1585,21909,20038,80,6,10,6,10,10,8,1,0.05,21909,1,Christmas Island,3,False
Anguilla,Type F5,Quantum,ThetaBase Services,1,1,flexible,1,True,False,1208,37770,55619,98,10,10,10,10,9,10,43,2,37770,1,Anguilla,2,True
Malta,Type V5,Quantum,ThetaBase Services,1,4,moderate,1,False,False,1494,46656,16641,97,10,9,10,10,9,10,36,1.79,46656,0.5,France,2,False
United Kingdom,Type V5,Plasma,ThetaBase Services,1,2,moderate,1,True,False,1845,17086,9826,91,9,9,10,10,9,9,46,2.16,17086,1,Saint Pierre and Miquelon,2,True
United Kingdom,Type V5,Plasma,ThetaBase Services,3,5,strict,3,True,False,2417,37012,34650,92,9,9,10,10,10,9,24,1.21,37012,1,Monaco,3,True
Russian Federation,Type V7,Plasma,ThetaBase Services,2,4,strict,2,False,False,3470,15803,34314,100,10,10,10,10,9,10,11,0.55,15803,1,Tonga,1,True
Rwanda,Type V5,Plasma,ThetaBase Services,1,4,strict,2,True,False,2105,15004,47001,95,10,10,10,10,10,9,44,2.29,15004,1,Uzbekistan,88,False
Indonesia,Type V5,Plasma,ThetaBase Services,2,6,strict,3,True,False,3470,25344,72688,100,10,10,10,10,10,10,1,0.07,25344,0.9,Faroe Islands,8,False
Uzbekistan,Type V5,Plasma,ThetaBase Services,2,6,moderate,2,False,False,2027,26778,1031,94,9,9,10,10,9,9,47,2.21,26778,1,Kiribati,2,False
United Kingdom,Type V5,Plasma,ThetaBase Services,2,8,strict,3,False,False,4120,40752,4479,90,7,9,10,10,10,8,2,0.16,40752,1,Tunisia,5,True
Anguilla,Type V5,Nuclear,ThetaBase Services,1,1,moderate,2,True,False,1078,11126,16738,100,10,10,10,10,10,10,4,0.19,11126,1,Anguilla,3,True
Rwanda,Type V5,Quantum,ThetaBase Services,1,2,strict,1,False,False,1156,46195,29585,89,9,9,9,10,9,9,73,3.42,46195,0.89,Maldives,6,True
Sao Tome and Principe,Type V2,Plasma,ThetaBase Services,6,12,moderate,7,False,False,7487,14039,64788,98,10,9,10,10,10,9,29,1.58,14039,1,Sao Tome and Principe,1,False
Sao Tome and Principe,Type V5,Quantum,ThetaBase Services,1,2,moderate,1,False,False,1585,42317,14637,100,10,10,10,10,10,10,7,0.41,42317,1,Netherlands Antilles,1,True
Costa Rica,Type V5,Plasma,ThetaBase Services,1,2,moderate,1,False,False,1520,12014,29444,95,10,9,10,10,10,10,4,0.81,12014,1,Pakistan,1,False
Barbados,Type V5,Plasma,ThetaBase Services,3,6,strict,3,True,False,3067,39952,58500,79,9,9,9,9,10,8,28,1.36,39952,1,Tonga,21,False
Barbados,Type V5,Plasma,ThetaBase Services,3,6,strict,3,True,False,3327,39952,30794,81,8,8,9,9,9,8,19,1.08,39952,1,Tonga,21,False
Rwanda,Type V5,Plasma,ThetaBase Services,1,2,strict,1,False,False,2157,6894,35251,83,9,8,9,9,8,8,7,0.34,6894,0.8,Estonia,47,True
Malta,Type F5,Plasma,ThetaBase Services,6,12,moderate,6,False,False,3210,5970,41903,82,9,8,9,9,9,9,35,1.66,5970,1,El Salvador,2,False
Barbados,Type V5,Plasma,ThetaBase Services,0,2,strict,1,True,False,2547,13184,43567,94,10,10,10,10,10,9,34,1.75,13184,1,Vietnam,7,False
Barbados,Type V5,Plasma,ThetaBase Services,0,2,strict,1,True,False,2547,13184,22048,91,10,10,10,10,10,9,35,1.87,13184,1,Vietnam,7,False
Barbados,Type V5,Plasma,ThetaBase Services,0,3,strict,1,True,False,2807,13184,16914,93,10,10,10,10,10,9,38,1.97,13184,1,Vietnam,7,False
Nicaragua,Type V5,Plasma,ThetaBase Services,2,8,flexible,4,False,False,2846,48470,51081,94,10,9,10,10,10,9,47,2.19,48470,0.9,Pakistan,4,False
Niue,Type V7,Plasma,ThetaBase Services,1,2,moderate,1,True,False,1494,13756,8763,95,10,10,10,10,9,10,71,3.39,13756,1,Guinea,3,False
Barbados,Type V5,Plasma,ThetaBase Services,0,4,strict,2,True,False,2807,13184,17364,90,9,10,10,10,10,9,40,2.07,13184,1,Vietnam,7,False
Nicaragua,Type V5,Plasma,ThetaBase Services,0,2,strict,1,True,False,2105,13184,6210,94,10,10,10,10,10,10,19,0.98,13184,1,Vietnam,7,False
Barbados,Type V5,Plasma,ThetaBase Services,0,2,strict,1,True,False,2417,13184,57325,92,10,10,10,10,10,9,46,2.37,13184,1,Vietnam,7,False
Russian Federation,Type G0,Plasma,ThetaBase Services,1,3,strict,1,True,False,2872,37646,9872,64,8,8,8,8,8,7,5,0.32,37646,1,Estonia,60,False
Rwanda,Type V7,Plasma,ThetaBase Services,1,4,strict,2,False,False,2495,6894,68441,90,8,10,9,10,10,10,2,0.11,6894,0.8,Estonia,47,True
Uzbekistan,Type V2,Plasma,ThetaBase Services,2,4,strict,2,False,False,1819,11110,41397,90,9,9,9,9,8,9,9,0.42,11110,0.88,Kiribati,3,True
Uzbekistan,Type V5,Plasma,ThetaBase Services,1,2,moderate,2,False,False,2105,15987,2476,90,9,9,9,10,10,9,4,0.24,15987,0.67,Costa Rica,1,False
Micronesia,Type V5,Plasma,ThetaBase Services,2,4,strict,2,False,False,2820,28828,74904,94,10,9,9,9,10,9,7,0.39,28828,1,Isle of Man,198,True
Micronesia,Type V5,Plasma,ThetaBase Services,0,2,strict,1,True,False,2950,11567,2807,100,9,10,9,9,9,9,3,0.15,11567,1,Niger,31,True
Costa Rica,Type V2,Quantum,ThetaBase Services,1,1,moderate,1,False,False,1130,27430,40364,99,10,10,10,10,9,10,121,5.65,27430,1,Christmas Island,4,True
Barbados,Type V7,Plasma,ThetaBase Services,2,4,strict,2,True,False,3626,8225,46568,92,9,9,10,10,10,9,20,0.98,8225,0.95,Barbados,31,False
Indonesia,Type V5,Plasma,ThetaBase Services,2,4,strict,3,True,False,3210,25344,74067,94,9,10,10,10,10,9,28,1.35,25344,0.9,Faroe Islands,8,False
Pakistan,Type F5,Plasma,ThetaBase Services,5,7,strict,4,False,False,2443,13304,64132,97,10,9,10,10,10,10,6,0.3,13304,1,Cocos (Keeling) Islands,2,False
Barbados,Type V5,Quantum,ThetaBase Services,2,5,strict,2,True,False,3145,38933,53183,99,10,10,10,10,10,10,84,3.96,38933,1,Montserrat,1,False
Rwanda,Type V5,Plasma,ThetaBase Services,1,5,moderate,3,True,False,2209,22324,38228,97,9,10,10,10,10,10,36,2.4,22324,1,Venezuela,6,True
Russian Federation,Type V5,Plasma,ThetaBase Services,1,4,strict,1,False,False,3457,1835,68711,93,10,10,10,10,9,9,24,1.17,1835,1,Ecuador,8,False
Indonesia,Type F5,Plasma,ThetaBase Services,1,4,flexible,1,False,False,1845,46069,76485,100,10,6,10,10,10,10,1,0.05,46069,0.5,France,1,True
Malta,Type V5,Plasma,ThetaBase Services,2,4,moderate,2,False,False,1780,35774,20429,96,10,8,10,10,10,10,15,0.7,35774,0.9,Brazil,1,True
Barbados,Type V5,Plasma,ThetaBase Services,1,3,moderate,1,False,False,2430,18077,3538,97,10,9,10,10,10,9,20,0.96,18077,1,Sao Tome and Principe,139,False
Micronesia,Type V5,Plasma,ThetaBase Services,1,2,strict,1,False,False,2300,49076,50425,99,10,10,10,10,10,10,22,1.06,49076,0.97,Kenya,12,True
Barbados,Type V5,Plasma,ThetaBase Services,2,7,strict,4,False,False,4510,10158,55592,94,10,9,10,10,10,9,21,0.98,10158,1,Ukraine,6,True
Micronesia,Type V5,Plasma,ThetaBase Services,3,6,strict,3,True,False,6655,19958,70492,84,8,9,9,9,10,9,14,0.66,19958,1,Congo,40,True
Barbados,Type V5,Plasma,ThetaBase Services,1,3,strict,2,False,False,2417,30359,74230,87,9,9,9,9,9,9,30,1.48,30359,1,Bosnia and Herzegovina,1,False
Nicaragua,Type V5,Plasma,ThetaBase Services,1,4,strict,1,True,False,2157,30435,43371,85,9,9,9,9,10,8,31,1.5,30435,0.99,Cape Verde,41,False
Gambia,Type F5,Quantum,ThetaBase Services,1,2,flexible,1,False,False,1650,1270,7274,100,10,10,10,10,10,10,42,2,1270,1,France,1,False
Niue,Type V5,Quantum,ThetaBase Services,1,1,strict,1,False,False,1195,18607,61201,100,10,10,10,10,10,10,1,0.07,18607,1,Niue,1,False
Nicaragua,Type F5,Plasma,ThetaBase Services,5,10,strict,10,False,False,5498,1726,64886,96,10,9,10,10,10,9,11,0.53,1726,0.93,Isle of Man,9,True
Nicaragua,Type V5,Plasma,ThetaBase Services,1,4,strict,1,True,False,2131,30435,549,81,8,8,9,9,9,8,21,1.04,30435,0.99,Cape Verde,41,False
Russian Federation,Type V5,Plasma,ThetaBase Services,1,2,moderate,1,False,False,1637,3442,20103,97,10,10,10,10,10,10,39,1.89,3442,1,Tonga,2,True
Malta,Type V5,Plasma,ThetaBase Services,0,2,flexible,1,False,False,1676,42951,21183,95,10,9,10,10,10,9,27,1.35,42951,0.75,Marshall Islands,1,False
United Kingdom,Type F5,Quantum,ThetaBase Services,1,2,flexible,1,False,False,1312,33743,7489,100,10,10,10,10,10,10,13,0.66,33743,1,Denmark,2,False
Niue,Type V5,Plasma,ThetaBase Services,1,2,strict,1,False,False,1910,28828,48761,93,10,10,10,10,9,9,9,0.44,28828,1,Isle of Man,198,True
Nicaragua,Type V5,Plasma,ThetaBase Services,2,4,moderate,2,False,False,2235,20727,15355,100,10,10,10,10,10,10,10,0.48,20727,1,Russian Federation,4,True
Nicaragua,Type V5,Plasma,ThetaBase Services,2,8,flexible,4,False,False,2560,48470,72612,96,10,10,10,10,10,9,57,2.69,48470,0.9,Pakistan,4,False
Russian Federation,Type V2,Quantum,ThetaBase Services,1,2,strict,2,True,False,1286,37293,62894,93,10,9,10,10,9,9,23,1.41,37293,0.92,Russian Federation,15,False
Barbados,Type V5,Plasma,ThetaBase Services,2,4,flexible,2,False,False,2560,39109,75862,100,10,10,10,10,10,10,1,0.05,39109,0.77,Ukraine,24,True
United Kingdom,Type F5,Quantum,ThetaBase Services,1,2,flexible,1,True,False,1585,21909,10015,100,10,10,10,10,8,10,1,0.05,21909,1,Christmas Island,3,False
Micronesia,Type G0,Plasma,ThetaBase Services,1,2,strict,1,True,False,3015,11567,43942,96,10,10,10,10,10,9,5,0.26,11567,1,Niger,31,True
Malta,Type F5,Plasma,ThetaBase Services,6,11,moderate,7,False,False,7370,18077,52374,100,10,8,10,10,10,8,1,0.06,18077,1,Sao Tome and Principe,139,False
Micronesia,Type G0,Plasma,ThetaBase Services,1,4,strict,2,True,False,2950,11567,163,88,9,8,10,10,10,8,5,0.24,11567,1,Niger,31,True
Faroe Islands,Type V5,Plasma,ThetaBase Services,2,4,strict,2,False,False,2430,27972,20477,95,9,10,9,8,10,9,11,0.54,27972,0.94,Brazil,27,False
United Kingdom,Type V5,Quantum,ThetaBase Services,1,2,strict,1,False,False,1754,14050,28674,100,10,10,10,10,10,10,13,0.66,14050,1,Lithuania,1,True
United Kingdom,Type V5,Quantum,ThetaBase Services,1,3,flexible,2,True,False,1585,35499,62195,86,9,9,9,9,9,9,77,3.63,35499,0.94,Andorra,4,False
Malta,Type V5,Plasma,ThetaBase Services,2,6,strict,3,False,False,1507,13030,72982,96,9,10,10,10,9,9,28,1.34,13030,1,Mauritania,1,True
Micronesia,Type V5,Plasma,ThetaBase Services,2,4,strict,2,False,False,4120,710,39143,96,10,9,10,10,10,9,17,0.86,710,1,Kenya,1,True
Micronesia,Type V5,Plasma,ThetaBase Services,2,5,strict,3,False,False,2820,40417,570,92,9,9,10,10,10,9,41,2,40417,1,Rwanda,1,False
Malta,Type V5,Plasma,ThetaBase Services,2,5,strict,3,False,False,2755,45546,72043,90,9,9,10,10,10,10,2,0.1,45546,1,Cape Verde,19,True
Anguilla,Type V2,Plasma,ThetaBase Services,4,7,moderate,4,False,False,4250,18077,76794,80,9,9,9,10,8,8,3,0.17,18077,1,Sao Tome and Principe,139,False
Barbados,Type F5,Plasma,ThetaBase Services,2,4,strict,3,False,False,4107,11100,59597,94,9,9,10,10,10,9,15,0.73,11100,1,Nicaragua,1,False
Guinea,Type E3,Plasma,ThetaBase Services,1,4,strict,2,False,False,2417,12528,65939,95,10,10,10,10,10,9,50,2.4,12528,0,Fiji,1,False
Barbados,Type V5,Plasma,ThetaBase Services,1,4,strict,1,False,False,2170,28828,43494,97,10,10,10,10,10,9,6,0.29,28828,1,Isle of Man,198,True
Micronesia,Type V5,Plasma,ThetaBase Services,1,2,strict,1,False,False,2950,18077,25289,100,10,9,10,10,10,10,20,1.08,18077,1,Sao Tome and Principe,139,False
Sao Tome and Principe,Type V5,Plasma,ThetaBase Services,1,2,moderate,1,False,False,2430,18077,53601,100,10,9,10,10,10,10,6,0.36,18077,1,Sao Tome and Principe,139,False
Pakistan,Type E3,Quantum,ThetaBase Services,4,9,moderate,6,False,False,3730,38469,49918,100,10,10,10,10,6,10,1,0.05,38469,1,Cocos (Keeling) Islands,3,True
Micronesia,Type V5,Plasma,ThetaBase Services,2,3,strict,2,False,False,3145,4267,38542,94,9,10,9,10,10,9,27,1.31,4267,1,Senegal,22,True
Gambia,Type V2,Plasma,ThetaBase Services,1,2,moderate,1,False,False,2365,19154,26540,92,10,9,10,10,10,9,10,0.51,19154,1,France,2,True
Nicaragua,Type V5,Plasma,ThetaBase Services,2,4,flexible,2,True,False,2365,21679,45714,98,10,10,10,10,10,10,10,0.54,21679,1,China,2,True
Malta,Type V5,Plasma,ThetaBase Services,1,2,flexible,1,True,False,2235,46607,2076,100,10,6,10,10,10,10,1,0.05,46607,1,Brazil,4,False
United Kingdom,Type V5,Quantum,ThetaBase Services,1,2,moderate,1,True,False,1338,16742,1477,98,10,10,10,10,10,10,9,0.48,16742,0.83,Monaco,1,False
Wallis and Futuna,Type G0,Plasma,ThetaBase Services,1,2,moderate,1,False,False,2157,18269,75053,100,10,10,10,10,10,9,3,0.17,18269,0.86,Fiji,12,False
Nicaragua,Type V5,Plasma,ThetaBase Services,3,9,strict,4,False,False,4367,24026,46622,84,9,8,9,9,9,8,21,1.08,24026,0.98,Cape Verde,69,True
Malta,Type V5,Plasma,ThetaBase Services,2,4,strict,2,False,False,2560,28828,51071,94,9,9,10,10,9,9,20,0.99,28828,1,Isle of Man,198,True
Rwanda,Type G0,Plasma,ThetaBase Services,1,3,strict,1,True,False,2872,37646,52435,92,10,10,9,8,10,8,5,0.25,37646,1,Estonia,60,False
Malta,Type V5,Plasma,ThetaBase Services,2,4,strict,2,False,False,2560,35206,6414,100,10,10,10,10,10,10,10,0.5,35206,1,Marshall Islands,1,False
United Kingdom,Type V5,Plasma,ThetaBase Services,2,4,moderate,1,False,False,1845,43017,19621,100,10,10,10,10,10,10,2,0.1,43017,0,Gibraltar,2,True
Malta,Type V5,Plasma,ThetaBase Services,1,1,strict,1,False,False,1845,14881,61871,98,10,10,10,10,10,9,49,2.33,14881,1,Brazil,2,True
Barbados,Type V5,Quantum,ThetaBase Services,1,2,strict,1,False,False,1975,30916,44760,98,10,10,10,10,10,10,33,1.67,30916,1,Tunisia,3,False
Nicaragua,Type V5,Plasma,ThetaBase Services,2,4,strict,2,False,False,2495,3391,54630,78,7,7,9,8,9,7,8,0.42,3391,1,Iran,58,True
Barbados,Type V5,Plasma,ThetaBase Services,2,4,strict,2,True,False,2495,39952,43994,78,8,8,9,9,9,8,20,1.06,39952,1,Tonga,21,False
Barbados,Type V5,Plasma,ThetaBase Services,1,4,strict,1,False,False,2430,3391,1225,83,10,10,9,8,10,8,6,0.31,3391,1,Iran,58,True
Rwanda,Type X3,Quantum,ThetaBase Services,1,2,flexible,1,True,False,1468,46099,21143,78,8,8,9,9,9,8,55,2.62,46099,0.98,Uzbekistan,28,False
Rwanda,Type V5,Quantum,ThetaBase Services,1,2,flexible,1,True,False,1364,46099,50495,84,9,8,9,9,9,9,53,2.57,46099,0.98,Uzbekistan,28,False
Bouvet Island (Bouvetoya),Type V5,Plasma,ThetaBase Services,2,4,moderate,2,True,False,2170,25369,24859,100,10,10,10,10,10,10,9,0.44,25369,1,Chad,1,True
Russian Federation,Type V5,Plasma,ThetaBase Services,0,2,strict,1,True,False,2027,28833,6426,68,8,7,9,7,9,7,13,0.63,28833,1,Venezuela,5,False
Russian Federation,Type V5,Plasma,ThetaBase Services,2,6,strict,2,True,False,2157,28833,53860,92,10,9,9,10,9,9,31,1.61,28833,1,Venezuela,5,False
United Kingdom,Type V5,Quantum,ThetaBase Services,1,1,strict,1,True,False,1650,2416,24927,87,9,9,9,10,9,9,115,5.49,2416,1,Guinea,5,False
Nicaragua,Type V5,Plasma,ThetaBase Services,2,6,strict,3,False,False,3587,24026,24340,92,9,9,8,10,10,9,18,0.88,24026,0.98,Cape Verde,69,True
Indonesia,Type F5,Plasma,ThetaBase Services,3,7,strict,5,False,False,2430,25914,5127,100,10,10,10,10,9,10,19,1.12,25914,1,France,2,True
Bosnia and Herzegovina,Type F5,Plasma,ThetaBase Services,2,4,moderate,2,False,False,2040,45519,38763,96,10,9,10,10,9,10,16,0.79,45519,1,Puerto Rico,2,False
Kiribati,Type F5,Quantum,ThetaBase Services,1,1,flexible,1,True,False,1195,27492,35028,96,10,10,10,10,9,10,97,4.63,27492,1,Nicaragua,2,True
Kiribati,Type F5,Quantum,ThetaBase Services,1,1,flexible,1,False,False,1195,27492,52171,97,10,10,10,10,10,10,84,4.1,27492,1,Nicaragua,2,True
Barbados,Type V5,Quantum,ThetaBase Services,0,4,strict,2,True,False,1975,27289,22782,85,9,9,9,9,9,9,44,2.13,27289,0.99,Reunion,12,True
Nicaragua,Type V5,Plasma,ThetaBase Services,1,5,strict,4,True,False,2950,9849,28885,99,10,10,10,10,10,10,59,2.82,9849,1,Isle of Man,2,False
Malta,Type X3,Plasma,ThetaBase Services,1,2,strict,1,False,False,1975,18077,59058,100,10,9,10,10,10,10,3,0.16,18077,1,Sao Tome and Principe,139,False
Niue,Type F5,Quantum,ThetaBase Services,1,1,flexible,1,False,False,1169,12262,38664,100,10,9,10,10,9,9,2,0.1,12262,1,Niue,2,False
Nicaragua,Type V5,Quantum,ThetaBase Services,0,4,strict,1,True,False,2105,9830,32254,94,10,9,10,10,10,9,51,2.81,9830,1,Barbados,3,True
United Kingdom,Type V5,Plasma,ThetaBase Services,2,4,strict,2,False,False,2105,28828,22835,97,10,10,10,10,10,10,13,0.64,28828,1,Isle of Man,198,True
Gambia,Type F5,Quantum,ThetaBase Services,1,2,moderate,1,False,False,1234,9923,14496,98,10,10,10,10,10,10,22,1.46,9923,1,Gambia,2,False
Micronesia,Type G0,Quantum,ThetaBase Services,0,3,strict,2,False,False,1507,10883,44446,89,9,9,10,10,10,9,42,2.02,10883,1,Niger,8,True
Barbados,Type V5,Plasma,ThetaBase Services,1,6,strict,4,False,False,2235,18272,52406,75,9,9,9,9,10,8,25,1.21,18272,0.9,Vietnam,3,False
Niue,Type V5,Quantum,ThetaBase Services,1,2,strict,1,True,False,1390,6655,28393,93,9,10,10,10,8,10,34,2.41,6655,1,Niue,1,False
Malta,Type V5,Plasma,ThetaBase Services,2,4,moderate,2,False,False,3470,5101,11609,98,10,10,10,10,9,10,25,1.21,5101,0.67,Nauru,1,False
Kiribati,Type F5,Plasma,ThetaBase Services,3,6,strict,3,False,False,3470,28828,24872,93,9,9,9,9,10,9,3,0.15,28828,1,Isle of Man,198,True
Russian Federation,Type V5,Plasma,ThetaBase Services,2,4,strict,2,True,False,1845,8758,69003,93,9,9,8,7,8,8,6,0.3,8758,1,Russian Federation,1,False
Rwanda,Type V5,Plasma,ThetaBase Services,2,6,strict,2,False,False,2625,28828,9986,97,10,9,10,10,10,10,23,1.13,28828,1,Isle of Man,198,True
Nicaragua,Type V5,Plasma,ThetaBase Services,2,6,strict,2,True,False,3015,30126,36553,94,10,9,10,10,9,9,26,1.31,30126,1,Togo,5,True
Micronesia,Type V5,Plasma,ThetaBase Services,1,3,strict,0,True,False,2053,8225,42678,88,9,9,10,10,10,9,28,1.4,8225,0.95,Barbados,31,False
Malta,Type F5,Nuclear,ThetaBase Services,1,1,flexible,5,True,False,1156,12542,46147,88,9,9,10,9,9,9,135,6.6,12542,0.98,Mauritania,19,True
Malta,Type F5,Nuclear,ThetaBase Services,1,1,flexible,5,True,False,1156,12542,46451,87,9,9,9,9,9,9,77,3.71,12542,0.98,Mauritania,19,True
Russian Federation,Type F5,Plasma,ThetaBase Services,2,4,flexible,2,True,False,2170,15959,44615,87,10,8,10,10,10,9,3,0.18,15959,1,Russian Federation,2,True
Malta,Type V5,Plasma,ThetaBase Services,2,5,strict,3,False,False,3223,19310,23281,95,10,10,10,10,10,9,40,1.97,19310,1,Indonesia,1,True
Nicaragua,Type V5,Plasma,ThetaBase Services,2,6,strict,3,False,False,3847,24026,73280,90,9,9,9,10,10,9,14,1.06,24026,0.98,Cape Verde,69,True
Malta,Type V2,Quantum,ThetaBase Services,1,1,strict,1,False,False,1325,21464,13628,100,10,10,10,10,10,10,2,0.16,21464,1,Mauritania,1,False
Russian Federation,Type V2,Quantum,ThetaBase Services,2,4,flexible,3,False,False,1507,30532,14708,95,10,7,10,9,10,10,4,0.2,30532,0.67,Russian Federation,1,False
Isle of Man,Type X3,Quantum,ThetaBase Services,1,3,strict,2,False,False,1572,27773,57408,90,9,9,10,10,10,9,24,1.37,27773,1,Togo,1,False
Rwanda,Type X3,Quantum,ThetaBase Services,1,2,flexible,1,True,False,1325,46099,49093,79,9,8,9,9,9,9,90,4.35,46099,0.98,Uzbekistan,28,False
United Kingdom,Type V5,Plasma,ThetaBase Services,2,4,moderate,2,False,False,3210,24697,28755,96,10,10,10,10,8,9,53,2.78,24697,1,Congo,1,True
Russian Federation,Type V5,Plasma,ThetaBase Services,1,2,strict,1,False,False,2170,28828,66805,96,10,10,10,10,10,10,16,0.8,28828,1,Isle of Man,198,True
Guinea,Type V5,Plasma,ThetaBase Services,2,6,strict,2,True,False,3470,12107,67177,100,10,9,10,10,10,10,3,0.17,12107,1,Fiji,2,True
Bouvet Island (Bouvetoya),Type V5,Plasma,ThetaBase Services,2,7,strict,3,False,False,3457,24026,50634,80,9,10,7,10,10,9,4,0.22,24026,0.98,Cape Verde,69,True
Micronesia,Type V2,Plasma,ThetaBase Services,2,4,strict,2,True,False,3457,28177,60534,90,9,9,9,9,10,8,8,0.45,28177,1,Kenya,1,False
Bouvet Island (Bouvetoya),Type F5,Plasma,ThetaBase Services,4,5,flexible,3,False,False,2690,44334,21122,98,10,10,10,10,9,9,11,0.55,44334,1,Lebanon,1,True
Bouvet Island (Bouvetoya),Type V5,Plasma,ThetaBase Services,0,4,strict,2,True,False,1845,14043,690,94,10,8,9,9,10,10,11,0.54,14043,1,Chad,1,False
United Kingdom,Type V5,Quantum,ThetaBase Services,1,2,moderate,1,False,False,1325,13133,36878,100,10,10,10,10,10,10,6,0.29,13133,0.67,Denmark,1,True
Rwanda,Type V5,Quantum,ThetaBase Services,1,2,strict,1,False,False,1312,31047,10141,97,10,10,10,10,10,10,69,3.4,31047,1,Turkmenistan,1,False
Malta,Type V5,Quantum,ThetaBase Services,1,4,strict,1,True,False,2040,17447,19675,94,10,10,10,10,9,9,52,2.91,17447,1,El Salvador,4,True
United Kingdom,Type V5,Quantum,ThetaBase Services,1,1,strict,1,True,False,1455,2416,64032,92,9,9,10,10,9,9,103,5.35,2416,1,Guinea,5,False
Bouvet Island (Bouvetoya),Type V5,Plasma,ThetaBase Services,2,6,strict,3,False,False,3457,24026,39061,90,9,10,9,10,10,9,4,0.21,24026,0.98,Cape Verde,69,True
Niue,Type V2,Quantum,ThetaBase Services,1,2,moderate,1,False,False,1325,4129,58856,98,10,10,10,10,10,10,73,3.58,4129,1,Niue,3,True
Rwanda,Type V5,Plasma,ThetaBase Services,2,8,strict,4,True,False,2391,15004,11516,93,10,10,10,10,10,10,59,2.91,15004,1,Uzbekistan,88,False
Malta,Type V5,Plasma,ThetaBase Services,1,2,strict,1,False,False,2755,14881,11102,98,10,10,10,10,10,10,12,0.61,14881,1,Brazil,2,True
Rwanda,Type F5,Quantum,ThetaBase Services,1,1,flexible,1,False,False,1299,43344,58256,90,8,7,6,6,8,8,2,0.1,43344,0.6,Maldives,5,False
Micronesia,Type F5,Plasma,ThetaBase Services,2,4,moderate,2,False,False,3730,18077,26878,96,10,9,9,10,10,9,15,0.86,18077,1,Sao Tome and Principe,139,False
Malta,Type V2,Plasma,ThetaBase Services,4,6,moderate,0,False,False,4510,18077,21532,100,8,8,8,8,8,8,1,0.06,18077,1,Sao Tome and Principe,139,False
Malta,Type V5,Plasma,ThetaBase Services,1,3,strict,1,False,False,1975,28828,22488,83,9,8,10,9,8,8,8,0.4,28828,1,Isle of Man,198,True
Switzerland,Type F5,Quantum,ThetaBase Services,1,2,flexible,1,False,False,1468,47323,35865,50,5,4,8,8,8,6,4,0.2,47323,0.5,Turks and Caicos Islands,7,False
Bouvet Island (Bouvetoya),Type V5,Plasma,ThetaBase Services,2,7,strict,3,False,False,3457,24026,75056,85,9,9,9,10,9,8,19,1,24026,0.98,Cape Verde,69,True
Bouvet Island (Bouvetoya),Type V5,Plasma,ThetaBase Services,2,7,strict,3,False,False,3457,24026,15552,92,9,8,7,9,10,8,5,0.64,24026,0.98,Cape Verde,69,True
Gambia,Type V5,Plasma,ThetaBase Services,2,4,strict,3,False,False,2300,27972,2835,100,10,10,10,9,9,10,17,0.92,27972,0.94,Brazil,27,False
Russian Federation,Type V5,Plasma,ThetaBase Services,1,4,strict,1,True,False,2417,35219,7633,94,10,9,9,10,10,9,24,1.23,35219,0.97,Tonga,4,False
Nicaragua,Type V5,Plasma,ThetaBase Services,3,5,moderate,3,False,False,3340,24769,29693,100,10,10,10,10,10,8,1,0.09,24769,1,Isle of Man,1,True
Nicaragua,Type F5,Quantum,ThetaBase Services,1,2,moderate,1,False,False,1585,7025,4180,92,9,8,10,10,10,10,6,0.29,7025,1,Jersey,1,False
Costa Rica,Type F5,Quantum,ThetaBase Services,1,3,strict,2,False,False,1234,29480,17795,98,10,10,10,10,9,10,13,0.87,29480,1,French Polynesia,6,False
Indonesia,Type F5,Quantum,ThetaBase Services,1,1,strict,2,True,False,1663,12177,34135,80,8,8,10,10,10,8,2,0.16,12177,1,France,6,True
Barbados,Type V5,Plasma,ThetaBase Services,3,8,moderate,4,True,False,3600,8096,60702,100,10,10,10,10,10,10,1,0.6,8096,1,Vietnam,2,False
Barbados,Type V5,Plasma,ThetaBase Services,3,10,strict,6,False,False,5095,33823,63328,92,9,9,10,10,10,9,30,1.58,33823,0.78,France,17,True
Faroe Islands,Type V2,Quantum,ThetaBase Services,2,1,flexible,1,True,False,1143,10741,57624,98,10,10,10,10,9,10,101,5.32,10741,1,Micronesia,2,False
United Kingdom,Type V5,Plasma,ThetaBase Services,2,12,moderate,6,False,False,5940,37999,72729,95,10,10,10,10,9,9,60,2.12,37999,1,Senegal,20,True
United Kingdom,Type V5,Plasma,ThetaBase Services,2,6,strict,5,False,False,3080,37999,9777,98,10,10,10,10,9,10,37,1.84,37999,1,Senegal,20,True
United Kingdom,Type V5,Plasma,ThetaBase Services,2,8,moderate,4,False,False,3080,37999,19112,95,9,9,10,10,9,9,39,1.99,37999,1,Senegal,20,True
Barbados,Type V7,Quantum,ThetaBase Services,1,3,strict,2,True,False,1780,8331,10292,91,9,10,9,9,10,9,33,1.63,8331,0.7,Uganda,2,False
Micronesia,Type V5,Quantum,ThetaBase Services,0,3,strict,1,False,False,1637,10883,17453,91,9,9,9,10,10,9,38,1.99,10883,1,Niger,8,True
Malta,Type V5,Quantum,ThetaBase Services,1,2,strict,1,True,False,1403,41989,8283,98,10,10,10,10,10,10,41,2.12,41989,1,El Salvador,1,True
Anguilla,Type L0,Quantum,ThetaBase Services,0,2,flexible,1,False,False,1559,30753,32860,97,10,10,10,10,9,10,33,1.68,30753,1,Anguilla,2,True
Rwanda,Type V5,Plasma,ThetaBase Services,0,2,moderate,1,False,False,1754,16047,123,91,9,9,9,9,10,9,25,1.27,16047,0.8,Uzbekistan,6,False
Nicaragua,Type V5,Plasma,ThetaBase Services,1,6,moderate,3,True,False,3080,18619,53007,86,9,10,10,10,9,9,22,1.09,18619,1,Slovakia (Slovak Republic),1,False
Nicaragua,Type V5,Quantum,ThetaBase Services,0,1,moderate,1,False,False,1260,29735,36124,88,9,8,10,10,10,9,7,0.35,29735,0.86,Isle of Man,2,False
Barbados,Type V5,Plasma,ThetaBase Services,1,4,strict,2,True,False,2157,39952,10211,80,9,8,9,9,9,9,25,1.27,39952,1,Tonga,21,False
Rwanda,Type V5,Quantum,ThetaBase Services,1,2,moderate,1,True,False,1507,41340,73347,99,10,10,10,10,9,10,61,3.04,41340,1,Tanzania,3,True
Malta,Type E3,Quantum,ThetaBase Services,1,2,strict,1,False,False,1975,21836,41939,96,10,9,10,10,9,9,19,1.02,21836,1,Mauritania,3,False
Micronesia,Type V5,Plasma,ThetaBase Services,3,6,strict,3,True,False,2950,28828,20479,95,9,9,10,10,9,9,22,1.1,28828,1,Isle of Man,198,True
Uzbekistan,Type V5,Plasma,ThetaBase Services,2,4,strict,2,False,False,2170,42421,70685,100,10,10,10,10,10,10,11,0.55,42421,1,Costa Rica,5,True
Barbados,Type V5,Plasma,ThetaBase Services,2,6,strict,3,True,False,2729,490,41162,91,9,9,10,10,10,9,43,2.15,490,1,Bosnia and Herzegovina,6,False
Russian Federation,Type G0,Plasma,ThetaBase Services,1,2,strict,1,True,False,2872,37646,14840,53,10,10,10,7,8,8,3,0.2,37646,1,Estonia,60,False
Barbados,Type V5,Plasma,ThetaBase Services,1,5,strict,3,True,False,2547,27090,37791,91,9,9,9,9,10,9,52,2.74,27090,1,Tonga,2,True
Guinea,Type G0,Plasma,ThetaBase Services,1,3,strict,1,False,False,2872,37646,3195,88,8,9,9,10,10,8,5,0.27,37646,1,Estonia,60,False
Malta,Type V2,Plasma,ThetaBase Services,4,8,moderate,6,False,False,3353,36320,42266,100,10,9,10,10,9,10,6,0.38,36320,1,Niue,1,False
Barbados,Type V7,Plasma,ThetaBase Services,2,4,strict,2,False,False,3405,1366,44800,98,10,10,10,10,10,9,9,0.47,1366,0.25,Fiji,4,False
United Kingdom,Type V5,Plasma,ThetaBase Services,2,7,strict,5,True,False,3340,34096,1343,89,9,9,9,9,8,9,25,1.23,34096,1,Andorra,10,False
Barbados,Type V5,Quantum,ThetaBase Services,2,4,strict,1,False,False,3275,1366,66794,95,10,10,10,10,10,9,27,1.35,1366,0.25,Fiji,4,False
Micronesia,Type V5,Plasma,ThetaBase Services,0,2,strict,1,True,False,2885,19958,63732,87,7,8,7,9,10,8,3,0.24,19958,1,Congo,40,True
Barbados,Type V5,Plasma,ThetaBase Services,1,2,moderate,1,False,False,2560,24197,20503,100,10,10,10,10,10,10,13,0.77,24197,1,Ghana,1,False
Rwanda,Type V5,Plasma,ThetaBase Services,1,2,moderate,1,False,False,2430,40317,72641,100,10,10,10,10,10,10,12,0.6,40317,1,Uzbekistan,2,True
United Kingdom,Type V5,Plasma,ThetaBase Services,2,6,strict,3,False,False,3470,2916,9681,99,10,10,10,10,10,10,30,1.6,2916,1,Nicaragua,1,True
Uzbekistan,Type F5,Quantum,ThetaBase Services,1,1,strict,1,False,False,1260,40366,32228,93,9,9,10,10,9,9,3,0.15,40366,0.97,Micronesia,14,True
Bouvet Island (Bouvetoya),Type F5,Plasma,ThetaBase Services,3,6,strict,4,False,False,3327,38193,63686,100,10,10,10,10,9,10,10,0.5,38193,1,French Guiana,1,True
Nicaragua,Type V5,Plasma,ThetaBase Services,0,2,strict,1,False,False,2157,19228,47270,85,9,10,10,9,10,9,43,2.18,19228,1,Svalbard & Jan Mayen Islands,8,False
Barbados,Type V5,Plasma,ThetaBase Services,1,5,strict,1,False,False,2105,18272,33187,90,10,9,10,9,10,9,24,1.19,18272,0.9,Vietnam,3,False
Sao Tome and Principe,Type V2,Plasma,ThetaBase Services,2,6,strict,3,True,False,2417,26171,7746,91,9,9,9,9,10,8,9,0.51,26171,1,Uruguay,1,False
Russian Federation,Type E3,Quantum,ThetaBase Services,1,5,strict,1,True,False,1845,19842,3004,72,8,9,7,7,9,8,19,1.04,19842,0.85,Turkmenistan,53,False
Russian Federation,Type E3,Quantum,ThetaBase Services,1,4,strict,1,True,False,1780,19842,80,80,9,9,9,8,9,9,7,0.37,19842,0.85,Turkmenistan,53,False
Russian Federation,Type E3,Quantum,ThetaBase Services,2,6,strict,3,True,False,1793,19842,28045,80,8,9,7,6,9,8,6,0.33,19842,0.85,Turkmenistan,53,False
Russian Federation,Type V5,Quantum,ThetaBase Services,1,4,strict,2,True,False,1728,19842,18059,73,9,9,5,7,9,8,3,0.16,19842,0.85,Turkmenistan,53,False
Guinea,Type V5,Plasma,ThetaBase Services,2,6,strict,2,True,False,1793,19842,10388,69,7,8,8,7,9,7,29,1.48,19842,0.85,Turkmenistan,53,False
Russian Federation,Type E3,Quantum,ThetaBase Services,1,4,strict,1,True,False,1728,19842,67157,63,8,8,7,7,9,7,7,0.35,19842,0.85,Turkmenistan,53,False
Nicaragua,Type V5,Plasma,ThetaBase Services,2,6,strict,3,False,False,4315,19943,5116,87,8,9,10,10,10,9,3,0.16,19943,0.63,Isle of Man,34,False
Faroe Islands,Type F1,Plasma,ThetaBase Services,1,4,flexible,2,True,False,1910,43675,50170,90,10,9,9,9,10,10,11,0.61,43675,0.7,Micronesia,2,False
Isle of Man,Type F5,Quantum,ThetaBase Services,1,1,strict,2,True,False,1520,34037,63673,97,10,10,10,10,10,9,7,0.41,34037,0,Togo,2,False
Malta,Type V5,Quantum,ThetaBase Services,1,2,strict,1,False,False,1975,35712,70322,98,10,10,10,10,10,10,92,4.73,35712,1,Marshall Islands,1,True
Isle of Man,Type V5,Plasma,ThetaBase Services,1,2,strict,1,False,False,1507,39304,4535,97,10,10,10,10,10,9,8,0.44,39304,0.75,Togo,2,True
Bouvet Island (Bouvetoya),Type V5,Quantum,ThetaBase Services,1,2,moderate,1,True,False,1585,20909,57610,98,10,10,10,10,10,10,38,2.9,20909,1,Gambia,1,False
Rwanda,Type V7,Plasma,ThetaBase Services,1,2,strict,1,False,False,2274,6894,61129,65,7,7,10,9,9,7,4,0.23,6894,0.8,Estonia,47,True
Costa Rica,Type V5,Quantum,ThetaBase Services,1,2,flexible,1,True,False,1195,48609,55175,100,10,10,10,10,10,10,2,0.1,48609,1,Uzbekistan,2,False
Barbados,Type V5,Plasma,ThetaBase Services,0,2,flexible,1,True,False,1910,12128,70916,94,10,10,10,10,10,9,32,1.75,12128,1,Djibouti,1,False
Malta,Type V5,Plasma,ThetaBase Services,2,7,strict,3,False,False,3457,24026,40554,88,10,9,6,10,9,9,5,0.26,24026,0.98,Cape Verde,69,True
Rwanda,Type V5,Quantum,ThetaBase Services,1,2,moderate,2,True,False,1234,37293,23428,91,9,9,9,10,9,10,39,2,37293,0.92,Russian Federation,15,False
Barbados,Type V5,Plasma,ThetaBase Services,1,2,strict,1,False,False,3405,19231,24012,98,10,10,10,10,10,10,24,1.27,19231,1,Ukraine,2,True
Sao Tome and Principe,Type E3,Plasma,ThetaBase Services,1,4,moderate,2,True,False,1910,24912,50647,94,9,9,10,10,9,10,23,1.48,24912,1,Sao Tome and Principe,5,False
United Kingdom,Type V5,Quantum,ThetaBase Services,1,2,strict,1,False,False,1585,35841,3097,93,9,10,10,10,9,9,12,0.61,35841,1,Saint Helena,4,False
Malta,Type E3,Quantum,ThetaBase Services,2,3,moderate,2,True,False,1910,4125,15570,96,10,10,10,10,9,9,62,3.2,4125,1,Guernsey,1,True
Nicaragua,Type V5,Plasma,ThetaBase Services,3,8,strict,4,False,False,4757,24026,17504,93,9,9,9,10,10,9,27,1.51,24026,0.98,Cape Verde,69,True
Micronesia,Type V5,Plasma,ThetaBase Services,3,6,moderate,3,False,False,4770,15810,6734,93,9,9,8,9,10,9,8,0.48,15810,1,Niger,2,False
Rwanda,Type V5,Plasma,ThetaBase Services,2,6,strict,4,False,False,2495,28828,48680,89,9,9,10,10,8,9,13,0.68,28828,1,Isle of Man,198,True
Malta,Type F5,Quantum,ThetaBase Services,2,6,strict,4,True,False,1884,32346,74699,92,9,10,9,10,9,9,10,0.65,32346,1,United Kingdom,3,False
Bouvet Island (Bouvetoya),Type V5,Plasma,ThetaBase Services,2,4,strict,2,False,False,1975,15861,9791,100,10,10,10,10,10,9,5,0.33,15861,1,Chad,1,True
Costa Rica,Type F5,Plasma,ThetaBase Services,2,3,strict,2,True,False,1845,34675,60738,100,10,10,10,10,9,10,27,1.46,34675,1,Svalbard & Jan Mayen Islands,1,True
Nicaragua,Type V5,Plasma,ThetaBase Services,0,2,strict,1,False,False,1455,7970,47501,78,8,8,9,9,8,7,10,0.54,7970,0.9,Isle of Man,3,True
Estonia,Type V2,Plasma,ThetaBase Services,2,4,strict,2,False,False,1780,12765,1358,100,10,10,10,10,8,10,2,0.12,12765,1,Zimbabwe,1,True
Malta,Type V5,Plasma,ThetaBase Services,2,5,strict,2,False,False,2170,28828,61661,95,10,10,9,10,10,10,38,1.96,28828,1,Isle of Man,198,True
Micronesia,Type V5,Plasma,ThetaBase Services,2,5,flexible,2,False,False,3730,19811,27956,80,8,8,9,8,10,8,8,0.42,19811,0.9,Nicaragua,21,True
Micronesia,Type V2,Plasma,ThetaBase Services,3,7,strict,3,True,False,6395,19958,71949,86,8,8,9,9,9,8,10,0.79,19958,1,Congo,40,True
Rwanda,Type T7,Quantum,ThetaBase Services,1,2,moderate,1,True,False,1520,43926,44705,93,9,9,10,10,9,9,73,3.82,43926,0.8,Zimbabwe,2,True
United Kingdom,Type V5,Plasma,ThetaBase Services,2,6,strict,2,False,False,4757,43428,47413,96,10,10,10,9,10,9,5,0.54,43428,0.73,Faroe Islands,9,True
Malta,Type V5,Quantum,ThetaBase Services,1,2,flexible,1,True,False,2170,18385,15647,98,10,10,10,10,10,9,34,1.73,18385,1,Brazil,2,True
Niue,Type V5,Quantum,ThetaBase Services,1,2,moderate,1,False,False,1403,35122,56344,99,10,10,10,10,10,10,38,2.21,35122,1,Guinea,1,True
Barbados,Type V5,Plasma,ThetaBase Services,2,6,strict,2,True,False,2846,490,54103,84,8,8,9,9,9,8,27,1.45,490,1,Bosnia and Herzegovina,6,False
Nicaragua,Type V5,Plasma,ThetaBase Services,3,8,strict,3,False,False,2690,48869,69809,27,4,5,3,2,4,3,3,0.23,48869,1,Slovakia (Slovak Republic),22,False
Nicaragua,Type V2,Quantum,ThetaBase Services,1,2,moderate,1,True,False,1585,3088,74526,98,10,10,10,10,10,10,50,2.56,3088,1,Jersey,1,False
Indonesia,Type F5,Quantum,ThetaBase Services,1,1,strict,1,False,False,1455,12177,21416,100,10,10,10,10,8,10,1,0.06,12177,1,France,6,True
Nicaragua,Type V5,Quantum,ThetaBase Services,1,3,flexible,2,True,False,1221,35787,75637,90,9,8,9,10,10,9,92,4.98,35787,1,Pakistan,1,True
Bouvet Island (Bouvetoya),Type V5,Plasma,ThetaBase Services,1,4,moderate,2,True,False,2170,8551,30707,100,10,10,10,10,10,9,3,0.15,8551,1,Lebanon,1,False
Sao Tome and Principe,Type G0,Quantum,ThetaBase Services,1,2,strict,1,True,False,1273,19842,44914,80,8,8,8,8,9,8,7,0.39,19842,0.85,Turkmenistan,53,False
Sao Tome and Principe,Type G0,Quantum,ThetaBase Services,1,2,strict,1,True,False,1273,19842,68723,80,8,8,8,7,8,8,10,0.52,19842,0.85,Turkmenistan,53,False
Rwanda,Type V5,Plasma,ThetaBase Services,1,2,strict,1,False,False,2105,25990,54087,100,8,10,10,10,10,10,1,0.05,25990,0.5,Venezuela,1,True
Rwanda,Type V5,Plasma,ThetaBase Services,2,5,strict,2,True,False,2040,33748,3014,82,9,9,9,9,8,8,31,1.8,33748,0.3,Uzbekistan,3,True
Rwanda,Type V5,Plasma,ThetaBase Services,1,2,strict,1,False,False,2235,6894,73992,100,9,9,10,10,10,9,6,0.32,6894,0.8,Estonia,47,True
United Kingdom,Type F5,Quantum,ThetaBase Services,1,2,strict,1,True,False,1390,46872,72212,83,9,9,10,9,10,8,114,5.89,46872,1,Nicaragua,9,False
Barbados,Type V5,Plasma,ThetaBase Services,2,4,strict,2,True,False,3418,25524,20685,81,9,8,10,9,10,8,17,1.01,25524,1,Barbados,1,True
Barbados,Type V5,Plasma,ThetaBase Services,2,4,strict,2,True,False,2287,39952,37766,85,8,8,8,9,10,9,32,1.72,39952,1,Tonga,21,False
Rwanda,Type V5,Quantum,ThetaBase Services,2,6,moderate,2,True,False,1975,30985,14121,89,9,8,10,10,9,9,42,2.11,30985,1,Uzbekistan,5,False
Niue,Type F5,Quantum,ThetaBase Services,1,1,flexible,1,True,False,1195,7940,63806,98,10,10,9,10,9,10,19,2.1,7940,1,Niue,1,True
Russian Federation,Type F5,Quantum,ThetaBase Services,1,1,strict,1,True,False,1299,41089,7511,99,10,10,10,10,10,10,18,0.93,41089,1,Gambia,3,True
Costa Rica,Type F5,Plasma,ThetaBase Services,3,5,moderate,3,False,False,2001,48533,51909,93,10,9,10,10,10,10,6,0.33,48533,1,Somalia,1,True
Barbados,Type V5,Plasma,ThetaBase Services,1,4,strict,2,True,False,2157,39952,25952,86,9,8,9,9,10,9,24,1.39,39952,1,Tonga,21,False
Nicaragua,Type V5,Plasma,ThetaBase Services,2,8,flexible,2,False,False,2859,48470,70661,92,9,9,10,9,10,9,29,1.57,48470,0.9,Pakistan,4,False
Nicaragua,Type G0,Plasma,ThetaBase Services,3,8,moderate,3,True,False,3717,21083,56986,94,10,10,10,10,10,9,13,0.67,21083,1,Spain,3,True
Rwanda,Type V2,Plasma,ThetaBase Services,1,4,moderate,1,True,False,2105,45590,14156,96,10,10,10,10,10,10,24,1.37,45590,1,Turkmenistan,2,True
Micronesia,Type F5,Quantum,ThetaBase Services,1,2,moderate,1,False,False,1494,39300,76001,99,10,10,10,10,10,10,36,1.83,39300,1,Kenya,2,False
Barbados,Type V5,Plasma,ThetaBase Services,3,7,strict,5,True,False,2495,27289,61522,88,9,9,10,9,9,9,17,0.87,27289,0.99,Reunion,12,True
Micronesia,Type V5,Plasma,ThetaBase Services,3,3,strict,3,False,False,2911,45631,48015,72,7,7,9,9,7,7,6,0.34,45631,0.38,China,1,True
Bouvet Island (Bouvetoya),Type V2,Plasma,ThetaBase Services,3,4,strict,2,False,False,2833,4913,68879,97,10,10,9,10,9,9,7,0.36,4913,1,Gambia,1,False
Sao Tome and Principe,Type V2,Plasma,ThetaBase Services,4,8,moderate,8,False,False,4120,1908,53182,100,10,10,10,10,10,9,6,0.45,1908,1,Sao Tome and Principe,2,True
Malta,Type V5,Quantum,ThetaBase Services,2,3,flexible,1,True,False,2300,18385,34561,100,10,10,10,10,10,10,5,0.26,18385,1,Brazil,2,True
Brazil,Type O3,Quantum,ThetaBase Services,1,3,moderate,3,True,False,2014,28540,44168,100,10,10,10,10,10,10,3,0.17,28540,1,Vanuatu,12,False
Brazil,Type O3,Quantum,ThetaBase Services,1,2,moderate,1,True,False,1715,28540,18783,100,10,10,10,10,10,10,2,0.11,28540,1,Vanuatu,12,False
Brazil,Type O3,Quantum,ThetaBase Services,1,2,moderate,1,True,False,1845,28540,47261,80,8,10,10,10,10,8,1,0.06,28540,1,Vanuatu,12,False
Rwanda,Type V5,Plasma,ThetaBase Services,2,4,moderate,2,True,False,2157,41340,39190,88,10,8,8,9,8,9,8,0.43,41340,1,Tanzania,3,True
Russian Federation,Type F1,Plasma,ThetaBase Services,2,4,strict,2,False,False,3067,47527,9629,97,10,10,10,10,10,10,34,1.74,47527,1,Tonga,1,False
Rwanda,Type F5,Quantum,ThetaBase Services,1,3,strict,2,False,False,1260,40366,30535,93,10,10,10,10,9,9,107,5.49,40366,0.97,Micronesia,14,True
Barbados,Type V5,Quantum,ThetaBase Services,1,2,moderate,1,False,False,1338,4524,29233,92,10,9,10,10,10,9,13,0.67,4524,1,Vietnam,1,False
Niue,Type F5,Plasma,ThetaBase Services,3,5,moderate,5,False,False,2105,4178,26191,93,10,9,10,10,9,9,6,0.38,4178,1,Niue,1,True
Nicaragua,Type V5,Plasma,ThetaBase Services,2,6,strict,3,True,False,2625,30126,76777,95,10,10,9,10,9,9,15,0.76,30126,1,Togo,5,True
Niue,Type V5,Plasma,ThetaBase Services,0,2,flexible,1,True,False,1845,26633,18472,99,10,10,10,10,10,10,26,1.32,26633,1,Guinea,1,True
United Kingdom,Type F5,Quantum,ThetaBase Services,1,2,flexible,1,False,False,1325,16181,40529,98,10,10,10,10,9,10,16,0.83,16181,1,Tanzania,2,False
Malta,Type V5,Plasma,ThetaBase Services,2,4,strict,2,False,False,2300,28828,43612,93,10,10,9,10,9,9,11,0.58,28828,1,Isle of Man,198,True
Russian Federation,Type V5,Plasma,ThetaBase Services,2,4,strict,2,False,False,2690,28828,66507,90,9,10,9,10,10,9,27,1.43,28828,1,Isle of Man,198,True
Nicaragua,Type V5,Plasma,ThetaBase Services,0,2,moderate,1,False,False,2430,44612,17381,99,10,10,10,10,9,10,30,1.6,44612,1,Jersey,2,True
Barbados,Type V5,Plasma,ThetaBase Services,2,4,strict,2,False,False,2820,27967,47446,97,10,10,10,10,10,10,8,0.43,27967,0.67,Djibouti,1,True
Sao Tome and Principe,Type F5,Plasma,ThetaBase Services,3,7,strict,0,False,False,3730,10082,60849,98,10,9,10,10,9,10,12,0.77,10082,1,Isle of Man,2,True
United Kingdom,Type V5,Plasma,ThetaBase Services,0,2,strict,1,False,False,2040,46105,35177,98,10,10,10,10,10,10,30,1.64,46105,1,Nicaragua,4,True
Chad,Type F5,Quantum,ThetaBase Services,1,2,flexible,1,False,False,1195,13301,35661,90,10,8,10,10,9,9,2,0.1,13301,1,Togo,2,False
United Kingdom,Type V5,Plasma,ThetaBase Services,1,2,strict,1,False,False,2417,46105,31727,99,10,10,10,10,10,10,19,1.08,46105,1,Nicaragua,4,True
Sao Tome and Principe,Type G0,Quantum,ThetaBase Services,1,2,strict,1,True,False,7370,19842,32279,80,9,9,10,10,10,10,2,0.11,19842,0.85,Turkmenistan,53,False
Rwanda,Type F5,Plasma,ThetaBase Services,2,4,strict,2,False,False,2820,28828,49482,93,10,10,10,10,10,10,3,0.16,28828,1,Isle of Man,198,True
Sao Tome and Principe,Type E3,Quantum,ThetaBase Services,1,1,moderate,1,True,False,1455,25677,65157,97,10,10,10,10,10,10,77,4.23,25677,1,Peru,2,False
Russian Federation,Type F5,Plasma,ThetaBase Services,4,8,flexible,4,False,False,10620,19485,74381,100,9,9,10,10,10,9,4,0.24,19485,0.5,Russian Federation,1,True
Guinea,Type V5,Plasma,ThetaBase Services,2,4,strict,3,False,False,4120,23668,28858,100,10,10,10,10,10,10,13,0.74,23668,1,Fiji,2,False
Marshall Islands,Type V5,Plasma,ThetaBase Services,1,2,flexible,1,False,False,1715,46453,28829,100,10,10,10,10,10,10,17,0.95,46453,1,Russian Federation,1,True
Indonesia,Type F5,Quantum,ThetaBase Services,2,3,moderate,2,False,False,1455,12799,60953,92,10,9,10,10,10,10,6,0.32,12799,0.8,Faroe Islands,2,False
Gambia,Type V5,Plasma,ThetaBase Services,2,4,strict,0,False,False,2092,28828,21758,98,10,10,9,10,10,9,13,0.68,28828,1,Isle of Man,198,True
Micronesia,Type F5,Quantum,ThetaBase Services,1,1,moderate,1,False,False,1390,39300,8478,99,10,10,10,10,10,10,68,3.54,39300,1,Kenya,2,False
Faroe Islands,Type V5,Quantum,ThetaBase Services,1,2,flexible,1,False,False,1325,47286,53599,100,10,10,10,10,9,10,5,0.28,47286,1,Micronesia,2,False
Rwanda,Type F5,Quantum,ThetaBase Services,1,2,strict,1,False,False,1247,40366,22847,90,9,9,10,10,9,9,101,5.18,40366,0.97,Micronesia,14,True
Brazil,Type W5,Quantum,ThetaBase Services,1,3,strict,2,True,False,1442,42915,75105,89,9,9,10,10,9,9,74,3.87,42915,1,Vanuatu,1,False
Bosnia and Herzegovina,Type F5,Quantum,ThetaBase Services,1,1,flexible,1,True,False,3730,7982,784,100,10,10,10,8,8,8,1,0.05,7982,1,Serbia,3,False
Nicaragua,Type V5,Plasma,ThetaBase Services,2,6,strict,2,True,False,3015,30126,34454,97,10,10,10,10,10,9,25,1.29,30126,1,Togo,5,True
Rwanda,Type F5,Quantum,ThetaBase Services,1,2,strict,1,True,False,1377,20041,7578,97,10,10,10,10,10,10,62,3.56,20041,1,Uzbekistan,2,True
Bouvet Island (Bouvetoya),Type V5,Plasma,ThetaBase Services,2,4,moderate,2,False,False,2560,48766,11329,96,10,10,10,10,10,10,29,1.72,48766,1,Uzbekistan,1,False
Rwanda,Type V2,Plasma,ThetaBase Services,3,8,strict,4,True,False,4120,10697,28203,99,10,10,10,10,10,10,22,1.25,10697,1,Uzbekistan,3,True
Nicaragua,Type V5,Plasma,ThetaBase Services,1,5,strict,1,True,False,2157,30435,51075,85,9,9,9,9,9,8,30,1.67,30435,0.99,Cape Verde,41,False
Anguilla,Type F5,Quantum,ThetaBase Services,0,2,moderate,1,False,False,1520,4979,58424,95,10,9,10,10,10,10,48,2.5,4979,1,United Kingdom,1,False
Bouvet Island (Bouvetoya),Type V5,Plasma,ThetaBase Services,3,7,flexible,7,False,False,2690,19038,69792,96,10,10,10,10,9,9,40,2.09,19038,1,Lebanon,3,True
Malta,Type V5,Quantum,ThetaBase Services,1,4,flexible,2,False,False,2430,25251,27204,100,10,10,10,10,10,9,3,0.16,25251,1,El Salvador,2,False
Malta,Type V5,Quantum,ThetaBase Services,1,2,flexible,1,False,False,1780,25251,13465,100,10,9,10,10,10,10,7,0.37,25251,1,El Salvador,2,False
Malta,Type V5,Plasma,ThetaBase Services,0,2,flexible,1,True,False,1520,41741,30372,89,9,9,10,10,9,9,31,1.77,41741,1,Brazil,9,True
Kenya,Type F5,Quantum,ThetaBase Services,1,2,flexible,2,True,False,1208,22564,72923,100,10,10,10,10,10,10,11,0.61,22564,0.9,Portugal,1,False
Rwanda,Type V2,Quantum,ThetaBase Services,1,2,strict,1,True,False,1793,16542,55453,93,10,10,10,10,10,10,12,0.65,16542,1,Croatia,2,True
Nicaragua,Type F5,Quantum,ThetaBase Services,1,2,strict,2,True,False,1650,17427,39961,92,9,10,10,10,10,9,10,0.59,17427,1,Mexico,2,False
United Kingdom,Type V5,Quantum,ThetaBase Services,1,1,strict,1,False,False,1182,16240,604,96,10,9,10,10,9,10,43,2.26,16240,1,Tanzania,2,True
United Kingdom,Type V5,Plasma,ThetaBase Services,1,4,strict,2,False,False,1858,26495,20359,100,10,10,10,10,10,10,1,0.07,26495,0.75,Palestinian Territory,1,True
Nicaragua,Type F5,Quantum,ThetaBase Services,1,2,strict,1,True,False,1520,17427,12137,92,10,9,10,10,10,9,45,2.35,17427,1,Mexico,2,False
Rwanda,Type F5,Quantum,ThetaBase Services,1,2,strict,1,False,False,1234,40366,7801,89,9,10,10,10,9,9,69,3.58,40366,0.97,Micronesia,14,True
Rwanda,Type F5,Quantum,ThetaBase Services,1,2,strict,1,False,False,1195,40366,55003,89,9,9,10,10,9,9,106,5.48,40366,0.97,Micronesia,14,True
Russian Federation,Type F5,Quantum,ThetaBase Services,1,1,flexible,1,True,False,1325,41089,26015,94,10,10,10,10,10,10,10,0.53,41089,1,Gambia,3,True
Barbados,Type V5,Quantum,ThetaBase Services,1,2,strict,1,True,False,1754,19682,40396,94,10,9,10,10,10,10,66,3.61,19682,1,Faroe Islands,15,True
Barbados,Type G0,Plasma,ThetaBase Services,3,9,strict,6,False,False,3145,47361,69181,91,10,9,10,9,9,10,19,1.13,47361,1,Barbados,10,False
Rwanda,Type V5,Plasma,ThetaBase Services,3,6,moderate,3,True,False,2560,4783,25500,100,10,10,10,10,9,10,14,0.75,4783,1,Estonia,2,False
Pakistan,Type X3,Quantum,ThetaBase Services,1,2,flexible,1,True,False,1299,14665,45565,94,10,9,10,10,10,10,10,1.84,14665,1,Cocos (Keeling) Islands,1,False
Barbados,Type V5,Plasma,ThetaBase Services,1,2,strict,1,False,False,2820,39109,66361,100,8,10,8,4,10,10,1,0.06,39109,0.77,Ukraine,24,True
United Kingdom,Type E3,Quantum,ThetaBase Services,1,1,flexible,1,True,False,1234,28830,14172,96,10,9,10,10,10,10,78,4.24,28830,1,Lithuania,2,False
Russian Federation,Type V5,Plasma,ThetaBase Services,1,2,flexible,1,False,False,3210,6145,75466,98,10,10,10,10,10,10,12,0.64,6145,1,Russian Federation,2,True
Rwanda,Type V5,Plasma,ThetaBase Services,2,4,strict,2,False,False,3210,13771,22481,95,10,9,9,10,9,9,25,1.31,13771,1,Maldives,1,False
Malta,Type V7,Plasma,ThetaBase Services,2,6,moderate,3,False,False,2690,20375,16181,99,10,10,10,10,9,10,17,0.95,20375,0.8,Mauritania,1,False
United Kingdom,Type V5,Quantum,ThetaBase Services,1,2,strict,2,True,False,1910,2416,22386,86,9,9,9,9,9,9,87,4.85,2416,1,Guinea,5,False
Barbados,Type G0,Plasma,ThetaBase Services,2,4,strict,2,False,False,1780,47361,22674,92,10,10,9,9,9,10,23,1.25,47361,1,Barbados,10,False
Malta,Type V5,Plasma,ThetaBase Services,2,3,moderate,2,False,False,2495,18077,37213,100,10,10,10,10,10,10,1,0.12,18077,1,Sao Tome and Principe,139,False
Barbados,Type V5,Plasma,ThetaBase Services,1,2,strict,1,False,False,1910,28828,44845,92,10,9,10,10,10,10,6,0.35,28828,1,Isle of Man,198,True
Malta,Type V5,Plasma,ThetaBase Services,1,3,strict,1,False,False,2170,28828,55065,97,10,10,10,10,10,10,19,1.01,28828,1,Isle of Man,198,True
Malta,Type V2,Plasma,ThetaBase Services,5,9,moderate,6,True,False,6720,18077,31937,100,10,10,10,10,10,10,3,0.19,18077,1,Sao Tome and Principe,139,False
Russian Federation,Type F5,Quantum,ThetaBase Services,1,2,strict,1,True,False,1286,37293,41411,90,10,9,9,10,9,9,64,3.52,37293,0.92,Russian Federation,15,False
Niue,Type V2,Plasma,ThetaBase Services,4,7,flexible,4,False,False,5355,22625,45849,100,10,10,10,10,10,10,9,0.57,22625,1,Nicaragua,3,True
Uzbekistan,Type F5,Plasma,ThetaBase Services,3,6,strict,3,False,False,2235,8907,62998,94,10,9,10,10,9,9,33,1.79,8907,1,Costa Rica,1,False
Barbados,Type G0,Plasma,ThetaBase Services,3,8,strict,4,False,False,2820,47361,14953,93,9,10,10,10,8,9,27,1.44,47361,1,Barbados,10,False
Barbados,Type G0,Plasma,ThetaBase Services,0,3,strict,2,False,False,1780,47361,50622,96,10,10,10,10,9,10,24,1.27,47361,1,Barbados,10,False
United Kingdom,Type V5,Quantum,ThetaBase Services,1,1,strict,1,True,False,1390,2416,19326,85,9,9,10,9,9,9,66,4.47,2416,1,Guinea,5,False
Malta,Type V5,Plasma,ThetaBase Services,3,6,strict,4,True,False,4120,38422,40938,99,10,10,10,10,9,9,20,1.12,38422,1,Afghanistan,1,False
Micronesia,Type V5,Plasma,ThetaBase Services,1,2,moderate,1,True,False,2794,8225,48808,97,10,10,10,10,10,10,14,0.82,8225,0.95,Barbados,31,False
Russian Federation,Type V5,Quantum,ThetaBase Services,1,2,strict,1,False,False,1845,41177,43540,86,9,9,9,10,10,9,7,0.41,41177,1,Ecuador,6,True
Barbados,Type V5,Plasma,ThetaBase Services,2,5,strict,2,False,False,2820,28828,46904,100,10,10,10,10,10,10,10,0.82,28828,1,Isle of Man,198,True
United Kingdom,Type V5,Plasma,ThetaBase Services,2,6,flexible,3,True,False,4562,32603,64052,87,9,9,9,9,10,9,32,1.81,32603,0.83,Nicaragua,4,True
Sao Tome and Principe,Type V5,Plasma,ThetaBase Services,3,6,flexible,1,False,False,3470,30526,10703,100,10,10,10,10,10,10,2,0.12,30526,1,Canada,3,True
Sao Tome and Principe,Type V2,Plasma,ThetaBase Services,4,5,strict,4,False,False,3977,30526,9796,100,10,10,10,10,10,8,5,0.29,30526,1,Canada,3,True
Niue,Type V5,Plasma,ThetaBase Services,2,5,moderate,4,True,False,1949,44722,73592,81,9,8,10,10,10,8,16,0.86,44722,1,Niue,2,False
Barbados,Type V5,Plasma,ThetaBase Services,2,6,strict,3,True,False,3002,490,24584,88,9,9,10,10,10,9,22,1.46,490,1,Bosnia and Herzegovina,6,False
Sao Tome and Principe,Type V5,Plasma,ThetaBase Services,1,4,moderate,2,False,False,2430,12501,30483,100,10,10,10,10,10,10,7,0.38,12501,1,Sao Tome and Principe,2,False
Niue,Type V5,Quantum,ThetaBase Services,1,1,moderate,1,False,False,1286,7287,43463,96,10,10,10,10,9,10,56,3.01,7287,1,Guinea,1,False
Anguilla,Type F5,Quantum,ThetaBase Services,1,1,flexible,1,True,False,1195,13821,11221,96,9,9,10,10,9,9,15,0.86,13821,1,United Kingdom,2,False
Barbados,Type V5,Plasma,ThetaBase Services,2,5,strict,2,False,False,3340,48869,13318,88,9,9,7,9,10,9,12,0.64,48869,1,Slovakia (Slovak Republic),22,False
Barbados,Type V5,Plasma,ThetaBase Services,2,5,strict,2,False,False,3340,48869,76767,85,8,8,8,7,10,8,13,0.71,48869,1,Slovakia (Slovak Republic),22,False
Rwanda,Type V5,Plasma,ThetaBase Services,0,2,strict,1,True,False,2040,9852,75684,89,9,9,10,10,10,9,40,2.18,9852,1,Maldives,11,False
Rwanda,Type V5,Plasma,ThetaBase Services,0,2,strict,1,False,False,2040,9852,53627,94,10,9,10,10,9,9,28,1.67,9852,1,Maldives,11,False
Rwanda,Type V5,Plasma,ThetaBase Services,0,2,strict,1,True,False,2105,9852,36678,95,10,9,10,10,10,9,30,1.7,9852,1,Maldives,11,False
Malta,Type G0,Quantum,ThetaBase Services,2,2,moderate,1,False,False,1403,10612,25037,94,10,9,10,10,10,9,44,2.39,10612,1,Brazil,3,False
Russian Federation,Type V5,Plasma,ThetaBase Services,1,3,strict,1,False,False,2560,19943,2580,80,8,8,7,7,9,6,3,0.17,19943,0.63,Isle of Man,34,False
Micronesia,Type V5,Plasma,ThetaBase Services,3,7,strict,4,True,False,6915,19958,10024,80,8,9,9,9,9,8,11,0.61,19958,1,Congo,40,True
Bouvet Island (Bouvetoya),Type F5,Quantum,ThetaBase Services,1,2,moderate,1,False,False,1390,34678,35942,98,10,9,10,10,10,10,11,0.59,34678,0.89,Croatia,4,True
Nicaragua,Type V5,Plasma,ThetaBase Services,2,4,strict,3,False,False,3600,37176,29691,100,10,10,10,10,10,10,5,0.63,37176,0.7,Isle of Man,1,False
Russian Federation,Type V5,Quantum,ThetaBase Services,1,1,flexible,1,False,False,1390,29776,64062,98,10,10,10,10,10,10,13,0.72,29776,0.9,Russian Federation,2,False
Russian Federation,Type Z6,Quantum,ThetaBase Services,1,2,strict,1,True,False,2157,22934,3264,97,10,10,10,10,10,10,121,6.58,22934,1,Ecuador,1,True
Sao Tome and Principe,Type V5,Plasma,ThetaBase Services,3,4,strict,2,False,False,2820,15991,12028,95,10,10,9,10,9,9,8,0.63,15991,1,Congo,1,True
Rwanda,Type V5,Plasma,ThetaBase Services,1,3,moderate,2,False,False,1897,34337,40518,91,10,9,10,10,10,9,29,1.55,34337,1,Croatia,2,False
Malta,Type G0,Plasma,ThetaBase Services,1,2,strict,1,False,False,1897,30283,22233,90,10,10,10,10,10,10,4,0.37,30283,1,Brazil,15,False
Malta,Type V5,Quantum,ThetaBase Services,1,1,flexible,1,True,False,1520,49362,14402,97,10,10,10,10,9,10,7,0.53,49362,1,Niue,1,False
Nicaragua,Type V5,Plasma,ThetaBase Services,1,3,strict,0,True,False,2170,39248,1653,95,10,10,10,10,10,9,110,5.9,39248,0.97,Cuba,5,False
Micronesia,Type V5,Plasma,ThetaBase Services,1,2,strict,1,False,False,4120,50071,62025,100,10,10,10,10,10,10,3,0.17,50071,1,Nicaragua,1,False
Bouvet Island (Bouvetoya),Type V5,Plasma,ThetaBase Services,2,4,strict,2,False,False,2170,28828,11870,93,10,10,10,10,9,10,6,0.33,28828,1,Isle of Man,198,True
United Kingdom,Type V5,Plasma,ThetaBase Services,1,2,moderate,1,False,False,1832,28668,68910,98,10,10,10,10,10,10,11,0.61,28668,1,Gibraltar,1,True
Micronesia,Type G0,Plasma,ThetaBase Services,1,3,strict,1,False,False,2365,30283,37845,70,4,8,7,7,8,8,3,0.17,30283,1,Brazil,15,False
Malta,Type V5,Plasma,ThetaBase Services,1,3,strict,2,True,False,1689,1820,55356,91,9,10,10,10,9,10,20,1.54,1820,1,El Salvador,2,False
Bouvet Island (Bouvetoya),Type V2,Plasma,ThetaBase Services,4,8,moderate,6,False,False,4510,33783,52464,100,10,10,10,10,10,10,3,0.19,33783,0,Lebanon,1,False
Sao Tome and Principe,Type X3,Quantum,ThetaBase Services,1,3,moderate,2,True,False,1767,8623,70460,99,10,10,10,10,10,10,32,1.72,8623,1,Jersey,1,False
Niue,Type V5,Quantum,ThetaBase Services,1,1,flexible,1,False,False,1299,538,30165,96,10,9,10,10,10,9,11,0.61,538,1,Guinea,1,False
Guinea,Type G0,Plasma,ThetaBase Services,1,3,strict,1,True,False,2872,37646,2550,93,9,10,9,9,10,10,11,0.6,37646,1,Estonia,60,False
United Kingdom,Type V5,Plasma,ThetaBase Services,2,4,strict,2,False,False,2157,16527,57747,80,9,7,10,9,9,8,3,0.16,16527,1,Palestinian Territory,2,False
Micronesia,Type F5,Quantum,ThetaBase Services,1,2,strict,1,True,False,1520,7318,42032,98,10,10,10,10,10,10,41,2.33,7318,1,Niger,2,False
Barbados,Type F5,Quantum,ThetaBase Services,1,2,flexible,1,False,False,2170,39998,20474,100,10,10,10,10,10,10,14,0.82,39998,1,Micronesia,4,True
Brazil,Type F5,Quantum,ThetaBase Services,0,1,flexible,1,False,False,1065,49924,6898,93,9,9,10,10,9,9,3,0.16,49924,0.67,Vanuatu,2,False
Barbados,Type V5,Plasma,ThetaBase Services,1,4,moderate,1,False,False,2378,18042,26486,88,9,9,9,10,10,9,41,2.23,18042,1,Uganda,2,True
Nicaragua,Type V5,Plasma,ThetaBase Services,3,5,strict,3,False,False,3210,28828,55941,87,9,10,9,8,10,9,3,0.18,28828,1,Isle of Man,198,True
Nicaragua,Type V5,Quantum,ThetaBase Services,1,2,moderate,1,False,False,2430,32560,38135,98,10,10,10,10,10,9,11,0.63,32560,1,Jersey,1,False
United Kingdom,Type V5,Plasma,ThetaBase Services,3,10,strict,6,False,False,3080,37999,65543,96,10,10,10,10,9,10,36,2.1,37999,1,Senegal,20,True
Estonia,Type F5,Quantum,SIT Technology Unlimited,1,1,strict,1,False,False,1195,24546,54077,91,10,8,10,10,10,9,13,0.7,24546,0.5,Zimbabwe,2,False
Malta,Type V5,Plasma,ThetaBase Services,2,6,strict,3,True,False,3314,10533,69109,97,10,9,10,10,10,10,42,2.3,10533,1,Indonesia,1,True
Malta,Type V5,Plasma,ThetaBase Services,3,7,strict,4,False,False,2820,28828,10499,87,9,9,9,10,8,9,6,0.36,28828,1,Isle of Man,198,True
Nicaragua,Type V5,Plasma,ThetaBase Services,1,4,strict,2,False,False,2820,48869,74419,76,8,8,7,7,9,8,9,0.48,48869,1,Slovakia (Slovak Republic),22,False
Malta,Type V2,Quantum,ThetaBase Services,1,1,flexible,1,False,False,1637,17908,8402,100,10,10,10,10,10,10,12,1.68,17908,1,Mexico,2,False
Nicaragua,Type V5,Plasma,ThetaBase Services,0,3,strict,1,True,False,2105,39248,69090,98,10,10,10,10,10,10,104,5.65,39248,0.97,Cuba,5,False
Bouvet Island (Bouvetoya),Type V2,Quantum,ThetaBase Services,1,2,moderate,1,True,False,1715,35271,60764,94,10,9,10,10,10,9,42,2.47,35271,0.8,Chad,1,True
Malta,Type V2,Quantum,ThetaBase Services,1,1,strict,1,False,False,1390,33168,53444,98,10,10,10,10,10,10,10,0.56,33168,1,Senegal,1,True
Russian Federation,Type G0,Plasma,ThetaBase Services,1,5,moderate,3,True,False,2339,38406,4466,87,9,9,9,9,9,9,25,1.39,38406,0.96,Russian Federation,6,True
Switzerland,Type F5,Quantum,ThetaBase Services,1,2,flexible,1,False,False,1520,47323,75082,40,6,6,4,6,10,6,1,0.12,47323,0.5,Turks and Caicos Islands,7,False
Rwanda,Type V5,Quantum,ThetaBase Services,1,2,strict,1,False,False,1260,48455,18133,60,5,7,5,5,5,6,4,0.22,48455,0.89,Uzbekistan,20,True
Sao Tome and Principe,Type V5,Quantum,ThetaBase Services,1,2,strict,1,False,False,1260,6108,12222,93,10,10,9,10,10,10,53,2.84,6108,0.6,Peru,1,False
Barbados,Type V5,Plasma,ThetaBase Services,2,6,strict,0,False,False,4120,47811,15504,99,10,10,10,10,10,10,31,1.65,47811,1,Vietnam,2,False
Malta,Type V5,Plasma,ThetaBase Services,1,6,strict,3,True,False,2950,41546,1161,100,10,10,10,10,10,10,9,0.5,41546,1,Mauritania,21,False
Kiribati,Type G0,Plasma,ThetaBase Services,0,2,flexible,1,True,False,1845,11125,8650,92,10,10,9,9,9,9,50,2.75,11125,1,Nicaragua,12,True
Bouvet Island (Bouvetoya),Type V5,Plasma,ThetaBase Services,2,4,strict,2,False,False,2872,4267,9421,92,10,10,9,9,10,9,13,0.73,4267,1,Senegal,22,True
Gambia,Type V5,Plasma,ThetaBase Services,2,4,strict,2,False,False,2235,27972,46047,82,9,10,8,8,8,8,11,0.6,27972,0.94,Brazil,27,False
Sao Tome and Principe,Type F5,Quantum,ThetaBase Services,1,2,moderate,1,False,False,1546,9584,45201,100,10,10,10,10,10,10,27,1.64,9584,1,Canada,1,False
United Kingdom,Type V5,Quantum,ThetaBase Services,1,3,strict,2,True,False,1468,10204,24820,95,10,10,9,10,10,9,60,3.33,10204,1,Nicaragua,5,True
Niue,Type F5,Plasma,ThetaBase Services,5,8,strict,4,False,False,3080,28828,40402,90,10,10,10,10,10,9,2,0.11,28828,1,Isle of Man,198,True
Nicaragua,Type V7,Plasma,ThetaBase Services,2,4,strict,3,False,False,2417,6049,36816,80,10,8,8,9,10,8,2,0.16,6049,1,Isle of Man,1,False
Bouvet Island (Bouvetoya),Type V5,Quantum,ThetaBase Services,1,2,strict,1,True,False,1260,35443,11532,97,10,10,10,10,10,10,15,0.83,35443,1,French Guiana,1,True
Barbados,Type V5,Plasma,ThetaBase Services,1,4,moderate,3,False,False,2105,38458,53341,91,10,9,10,10,10,9,16,0.9,38458,1,Montserrat,6,True
Rwanda,Type G0,Plasma,ThetaBase Services,1,4,moderate,2,False,False,1780,16047,37374,87,9,9,9,9,10,8,17,0.96,16047,0.8,Uzbekistan,6,False
Kiribati,Type V5,Quantum,ThetaBase Services,1,2,flexible,1,True,False,1390,2112,11931,99,10,10,10,10,10,10,28,1.54,2112,1,Nicaragua,2,False
Guinea,Type V5,Plasma,ThetaBase Services,2,4,strict,2,False,False,3470,32417,18222,94,10,9,10,10,10,9,27,1.47,32417,1,Fiji,1,True
Rwanda,Type V5,Quantum,ThetaBase Services,1,2,flexible,1,False,False,1390,10858,11480,94,10,9,10,10,10,9,24,1.3,10858,1,Maldives,1,True
Niue,Type F5,Quantum,ThetaBase Services,1,2,flexible,2,True,False,1260,31896,45591,91,9,10,10,10,9,9,15,0.84,31896,0.86,Niue,1,True
Sao Tome and Principe,Type F5,Quantum,ThetaBase Services,1,2,flexible,2,False,False,1715,25677,8674,96,10,10,10,10,10,10,45,2.49,25677,1,Peru,2,False
Malta,Type V5,Plasma,ThetaBase Services,2,8,strict,4,True,False,3327,41546,26882,90,9,9,10,10,8,9,21,1.2,41546,1,Mauritania,21,False
Kiribati,Type F5,Quantum,ThetaBase Services,1,2,moderate,1,True,False,1364,42827,14015,95,9,10,10,10,9,10,48,2.88,42827,1,Nicaragua,3,True
Malta,Type V5,Plasma,ThetaBase Services,2,8,strict,4,True,False,3327,41546,64478,89,9,8,9,9,9,9,10,0.57,41546,1,Mauritania,21,False
Barbados,Type V5,Plasma,ThetaBase Services,2,6,strict,3,True,False,2495,20120,66116,85,9,8,9,9,10,9,46,2.67,20120,1,Wallis and Futuna,10,False
Rwanda,Type V5,Quantum,ThetaBase Services,1,2,strict,1,True,False,1390,4828,32250,100,10,9,10,10,10,10,8,0.45,4828,1,Philippines,1,True
Anguilla,Type V5,Quantum,ThetaBase Services,1,2,moderate,1,True,False,1780,46035,54497,100,10,10,10,10,9,10,42,2.35,46035,1,United Kingdom,1,False
Uzbekistan,Type V5,Plasma,ThetaBase Services,1,4,strict,1,False,False,2170,28828,53337,100,10,10,10,10,10,10,2,0.12,28828,1,Isle of Man,198,True
Bouvet Island (Bouvetoya),Type V7,Plasma,ThetaBase Services,2,5,flexible,2,False,False,2287,8362,60038,98,10,10,10,10,10,10,10,0.7,8362,1,Malawi,2,True
Bouvet Island (Bouvetoya),Type V5,Plasma,ThetaBase Services,2,3,strict,2,False,False,1845,40999,17669,90,10,9,9,10,10,9,6,0.34,40999,1,Chile,2,False
Nicaragua,Type V5,Quantum,ThetaBase Services,1,1,flexible,1,True,False,1455,7484,61839,89,9,9,10,9,10,9,23,1.31,7484,1,Pakistan,1,True
United Kingdom,Type V5,Quantum,ThetaBase Services,1,2,strict,1,True,False,1520,10204,45189,94,10,10,10,10,10,9,65,3.51,10204,1,Nicaragua,5,True
Uzbekistan,Type V7,Quantum,ThetaBase Services,1,2,moderate,1,False,False,1455,47200,55044,97,10,10,10,10,10,10,23,1.39,47200,0.67,Costa Rica,1,True
Rwanda,Type Y4,Quantum,ThetaBase Services,2,4,flexible,4,True,False,1637,11827,44391,86,9,7,10,10,10,9,28,3.73,11827,0.9,Venezuela,2,True
Rwanda,Type V5,Plasma,ThetaBase Services,2,5,strict,3,False,False,3704,16542,24755,95,10,9,10,10,10,10,8,0.46,16542,1,Croatia,2,True
Barbados,Type V5,Plasma,ThetaBase Services,2,6,strict,4,False,False,4120,33823,54254,96,10,9,10,9,10,9,11,0.6,33823,0.78,France,17,True
Barbados,Type V5,Plasma,ThetaBase Services,0,4,flexible,2,False,False,2430,36716,36112,98,10,10,10,10,10,10,34,1.97,36716,1,Bosnia and Herzegovina,3,False
Guinea,Type V5,Plasma,ThetaBase Services,2,6,strict,3,True,False,2950,3961,9202,93,10,9,10,10,10,10,38,2.06,3961,1,Fiji,8,False
Barbados,Type V5,Plasma,ThetaBase Services,1,2,moderate,1,False,False,2365,43302,13597,98,10,9,10,10,10,9,19,1.08,43302,1,Reunion,1,True
Rwanda,Type V5,Plasma,ThetaBase Services,1,2,strict,1,False,False,2040,9852,23696,85,9,9,10,10,9,9,4,0.26,9852,1,Maldives,11,False
Micronesia,Type V5,Plasma,ThetaBase Services,4,9,strict,4,False,False,4770,28828,65623,92,10,8,9,9,10,9,7,0.4,28828,1,Isle of Man,198,True
Rwanda,Type V5,Plasma,ThetaBase Services,1,2,moderate,1,True,False,1780,47886,54059,100,10,10,10,10,10,10,5,0.28,47886,1,Turkmenistan,1,True
Rwanda,Type V7,Quantum,ThetaBase Services,1,2,moderate,1,True,False,1520,43926,26192,92,9,9,9,9,9,9,63,3.66,43926,0.8,Zimbabwe,2,True
Nicaragua,Type V5,Plasma,ThetaBase Services,2,4,moderate,3,True,False,2430,21386,14519,99,10,10,10,10,9,10,16,0.95,21386,1,Isle of Man,1,True
Micronesia,Type V5,Plasma,ThetaBase Services,2,5,strict,3,False,False,2690,30283,54608,100,10,10,8,10,10,8,1,0.06,30283,1,Brazil,15,False
Barbados,Type V5,Quantum,ThetaBase Services,1,4,strict,2,False,False,1520,18042,14678,96,10,10,10,10,10,10,6,0.65,18042,1,Uganda,2,True
Micronesia,Type V5,Plasma,ThetaBase Services,2,4,flexible,2,False,False,5290,19811,70344,87,8,8,8,8,10,9,7,0.39,19811,0.9,Nicaragua,21,True
United Kingdom,Type V5,Quantum,ThetaBase Services,1,2,strict,1,False,False,2300,10479,40385,100,10,10,10,10,10,10,1,0.45,10479,1,Palestinian Territory,3,True
Costa Rica,Type V5,Quantum,ThetaBase Services,1,2,flexible,1,False,False,1299,49825,28794,94,10,10,10,10,8,10,24,1.37,49825,1,Pakistan,7,True
Barbados,Type V5,Plasma,ThetaBase Services,1,2,moderate,1,True,False,2625,7033,53035,98,10,10,10,10,10,10,10,0.55,7033,1,Vietnam,1,True
Faroe Islands,Type V5,Quantum,ThetaBase Services,1,1,flexible,1,False,False,1247,47286,20854,100,10,10,10,10,10,10,8,0.45,47286,1,Micronesia,2,False
Gambia,Type O0,Quantum,ThetaBase Services,1,2,moderate,1,False,False,1715,20124,11597,99,10,10,10,10,10,10,85,5.37,20124,1,France,2,True
Malta,Type V5,Plasma,ThetaBase Services,1,4,moderate,2,False,False,3210,23431,33743,99,10,10,10,10,10,10,35,1.94,23431,1,Indonesia,1,True
Bouvet Island (Bouvetoya),Type V5,Plasma,ThetaBase Services,1,2,strict,1,True,False,1754,23390,14442,92,10,9,9,10,9,9,15,0.87,23390,1,French Guiana,1,False
Malta,Type G0,Quantum,ThetaBase Services,2,2,strict,1,False,False,1377,10612,23223,96,10,9,10,10,10,10,32,1.83,10612,1,Brazil,3,False
Sao Tome and Principe,Type F5,Quantum,ThetaBase Services,1,1,strict,1,False,False,1273,39149,69231,97,10,10,10,10,10,10,62,3.54,39149,1,Peru,1,False
Nicaragua,Type V5,Plasma,ThetaBase Services,2,6,strict,2,False,False,2885,4446,43973,89,9,9,9,9,9,9,32,2.06,4446,1,Uganda,58,False
Uzbekistan,Type X3,Quantum,ThetaBase Services,1,2,flexible,1,True,False,1455,21197,70103,100,10,10,10,10,9,10,3,0.17,21197,0.86,Kiribati,1,False
Niue,Type V5,Plasma,ThetaBase Services,2,4,strict,2,False,False,2040,20469,59038,100,10,8,10,10,10,10,1,0.3,20469,0.33,Guinea,1,True
Rwanda,Type V5,Quantum,ThetaBase Services,1,2,moderate,1,True,False,1507,41340,27208,96,10,10,10,10,9,10,18,1.03,41340,1,Tanzania,3,True
Rwanda,Type V7,Plasma,ThetaBase Services,2,4,strict,2,False,False,3340,32009,53062,100,10,10,10,10,10,9,6,0.35,32009,1,Maldives,1,True
Gambia,Type V2,Plasma,ThetaBase Services,5,9,strict,5,True,False,4120,18170,35752,100,10,10,10,10,10,10,7,0.47,18170,0.88,France,1,False
Micronesia,Type V2,Plasma,ThetaBase Services,3,6,strict,3,False,False,4406,18454,38200,99,10,10,10,10,10,9,19,1.07,18454,1,Nicaragua,5,True
United Kingdom,Type F5,Quantum,ThetaBase Services,1,2,flexible,1,False,False,1130,19979,61692,98,10,10,10,10,10,10,8,0.46,19979,1,Tanzania,1,False
Rwanda,Type V5,Plasma,ThetaBase Services,1,2,strict,1,False,False,1845,28828,73786,75,10,8,8,9,9,8,4,0.34,28828,1,Isle of Man,198,True
Barbados,Type V5,Plasma,ThetaBase Services,2,6,moderate,2,False,False,3457,8173,76111,91,9,9,10,10,10,9,14,0.79,8173,1,Barbados,2,True
Bouvet Island (Bouvetoya),Type V5,Plasma,ThetaBase Services,1,2,strict,1,False,False,1910,28828,74263,92,9,10,10,10,10,9,13,0.74,28828,1,Isle of Man,198,True
Uzbekistan,Type V5,Plasma,ThetaBase Services,3,6,strict,3,False,False,2430,28828,13662,96,10,10,10,10,9,10,9,0.51,28828,1,Isle of Man,198,True
Wallis and Futuna,Type F5,Plasma,ThetaBase Services,3,8,flexible,4,False,False,4250,8804,64391,96,10,9,10,10,10,9,5,0.3,8804,1,Malta,1,False
Uzbekistan,Type V5,Quantum,ThetaBase Services,1,2,strict,1,True,False,1585,687,62169,96,10,9,10,10,10,10,57,3.2,687,1,Kiribati,2,True
Gambia,Type F5,Quantum,ThetaBase Services,1,1,strict,1,False,False,1169,23710,31031,90,10,10,10,10,9,10,6,0.35,23710,1,Gambia,5,False
Barbados,Type G0,Plasma,ThetaBase Services,1,4,strict,2,False,False,1962,47361,51285,94,10,10,9,9,9,10,27,1.54,47361,1,Barbados,10,False
Malta,Type V5,Plasma,ThetaBase Services,1,2,moderate,1,False,False,2300,18077,62802,80,10,10,10,10,10,10,1,0.06,18077,1,Sao Tome and Principe,139,False
Barbados,Type V5,Plasma,ThetaBase Services,1,2,strict,1,False,False,2300,7707,28156,95,10,10,9,10,9,9,22,1.26,7707,1,Bouvet Island (Bouvetoya),1,True
Bouvet Island (Bouvetoya),Type V5,Plasma,ThetaBase Services,1,4,flexible,2,True,False,2300,23184,73141,100,10,10,10,10,9,10,15,0.88,23184,1,Lebanon,1,True
Faroe Islands,Type F5,Quantum,ThetaBase Services,1,1,flexible,1,False,False,1195,11069,5594,99,10,10,10,10,10,10,46,2.55,11069,1,Micronesia,1,False
Barbados,Type G0,Plasma,ThetaBase Services,1,4,strict,2,False,False,1780,47361,28799,98,10,10,10,10,9,10,33,1.85,47361,1,Barbados,10,False
Nicaragua,Type V5,Plasma,ThetaBase Services,3,9,strict,4,False,False,5537,24026,23830,92,9,9,9,10,10,9,15,1,24026,0.98,Cape Verde,69,True
Micronesia,Type V5,Quantum,ThetaBase Services,3,1,moderate,1,True,False,1585,14809,22186,96,9,9,10,10,10,10,36,2.03,14809,1,Niger,1,False
Wallis and Futuna,Type V5,Plasma,ThetaBase Services,1,2,strict,1,False,False,2105,2019,66578,100,10,9,10,10,10,9,3,0.19,2019,1,Malta,7,False
Barbados,Type G0,Plasma,ThetaBase Services,2,4,strict,2,False,False,2040,47361,25274,95,10,10,10,10,9,9,22,1.23,47361,1,Barbados,10,False
Rwanda,Type V5,Plasma,ThetaBase Services,2,7,flexible,2,True,False,1884,23972,39905,93,10,9,10,10,9,9,36,2.09,23972,1,Zimbabwe,2,True
Estonia,Type F5,Quantum,ThetaBase Services,1,2,moderate,1,False,False,1455,29615,23207,100,10,10,10,10,10,10,4,0.23,29615,1,Zimbabwe,2,True
Estonia,Type F5,Plasma,ThetaBase Services,2,6,strict,3,False,False,3470,29615,4716,98,10,10,10,10,10,10,12,0.71,29615,1,Zimbabwe,2,True
Micronesia,Type G0,Plasma,ThetaBase Services,2,8,strict,4,True,False,5160,11567,47772,85,9,10,10,10,10,9,8,0.5,11567,1,Niger,31,True
Bouvet Island (Bouvetoya),Type V5,Plasma,ThetaBase Services,0,4,strict,3,False,False,1910,34678,37131,90,10,8,10,10,10,10,2,0.49,34678,0.89,Croatia,4,True
Russian Federation,Type V5,Plasma,ThetaBase Services,2,4,strict,2,False,False,3470,2203,15421,97,10,10,10,10,10,10,45,2.68,2203,1,Ecuador,1,False
Niue,Type V5,Plasma,ThetaBase Services,2,4,strict,4,False,False,1910,28828,853,80,9,9,9,10,8,9,3,0.17,28828,1,Isle of Man,198,True
Rwanda,Type F5,Plasma,ThetaBase Services,1,4,moderate,2,False,False,2196,40192,45508,100,10,10,10,10,10,10,15,0.86,40192,1,Croatia,2,True
Bouvet Island (Bouvetoya),Type F5,Quantum,ThetaBase Services,1,2,moderate,1,False,False,1585,34500,23808,99,10,10,10,10,10,10,25,1.74,34500,1,Chad,1,True
Indonesia,Type F5,Quantum,ThetaBase Services,1,2,strict,0,False,False,1637,12177,6127,100,10,9,9,10,9,10,2,0.11,12177,1,France,6,True
Malta,Type V5,Plasma,ThetaBase Services,2,4,strict,2,True,False,3457,38486,31093,97,10,10,9,10,10,9,23,1.57,38486,1,Afghanistan,7,False
Indonesia,Type V5,Plasma,ThetaBase Services,1,2,moderate,1,False,False,1910,44590,62501,90,10,9,10,9,10,9,4,0.27,44590,1,Faroe Islands,1,False
Malta,Type F5,Quantum,ThetaBase Services,1,2,strict,1,True,False,1585,39812,10923,96,10,10,10,10,10,10,198,11.23,39812,1,Nicaragua,6,True
Bouvet Island (Bouvetoya),Type V2,Quantum,ThetaBase Services,3,6,moderate,3,True,False,1403,937,53567,91,10,9,10,10,9,9,68,3.89,937,1,French Guiana,3,False
Gambia,Type V5,Plasma,ThetaBase Services,2,6,strict,2,True,False,2755,31104,45344,98,10,10,10,10,9,10,10,0.56,31104,1,France,2,False
Micronesia,Type V5,Plasma,ThetaBase Services,2,4,strict,2,False,False,3210,44761,66192,95,10,9,10,10,10,9,11,1.63,44761,0.9,Niger,1,False
Barbados,Type V5,Plasma,ThetaBase Services,1,3,strict,1,True,False,8670,19842,2871,76,9,9,8,9,8,8,11,0.97,19842,0.85,Turkmenistan,53,False
Switzerland,Type F5,Plasma,ThetaBase Services,3,8,strict,5,False,False,2677,6894,25417,100,10,10,10,10,10,10,2,0.14,6894,0.8,Estonia,47,True
Russian Federation,Type F5,Plasma,ThetaBase Services,3,7,strict,3,False,False,4770,7980,40295,94,10,9,10,10,10,9,37,2.12,7980,1,Tonga,1,False
Barbados,Type V5,Plasma,ThetaBase Services,3,6,strict,3,False,False,3470,3391,1437,80,9,9,7,8,10,7,6,0.35,3391,1,Iran,58,True
Bouvet Island (Bouvetoya),Type Z6,Plasma,ThetaBase Services,2,6,moderate,4,False,False,2820,42804,31887,100,10,9,10,10,9,9,4,0.36,42804,1,Chad,1,False
Rwanda,Type F5,Quantum,ThetaBase Services,1,1,flexible,1,False,False,1455,40192,43133,100,10,10,10,10,10,10,4,0.25,40192,1,Croatia,2,True
Malta,Type F5,Quantum,ThetaBase Services,1,2,strict,1,True,False,1585,39812,21868,98,10,10,10,10,10,10,193,10.95,39812,1,Nicaragua,6,True
Rwanda,Type V5,Plasma,ThetaBase Services,2,4,moderate,2,False,False,2157,1126,37442,90,10,9,10,10,10,9,18,1.03,1126,1,Estonia,1,True
Russian Federation,Type V5,Plasma,ThetaBase Services,2,2,moderate,1,False,False,1754,1200,35037,100,10,10,10,10,9,10,15,0.89,1200,1,Russian Federation,2,True
Niue,Type F5,Quantum,ThetaBase Services,1,2,moderate,1,False,False,1221,20515,33988,93,9,9,10,10,10,10,3,0.28,20515,1,Niue,2,True
Bouvet Island (Bouvetoya),Type V5,Plasma,ThetaBase Services,1,2,strict,1,True,False,1767,36917,22977,100,9,6,10,10,10,10,2,0.41,36917,1,Croatia,1,True
Micronesia,Type G0,Plasma,ThetaBase Services,1,4,strict,2,True,False,3080,11567,22863,85,9,10,9,9,9,9,4,0.35,11567,1,Niger,31,True
Russian Federation,Type V5,Quantum,ThetaBase Services,1,2,strict,1,False,False,1390,10554,74481,100,10,8,10,10,10,10,1,0.06,10554,0,Russian Federation,2,False
Sao Tome and Principe,Type V5,Plasma,ThetaBase Services,1,3,flexible,2,False,False,1832,49623,31890,100,10,10,10,10,9,10,3,0.19,49623,1,Faroe Islands,1,False
Micronesia,Type G0,Plasma,ThetaBase Services,0,2,strict,1,True,False,2950,11567,37159,96,10,10,10,10,10,9,11,0.74,11567,1,Niger,31,True
Rwanda,Type V5,Quantum,ThetaBase Services,1,3,moderate,1,True,False,1325,29119,58860,94,9,9,10,10,10,9,44,2.49,29119,1,Nicaragua,2,False
Malta,Type V2,Plasma,ThetaBase Services,4,6,strict,4,False,False,3405,30778,62523,100,10,10,10,10,10,10,5,0.31,30778,1,Guernsey,1,True
Niue,Type F5,Quantum,ThetaBase Services,1,2,flexible,1,True,False,1364,33372,32625,93,10,9,10,10,9,9,150,8.43,33372,1,Guinea,22,True
Malta,Type V7,Quantum,ThetaBase Services,1,2,moderate,1,True,False,1390,17873,68191,92,10,9,10,10,9,9,75,4.28,17873,1,El Salvador,1,False
Niue,Type F5,Quantum,ThetaBase Services,1,2,flexible,1,True,False,1364,33372,8622,92,10,9,10,10,9,9,137,7.77,33372,1,Guinea,22,True
Niue,Type F5,Quantum,ThetaBase Services,1,2,flexible,1,True,False,1299,33372,3198,89,9,9,10,10,9,9,142,8.02,33372,1,Guinea,22,True
Niue,Type F5,Quantum,ThetaBase Services,1,2,flexible,1,True,False,1299,33372,44191,87,9,9,10,10,9,9,110,6.21,33372,1,Guinea,22,True
Niue,Type F5,Quantum,ThetaBase Services,1,2,flexible,1,True,False,1364,33372,9412,95,10,9,10,10,9,10,151,8.6,33372,1,Guinea,22,True
Niue,Type F5,Quantum,ThetaBase Services,1,2,flexible,1,True,False,1364,33372,66343,91,10,9,10,10,9,9,162,9.29,33372,1,Guinea,22,True
Niue,Type F5,Quantum,ThetaBase Services,1,2,flexible,1,True,False,1299,33372,58470,91,10,9,10,10,9,9,138,7.83,33372,1,Guinea,22,True
Brazil,Type V5,Plasma,ThetaBase Services,2,6,strict,3,True,False,2365,9693,58897,100,10,10,10,10,10,9,4,0.28,9693,1,Vanuatu,8,False
Barbados,Type V5,Plasma,ThetaBase Services,2,4,moderate,2,False,False,2170,37063,70666,83,9,9,9,9,10,9,24,1.4,37063,1,Barbados,1,False
Russian Federation,Type V5,Quantum,ThetaBase Services,1,2,moderate,1,True,False,1520,14009,36800,98,10,10,10,10,10,10,9,0.52,14009,1,Russian Federation,1,False
United Kingdom,Type F5,Plasma,ThetaBase Services,4,5,strict,4,False,False,2300,29563,25742,100,10,10,10,10,10,10,2,0.12,29563,1,Jersey,2,False
Micronesia,Type V5,Quantum,ThetaBase Services,1,2,flexible,1,True,False,1572,37125,11474,90,10,9,10,10,10,9,43,2.53,37125,1,Rwanda,1,False
Isle of Man,Type F5,Quantum,ThetaBase Services,1,1,strict,1,False,False,1520,34037,13701,100,10,10,10,10,10,10,1,0.07,34037,0,Togo,2,False
Russian Federation,Type F5,Plasma,ThetaBase Services,3,7,strict,4,False,False,3080,18123,49808,100,10,10,10,10,10,10,1,0.09,18123,1,Russian Federation,3,False
Malta,Type V5,Quantum,ThetaBase Services,1,2,strict,1,True,False,1650,33961,26325,100,10,10,10,10,10,10,121,9.28,33961,1,Indonesia,3,True
Rwanda,Type V5,Plasma,ThetaBase Services,2,6,strict,4,False,False,2235,6894,38378,80,8,7,9,8,9,9,3,0.39,6894,0.8,Estonia,47,True
Rwanda,Type V5,Plasma,ThetaBase Services,1,4,strict,2,True,False,1949,15004,38437,89,9,9,10,10,10,9,37,2.59,15004,1,Uzbekistan,88,False
Rwanda,Type V5,Plasma,ThetaBase Services,0,4,strict,2,True,False,1715,15004,41369,89,9,10,10,10,10,9,34,2.3,15004,1,Uzbekistan,88,False
Rwanda,Type V5,Plasma,ThetaBase Services,1,6,strict,3,True,False,1936,15004,8687,86,9,10,9,9,9,9,34,2.17,15004,1,Uzbekistan,88,False
Micronesia,Type V5,Plasma,ThetaBase Services,1,4,strict,1,False,False,2300,16042,57789,100,10,10,10,10,10,10,1,0.19,16042,0,Rwanda,2,False
Malta,Type V7,Quantum,ThetaBase Services,0,2,moderate,1,False,False,1429,35999,62546,76,8,8,8,8,9,8,9,1.03,35999,1,Mauritania,3,True
Russian Federation,Type V2,Plasma,ThetaBase Services,2,5,flexible,3,False,False,2040,36758,15735,90,9,9,10,10,10,9,3,0.78,36758,0.89,Russian Federation,2,False
Rwanda,Type V5,Plasma,ThetaBase Services,0,2,strict,1,True,False,1715,15004,2418,95,10,10,10,10,10,9,30,1.81,15004,1,Uzbekistan,88,False
United Kingdom,Type V5,Plasma,ThetaBase Services,2,5,moderate,2,False,False,2885,1159,1248,90,10,9,10,10,10,9,2,0.15,1159,1,Monaco,1,True
Niue,Type V5,Plasma,ThetaBase Services,1,4,strict,2,False,False,2755,24349,71772,97,10,10,10,10,10,9,19,1.11,24349,1,Guinea,2,True
Micronesia,Type V5,Plasma,ThetaBase Services,2,4,strict,2,False,False,2950,28828,27052,95,9,10,10,10,10,9,21,1.25,28828,1,Isle of Man,198,True
Rwanda,Type V5,Plasma,ThetaBase Services,0,2,strict,1,True,False,2040,9852,76488,88,9,9,10,10,9,9,33,1.91,9852,1,Maldives,11,False
Rwanda,Type V5,Plasma,ThetaBase Services,0,2,strict,1,True,False,2040,9852,3829,89,9,10,10,10,10,9,31,1.83,9852,1,Maldives,11,False
Niue,Type F5,Quantum,ThetaBase Services,1,2,flexible,1,True,False,1299,33372,24776,89,9,9,10,10,9,9,145,8.27,33372,1,Guinea,22,True
Barbados,Type V5,Plasma,ThetaBase Services,2,4,flexible,3,False,False,3080,39109,41462,92,10,10,10,10,10,9,18,1.23,39109,0.77,Ukraine,24,True
Niue,Type V5,Plasma,ThetaBase Services,3,6,strict,3,False,False,2950,29454,32525,89,9,9,10,9,9,9,28,1.65,29454,1,Guinea,1,False
Pakistan,Type V5,Plasma,ThetaBase Services,1,4,moderate,1,True,False,1806,40953,44726,98,10,10,10,10,10,10,15,0.87,40953,1,Cocos (Keeling) Islands,1,False
Rwanda,Type V7,Plasma,ThetaBase Services,0,2,strict,1,True,False,1780,15004,49193,82,9,9,10,10,10,8,26,1.88,15004,1,Uzbekistan,88,False
United Kingdom,Type V2,Quantum,ThetaBase Services,1,2,strict,1,True,False,1845,20069,66213,100,10,10,10,10,10,10,1,0.48,20069,1,Monaco,3,False
Rwanda,Type V5,Plasma,ThetaBase Services,2,8,strict,2,True,False,2833,15004,48524,96,10,10,10,10,10,9,53,3.55,15004,1,Uzbekistan,88,False
Nicaragua,Type V5,Quantum,ThetaBase Services,1,2,flexible,1,True,False,1585,29578,31470,92,9,9,10,9,9,8,5,0.29,29578,1,Chile,2,False
Rwanda,Type V5,Quantum,ThetaBase Services,1,2,flexible,1,True,False,1585,45821,4337,97,10,10,10,10,10,10,58,3.37,45821,1,Nicaragua,1,True
Barbados,Type V5,Quantum,ThetaBase Services,1,2,strict,1,True,False,1520,4322,36313,81,9,8,9,9,9,8,34,1.94,4322,0.97,Tonga,32,False
Uzbekistan,Type V5,Plasma,ThetaBase Services,1,4,strict,1,False,False,1910,28828,64598,98,10,10,10,10,10,10,10,0.58,28828,1,Isle of Man,198,True
Nicaragua,Type V5,Plasma,ThetaBase Services,2,6,moderate,4,False,False,3340,7354,18361,95,10,9,10,10,10,9,16,0.96,7354,1,Cape Verde,1,False
Micronesia,Type V5,Plasma,ThetaBase Services,2,4,strict,3,False,False,2950,28828,7739,96,10,10,9,10,10,9,32,1.98,28828,1,Isle of Man,198,True
Costa Rica,Type V5,Quantum,ThetaBase Services,1,2,flexible,1,False,False,1416,49825,6872,98,10,10,9,10,9,10,8,0.48,49825,1,Pakistan,7,True
Rwanda,Type V5,Plasma,ThetaBase Services,0,2,strict,1,False,False,1962,6894,36163,100,10,8,10,10,10,10,1,0.06,6894,0.8,Estonia,47,True
Rwanda,Type V5,Plasma,ThetaBase Services,2,5,strict,2,True,False,2300,33748,71845,80,9,9,9,9,9,8,39,2.48,33748,0.3,Uzbekistan,3,True
Russian Federation,Type G0,Plasma,ThetaBase Services,1,3,strict,1,True,False,2872,37646,1314,92,9,10,9,9,9,9,14,0.94,37646,1,Estonia,60,False
Niue,Type V5,Plasma,ThetaBase Services,2,4,strict,2,False,False,2820,28828,23098,100,10,10,10,10,10,10,4,0.24,28828,1,Isle of Man,198,True
Brazil,Type V5,Plasma,ThetaBase Services,2,6,flexible,3,False,False,2170,36302,53855,93,9,9,10,9,10,9,15,1.12,36302,1,Vanuatu,1,False
Rwanda,Type F5,Quantum,ThetaBase Services,1,2,strict,1,True,False,1468,3237,9244,97,10,9,10,10,10,10,43,2.5,3237,1,Turkmenistan,2,True
Malta,Type F5,Plasma,ThetaBase Services,2,4,strict,2,False,False,2430,35216,26221,100,10,10,10,10,9,10,5,0.31,35216,0.5,Marshall Islands,1,True
Kiribati,Type V2,Quantum,ThetaBase Services,2,3,moderate,2,True,False,1130,16344,25684,95,10,9,10,10,9,10,30,1.84,16344,1,Nicaragua,1,False
Uzbekistan,Type V5,Plasma,ThetaBase Services,2,6,flexible,5,True,False,2157,33108,36111,98,10,10,10,10,9,9,41,2.49,33108,1,Costa Rica,3,False
Gambia,Type V5,Plasma,ThetaBase Services,2,4,moderate,3,True,False,1975,36998,58895,90,8,9,9,10,8,8,6,0.54,36998,0.92,Lebanon,10,False
Micronesia,Type V5,Plasma,ThetaBase Services,2,4,strict,3,False,False,3600,12164,33943,100,10,10,10,10,10,10,18,1.08,12164,1,Nicaragua,8,False
Micronesia,Type V5,Plasma,ThetaBase Services,1,4,strict,2,True,False,1845,18262,28056,91,10,9,9,10,9,9,21,1.25,18262,1,Netherlands,1,False
Rwanda,Type V5,Plasma,ThetaBase Services,1,4,strict,2,True,False,2300,15004,14477,91,9,10,10,10,10,9,39,2.61,15004,1,Uzbekistan,88,False
Russian Federation,Type V5,Plasma,ThetaBase Services,0,2,strict,0,True,False,2690,39248,27993,96,10,10,10,10,10,9,124,7.25,39248,0.97,Cuba,5,False
United Kingdom,Type V5,Plasma,ThetaBase Services,2,4,strict,2,False,False,2820,28828,40596,80,10,8,10,10,10,9,5,0.29,28828,1,Isle of Man,198,True
Barbados,Type V5,Plasma,ThetaBase Services,1,4,strict,2,False,False,1910,26434,32184,84,9,9,10,9,10,9,38,2.43,26434,1,Tonga,1,False
Bouvet Island (Bouvetoya),Type V2,Quantum,ThetaBase Services,1,3,strict,1,True,False,1390,937,10804,96,10,9,10,10,10,10,39,2.25,937,1,French Guiana,3,False
Bouvet Island (Bouvetoya),Type F5,Quantum,ThetaBase Services,2,3,strict,2,True,False,1325,937,8748,95,10,9,10,10,10,10,30,2,937,1,French Guiana,3,False
Barbados,Type V5,Quantum,ThetaBase Services,1,2,flexible,1,False,False,1390,44295,73200,93,9,9,10,10,10,9,12,0.71,44295,1,Djibouti,1,False
United Kingdom,Type V5,Plasma,ThetaBase Services,1,2,flexible,1,False,False,1130,21703,4664,98,10,10,10,10,10,10,50,2.99,21703,0.91,Palestinian Territory,1,True
Russian Federation,Type V5,Plasma,ThetaBase Services,1,4,strict,2,True,False,2157,27019,56835,93,10,9,10,10,10,9,25,1.75,27019,1,Gambia,1,False
United Kingdom,Type V5,Quantum,ThetaBase Services,1,1,moderate,1,True,False,1195,36867,14509,97,10,10,10,10,10,10,49,3.29,36867,1,Tanzania,1,False
Nicaragua,Type V5,Quantum,ThetaBase Services,1,2,strict,1,True,False,1377,4322,37744,78,8,7,9,8,9,7,8,0.48,4322,0.97,Tonga,32,False
Rwanda,Type V5,Plasma,ThetaBase Services,1,2,strict,1,False,False,2040,16113,47055,100,10,10,10,10,10,10,4,0.24,16113,1,Croatia,2,True
Rwanda,Type F5,Quantum,ThetaBase Services,1,2,strict,1,False,False,1637,16113,42299,100,10,10,10,10,10,10,1,0.06,16113,1,Croatia,2,True
Barbados,Type V5,Plasma,ThetaBase Services,2,6,strict,3,True,False,2599,490,36703,83,9,9,10,9,9,9,15,1.03,490,1,Bosnia and Herzegovina,6,False
Rwanda,Type V5,Plasma,ThetaBase Services,1,2,moderate,1,False,False,2820,24448,35187,93,10,10,10,9,10,10,7,0.43,24448,1,Venezuela,1,False
Rwanda,Type V5,Plasma,ThetaBase Services,0,4,strict,2,True,False,1923,15004,62537,89,10,9,9,9,9,9,29,2.19,15004,1,Uzbekistan,88,False
Rwanda,Type V5,Plasma,ThetaBase Services,1,4,strict,1,True,False,1936,15004,57055,86,9,9,10,10,10,9,34,2.34,15004,1,Uzbekistan,88,False
Malta,Type V5,Quantum,ThetaBase Services,1,2,strict,1,False,False,1520,3596,19151,100,10,10,10,10,10,10,19,1.3,3596,1,Marshall Islands,6,True
Costa Rica,Type V5,Quantum,ThetaBase Services,1,2,flexible,1,False,False,1234,49825,31032,96,10,9,10,9,9,10,15,0.87,49825,1,Pakistan,7,True
Sao Tome and Principe,Type V5,Plasma,ThetaBase Services,2,4,strict,2,False,False,2170,28828,34123,73,8,7,9,9,10,8,6,0.36,28828,1,Isle of Man,198,True
Russian Federation,Type V5,Plasma,ThetaBase Services,1,2,strict,1,False,False,2300,28828,64568,100,10,10,10,10,10,10,1,0.06,28828,1,Isle of Man,198,True
Sao Tome and Principe,Type V5,Quantum,ThetaBase Services,1,1,flexible,1,False,False,1143,1577,67845,40,8,2,10,6,8,4,1,0.35,1577,1,Peru,8,True
Malta,Type V2,Plasma,ThetaBase Services,5,9,moderate,8,False,False,4120,18077,27851,97,10,8,9,10,10,9,6,0.4,18077,1,Sao Tome and Principe,139,False
Nicaragua,Type V5,Plasma,ThetaBase Services,3,9,strict,4,False,False,4757,24026,15574,86,9,8,10,9,10,9,24,1.61,24026,0.98,Cape Verde,69,True
Gambia,Type V5,Plasma,ThetaBase Services,1,5,flexible,1,False,False,2040,9131,25402,100,10,10,10,10,10,10,1,0.06,9131,1,Gambia,5,False
Sao Tome and Principe,Type V5,Quantum,ThetaBase Services,1,2,moderate,1,False,False,2105,8397,31674,60,10,4,10,10,10,10,2,0.12,8397,1,Faroe Islands,1,True
Barbados,Type G0,Plasma,ThetaBase Services,0,3,strict,2,False,False,1936,47361,61502,94,9,10,10,10,9,10,13,0.86,47361,1,Barbados,10,False
Barbados,Type G0,Plasma,ThetaBase Services,2,6,strict,3,False,False,2430,47361,340,89,9,9,9,9,8,9,25,1.54,47361,1,Barbados,10,False
Malta,Type V2,Plasma,ThetaBase Services,3,9,moderate,5,False,False,4783,18077,12749,95,10,10,10,10,10,10,4,0.24,18077,1,Sao Tome and Principe,139,False
Micronesia,Type V5,Plasma,ThetaBase Services,2,4,flexible,2,False,False,2482,8129,37183,100,10,10,10,10,10,10,4,0.26,8129,1,Rwanda,5,False
Russian Federation,Type V5,Plasma,ThetaBase Services,1,2,strict,1,False,False,2105,18979,21198,91,10,9,10,10,10,9,68,4.04,18979,1,Tonga,6,True
Micronesia,Type V5,Plasma,ThetaBase Services,2,6,flexible,5,False,False,2495,9772,56149,91,10,9,9,10,9,9,14,0.87,9772,1,Marshall Islands,3,True
Gambia,Type V5,Plasma,ThetaBase Services,2,10,flexible,4,True,False,2885,9131,72837,100,8,10,10,10,10,10,1,0.21,9131,1,Gambia,5,False
Bouvet Island (Bouvetoya),Type V5,Plasma,ThetaBase Services,1,4,strict,1,False,False,2950,28828,52696,75,8,10,8,8,10,9,5,0.3,28828,1,Isle of Man,198,True
Rwanda,Type V5,Plasma,ThetaBase Services,0,4,strict,2,True,False,1832,15004,4699,85,9,9,9,10,9,9,32,2.27,15004,1,Uzbekistan,88,False
Barbados,Type V5,Plasma,ThetaBase Services,2,4,moderate,3,False,False,2417,38458,13991,96,10,10,10,10,10,9,38,2.35,38458,1,Montserrat,6,True
Gambia,Type V7,Plasma,ThetaBase Services,1,4,strict,2,True,False,2105,31104,68480,97,10,10,9,9,9,10,23,1.36,31104,1,France,2,False
Rwanda,Type V5,Plasma,ThetaBase Services,3,8,strict,6,True,False,1767,29123,58281,91,9,8,10,10,9,9,32,2.03,29123,1,Zimbabwe,16,True
Rwanda,Type V5,Plasma,ThetaBase Services,2,8,strict,4,True,False,2976,15004,20418,77,9,8,10,10,9,9,13,0.97,15004,1,Uzbekistan,88,False
Rwanda,Type V5,Plasma,ThetaBase Services,2,8,strict,4,True,False,2976,15004,72121,96,10,9,10,10,10,10,5,0.43,15004,1,Uzbekistan,88,False
Bouvet Island (Bouvetoya),Type V5,Plasma,ThetaBase Services,2,4,strict,2,False,False,2170,28828,8169,98,10,10,10,10,10,9,22,1.32,28828,1,Isle of Man,198,True
Kiribati,Type V5,Quantum,ThetaBase Services,1,1,strict,1,False,False,1338,29163,66025,98,10,10,10,10,10,10,24,1.46,29163,1,Nicaragua,1,False
Barbados,Type V5,Quantum,ThetaBase Services,1,1,strict,1,True,False,1299,4322,11038,84,9,8,9,8,9,9,29,1.73,4322,0.97,Tonga,32,False
Russian Federation,Type V5,Plasma,ThetaBase Services,4,7,moderate,5,True,False,3600,37043,7869,87,9,9,10,10,10,9,38,2.24,37043,1,Pakistan,11,False
Rwanda,Type V5,Plasma,ThetaBase Services,2,8,strict,4,True,False,2963,15004,52831,95,10,10,9,10,10,10,34,2.66,15004,1,Uzbekistan,88,False
Rwanda,Type V5,Plasma,ThetaBase Services,2,6,strict,5,True,False,1663,29123,59283,93,10,9,10,10,9,9,24,1.46,29123,1,Zimbabwe,16,True
Rwanda,Type V5,Plasma,ThetaBase Services,1,6,strict,3,True,False,2066,15004,54993,83,9,9,9,10,9,9,37,2.64,15004,1,Uzbekistan,88,False
Rwanda,Type V5,Plasma,ThetaBase Services,1,6,strict,1,True,False,1975,15004,35012,84,9,9,9,10,9,8,32,2.14,15004,1,Uzbekistan,88,False
Uzbekistan,Type V5,Plasma,ThetaBase Services,3,7,strict,4,False,False,2170,28828,34159,100,10,10,8,6,8,10,1,0.06,28828,1,Isle of Man,198,True
Russian Federation,Type V5,Quantum,ThetaBase Services,1,2,moderate,1,True,False,1624,38339,58937,95,10,9,10,10,10,10,16,0.95,38339,1,Venezuela,2,False
Switzerland,Type F5,Quantum,ThetaBase Services,1,2,flexible,1,True,False,1273,46930,35170,91,9,9,10,10,9,9,7,0.49,46930,1,Turks and Caicos Islands,1,False
Micronesia,Type V5,Plasma,ThetaBase Services,1,2,strict,2,False,False,2300,18164,11682,100,10,10,10,10,10,10,2,0.12,18164,1,Marshall Islands,5,False
Anguilla,Type V5,Plasma,ThetaBase Services,2,5,moderate,2,True,False,2625,13322,25859,97,10,10,10,9,10,10,12,0.8,13322,0.5,Anguilla,2,False
Barbados,Type V5,Plasma,ThetaBase Services,1,2,moderate,1,False,False,2183,46504,76925,100,10,10,10,10,10,10,6,1.12,46504,1,Barbados,1,False
El Salvador,Type F5,Quantum,ThetaBase Services,1,1,moderate,1,True,False,1104,36260,46272,99,10,10,10,10,10,10,34,2.04,36260,1,Papua New Guinea,1,False
Malta,Type V5,Quantum,ThetaBase Services,1,1,strict,1,True,False,1273,42377,40494,98,10,10,10,10,10,10,62,3.74,42377,1,Marshall Islands,2,False
Barbados,Type V2,Plasma,ThetaBase Services,1,4,strict,1,False,False,2495,43134,49847,95,10,9,10,10,10,9,17,1.04,43134,1,Suriname,6,False
United Kingdom,Type V5,Plasma,ThetaBase Services,3,8,strict,3,False,False,3457,43134,65772,88,9,9,9,10,10,9,40,2.58,43134,1,Suriname,6,False
Rwanda,Type V5,Plasma,ThetaBase Services,2,4,flexible,1,False,False,2456,6894,59685,60,10,10,8,10,8,8,1,0.23,6894,0.8,Estonia,47,True
Nicaragua,Type V5,Plasma,ThetaBase Services,1,4,strict,1,False,False,2469,26652,18290,95,10,9,10,10,10,10,4,0.24,26652,0.97,Pakistan,6,False
Bouvet Island (Bouvetoya),Type V5,Quantum,ThetaBase Services,1,2,moderate,1,False,False,1572,48599,28711,99,10,10,10,10,10,10,29,1.71,48599,1,Malawi,3,False
Kiribati,Type F5,Quantum,ThetaBase Services,1,1,moderate,1,True,False,1195,42827,23436,91,10,9,10,10,9,9,57,3.37,42827,1,Nicaragua,3,True
Malta,Type V5,Plasma,ThetaBase Services,2,4,strict,2,False,False,2170,28828,51397,86,9,9,10,9,10,9,10,0.6,28828,1,Isle of Man,198,True
Russian Federation,Type V5,Plasma,ThetaBase Services,1,4,strict,2,False,False,2040,28719,60868,95,10,10,10,10,10,9,49,2.96,28719,1,Russian Federation,4,True
Malta,Type V5,Plasma,ThetaBase Services,0,2,flexible,1,True,False,1715,41741,42370,88,9,9,10,10,9,9,38,2.34,41741,1,Brazil,9,True
Estonia,Type V5,Quantum,ThetaBase Services,1,2,moderate,1,True,False,1247,31836,6763,95,10,10,9,9,9,10,77,5.02,31836,1,Zimbabwe,1,False
Nicaragua,Type V5,Quantum,ThetaBase Services,1,1,strict,1,True,False,1247,4322,26648,81,9,8,9,9,10,9,16,1,4322,0.97,Tonga,32,False
Rwanda,Type V5,Plasma,ThetaBase Services,1,4,strict,2,True,False,1975,15004,37364,86,9,9,9,10,9,9,24,1.72,15004,1,Uzbekistan,88,False
Nicaragua,Type V5,Plasma,ThetaBase Services,1,4,strict,1,True,False,2157,6755,12846,89,9,9,9,10,10,9,15,0.95,6755,1,Barbados,2,False
Bouvet Island (Bouvetoya),Type V5,Plasma,ThetaBase Services,1,5,moderate,3,True,False,1910,47046,28148,93,9,10,10,10,9,9,8,0.49,47046,1,Lebanon,9,False
Nicaragua,Type V5,Plasma,ThetaBase Services,1,4,strict,1,True,False,2157,6755,19634,93,9,9,10,10,10,9,24,1.45,6755,1,Barbados,2,False
Russian Federation,Type V5,Plasma,ThetaBase Services,2,4,strict,2,False,False,2560,28828,15530,96,10,10,9,10,10,10,5,0.3,28828,1,Isle of Man,198,True
Nicaragua,Type V5,Plasma,ThetaBase Services,0,2,strict,1,True,False,2157,32556,34231,82,9,10,10,10,10,8,13,0.78,32556,0.9,Estonia,11,True
Rwanda,Type V5,Plasma,ThetaBase Services,2,8,strict,2,True,False,2924,15004,45654,91,9,9,10,9,10,9,30,2.17,15004,1,Uzbekistan,88,False
Barbados,Type V5,Plasma,ThetaBase Services,1,2,strict,1,False,False,2170,28828,27493,94,10,9,10,10,10,9,10,0.63,28828,1,Isle of Man,198,True
Sao Tome and Principe,Type V5,Quantum,ThetaBase Services,1,2,strict,1,False,False,1078,1564,65882,83,10,9,9,10,8,9,8,0.65,1564,1,Indonesia,12,False
Bouvet Island (Bouvetoya),Type V5,Plasma,ThetaBase Services,0,4,strict,2,True,False,2001,15004,15509,92,10,10,9,10,10,9,17,1.23,15004,1,Uzbekistan,88,False
Rwanda,Type V5,Plasma,ThetaBase Services,0,4,strict,2,True,False,1845,15004,22260,87,9,9,9,9,10,9,22,1.58,15004,1,Uzbekistan,88,False
Bouvet Island (Bouvetoya),Type F5,Quantum,ThetaBase Services,1,2,moderate,2,False,False,1390,651,56749,99,10,10,10,10,10,10,80,6.54,651,1,Lebanon,4,True
Niue,Type V5,Quantum,ThetaBase Services,1,2,moderate,1,False,False,1494,20867,30728,97,10,10,10,10,9,10,115,7.57,20867,1,Guinea,4,True
Bouvet Island (Bouvetoya),Type V5,Plasma,ThetaBase Services,1,2,moderate,1,False,False,2300,6102,11200,95,10,10,10,10,10,9,32,1.9,6102,1,Uzbekistan,1,False
Malta,Type V7,Plasma,ThetaBase Services,3,7,moderate,4,True,False,2118,35999,66851,64,6,5,8,8,9,7,5,0.32,35999,1,Mauritania,3,True
United Kingdom,Type V5,Plasma,ThetaBase Services,1,2,strict,1,False,False,1650,19739,76829,100,9,10,9,10,9,9,3,0.26,19739,1,Holy See (Vatican City State),1,True
Malta,Type V5,Quantum,ThetaBase Services,1,2,moderate,1,True,False,1455,35655,2563,100,10,10,10,10,10,10,13,0.88,35655,1,Niue,1,False
Rwanda,Type V5,Plasma,ThetaBase Services,0,4,strict,2,True,False,2144,15004,36301,88,9,10,10,10,10,9,21,1.54,15004,1,Uzbekistan,88,False
Uzbekistan,Type F5,Quantum,ThetaBase Services,1,2,moderate,1,False,False,2092,21232,14753,100,10,10,10,10,10,10,1,0.08,21232,0.9,Kiribati,2,True
Bouvet Island (Bouvetoya),Type F5,Quantum,ThetaBase Services,1,2,moderate,1,True,False,1585,12707,69359,96,10,10,10,10,10,9,11,0.66,12707,0.75,Malawi,2,True
Niue,Type V5,Plasma,ThetaBase Services,1,3,strict,2,False,False,2170,27398,70589,100,10,10,10,10,9,9,9,0.57,27398,1,Niue,1,False
Rwanda,Type V5,Quantum,ThetaBase Services,1,2,strict,1,True,False,1455,47090,69001,97,10,10,10,10,9,10,6,0.41,47090,1,Croatia,3,False
Rwanda,Type V5,Plasma,ThetaBase Services,1,6,strict,3,True,False,2209,15004,31254,93,9,10,10,10,10,9,38,2.79,15004,1,Uzbekistan,88,False
Rwanda,Type V5,Plasma,ThetaBase Services,2,8,strict,4,True,False,2846,15004,35063,94,9,9,10,10,10,10,25,1.84,15004,1,Uzbekistan,88,False
Rwanda,Type V5,Plasma,ThetaBase Services,2,8,strict,4,True,False,2755,15004,44519,87,9,9,10,10,10,9,37,2.79,15004,1,Uzbekistan,88,False
Rwanda,Type V5,Plasma,ThetaBase Services,2,8,strict,4,True,False,2807,15004,28374,94,9,9,10,10,10,9,24,1.83,15004,1,Uzbekistan,88,False
Bouvet Island (Bouvetoya),Type V5,Plasma,ThetaBase Services,0,2,strict,1,True,False,2157,28047,3430,97,10,10,10,9,10,10,12,0.96,28047,1,Uzbekistan,4,False
Kiribati,Type V5,Quantum,ThetaBase Services,1,2,moderate,1,True,False,1182,36100,73676,96,10,10,10,10,10,9,5,0.32,36100,1,Rwanda,17,True
Rwanda,Type V5,Plasma,ThetaBase Services,2,8,strict,1,True,False,2768,15004,66089,98,10,9,10,10,10,9,13,1,15004,1,Uzbekistan,88,False
Rwanda,Type V5,Plasma,ThetaBase Services,0,4,strict,2,True,False,1741,15004,23343,86,9,9,9,9,9,9,32,2.41,15004,1,Uzbekistan,88,False
United Kingdom,Type V5,Plasma,ThetaBase Services,1,2,strict,1,False,False,1780,49105,72360,100,10,9,10,10,10,9,2,0.4,49105,1,Malta,3,False
Wallis and Futuna,Type F5,Plasma,ThetaBase Services,2,6,moderate,3,True,False,2820,11322,27728,96,10,10,10,10,10,10,25,1.55,11322,1,Malta,1,False
Rwanda,Type V5,Quantum,ThetaBase Services,1,2,flexible,1,False,False,1520,31117,62233,100,10,10,10,10,10,10,2,0.12,31117,0.8,Croatia,3,True
Rwanda,Type V5,Quantum,ThetaBase Services,1,2,strict,1,False,False,1624,48455,47845,100,10,10,10,10,10,10,1,0.43,48455,0.89,Uzbekistan,20,True
Niue,Type V5,Quantum,ThetaBase Services,1,2,moderate,1,False,False,1260,40587,42986,100,10,10,10,10,10,10,3,0.19,40587,1,Niue,2,True
United Kingdom,Type V5,Plasma,ThetaBase Services,1,4,strict,2,False,False,1715,11238,31276,100,10,10,10,10,10,10,3,0.19,11238,1,Tanzania,1,False
Uzbekistan,Type V5,Plasma,"Banks, Wood and Phillips",0,3,moderate,2,True,False,1598,16281,26455,92,9,9,10,10,9,9,26,1.59,16281,1,Kiribati,1,False
Rwanda,Type V5,Plasma,ThetaBase Services,0,4,strict,2,True,False,1715,15004,70049,87,9,9,10,10,9,9,19,1.46,15004,1,Uzbekistan,88,False
Rwanda,Type V5,Plasma,ThetaBase Services,0,4,strict,2,True,False,1728,15004,49281,88,9,9,10,9,9,9,19,1.45,15004,1,Uzbekistan,88,False
Nicaragua,Type V5,Plasma,ThetaBase Services,2,6,strict,2,False,False,3470,28828,23791,96,10,10,9,10,10,9,11,0.68,28828,1,Isle of Man,198,True
Niue,Type F5,Quantum,ThetaBase Services,1,1,moderate,1,False,False,1247,11973,14105,60,8,2,10,10,10,4,2,0.13,11973,1,Niue,7,True
Rwanda,Type V5,Plasma,ThetaBase Services,3,7,strict,4,True,False,1793,29123,22005,91,9,8,9,10,9,9,42,2.66,29123,1,Zimbabwe,16,True
Rwanda,Type V5,Plasma,ThetaBase Services,1,6,strict,1,True,False,2209,15004,55797,85,9,9,9,9,9,9,12,0.94,15004,1,Uzbekistan,88,False
Bouvet Island (Bouvetoya),Type V5,Plasma,ThetaBase Services,2,4,strict,2,False,False,2170,28828,10270,98,9,9,9,9,9,10,9,0.66,28828,1,Isle of Man,198,True
Malta,Type F5,Nuclear,ThetaBase Services,1,1,flexible,4,True,False,1117,12542,50872,88,9,9,9,9,9,9,70,4.21,12542,0.98,Mauritania,19,True
Micronesia,Type V5,Plasma,ThetaBase Services,0,2,strict,1,True,False,1559,21438,14236,94,9,9,10,10,10,9,34,2.28,21438,1,China,3,False
Rwanda,Type V5,Plasma,ThetaBase Services,0,2,moderate,1,True,False,1754,16047,73079,83,9,8,9,9,10,8,39,2.46,16047,0.8,Uzbekistan,6,False
Rwanda,Type V5,Plasma,ThetaBase Services,0,4,strict,2,True,False,2144,15004,74503,91,10,10,9,10,9,9,9,0.69,15004,1,Uzbekistan,88,False
Rwanda,Type V5,Plasma,ThetaBase Services,3,10,strict,5,True,False,3327,15004,76409,94,10,10,10,10,9,9,26,2.05,15004,1,Uzbekistan,88,False
Rwanda,Type V5,Plasma,ThetaBase Services,2,8,strict,4,True,False,3132,15004,9669,92,10,10,10,10,9,9,20,1.59,15004,1,Uzbekistan,88,False
Malta,Type V5,Plasma,ThetaBase Services,2,7,strict,3,False,False,3457,24026,48694,74,8,8,6,9,10,8,7,0.62,24026,0.98,Cape Verde,69,True
Rwanda,Type V5,Plasma,ThetaBase Services,2,8,strict,2,True,False,2846,15004,51260,89,9,9,9,9,9,9,23,1.83,15004,1,Uzbekistan,88,False
Barbados,Type V2,Plasma,ThetaBase Services,3,6,strict,3,False,False,4510,34811,65077,98,10,10,10,10,10,9,40,2.44,34811,1,Montserrat,1,False
Micronesia,Type F1,Quantum,ThetaBase Services,1,2,moderate,1,True,False,1533,40462,16840,97,10,10,10,10,10,10,71,4.41,40462,1,Rwanda,1,False
Malta,Type F5,Plasma,ThetaBase Services,4,8,strict,6,False,False,3470,28828,49521,94,10,9,10,9,9,9,27,1.66,28828,1,Isle of Man,198,True
United Kingdom,Type V5,Plasma,ThetaBase Services,2,6,moderate,2,True,False,3210,16596,23561,86,9,9,10,9,9,9,28,1.76,16596,1,Congo,3,False
Russian Federation,Type V5,Quantum,ThetaBase Services,1,1,strict,1,False,False,1780,31218,56654,80,10,10,10,10,10,6,1,0.23,31218,1,Saint Helena,1,False
United Kingdom,Type F5,Plasma,ThetaBase Services,3,6,strict,3,False,False,2560,28828,52064,100,10,10,10,10,10,10,4,0.25,28828,1,Isle of Man,198,True
Gambia,Type V7,Plasma,ThetaBase Services,1,2,moderate,1,False,False,1910,44895,24829,99,10,10,10,10,10,10,35,2.36,44895,1,France,3,True
Niue,Type F5,Plasma,ThetaBase Services,4,6,moderate,3,False,False,2820,36327,69564,97,10,10,10,10,10,10,37,2.26,36327,1,Guinea,5,True
Rwanda,Type V5,Quantum,ThetaBase Services,1,2,moderate,1,False,False,1637,6794,67273,100,10,10,10,10,10,10,21,1.35,6794,1,Bosnia and Herzegovina,2,True
Bouvet Island (Bouvetoya),Type V5,Plasma,ThetaBase Services,1,2,strict,1,False,False,2690,34203,23103,94,10,9,10,10,10,10,7,0.42,34203,1,Uzbekistan,2,True
Sao Tome and Principe,Type F5,Quantum,ThetaBase Services,0,2,moderate,1,True,False,1910,34723,24805,93,9,9,9,9,10,9,19,1.29,34723,1,Peru,12,False
United Kingdom,Type F5,Quantum,ThetaBase Services,1,1,flexible,1,False,False,1780,43642,62532,99,10,10,10,10,10,10,18,2.35,43642,0.9,Denmark,6,False
Rwanda,Type V5,Plasma,ThetaBase Services,1,2,strict,1,True,False,2170,23534,8938,100,10,10,10,10,10,10,3,0.19,23534,1,Maldives,2,False
Rwanda,Type V5,Plasma,ThetaBase Services,1,3,strict,2,False,False,2430,11830,12664,99,10,10,10,10,10,10,31,1.93,11830,1,Maldives,67,True
Micronesia,Type V5,Plasma,ThetaBase Services,2,5,strict,3,False,False,2625,31558,26645,94,9,9,9,10,9,9,17,1.09,31558,0.33,Niger,1,False
Rwanda,Type V5,Plasma,ThetaBase Services,0,2,strict,1,True,False,1923,4920,35770,88,9,10,10,10,10,9,18,1.19,4920,0.98,Estonia,8,False
Sao Tome and Principe,Type F5,Quantum,ThetaBase Services,1,1,flexible,1,False,False,1195,19749,43914,100,10,8,10,10,8,10,1,1,19749,1,Denmark,6,True
United Kingdom,Type V5,Quantum,ThetaBase Services,1,2,moderate,1,False,False,1468,3443,40133,100,10,10,10,10,9,10,9,0.55,3443,1,Jersey,1,False
Niue,Type F5,Plasma,ThetaBase Services,3,5,strict,3,True,False,2079,19341,54038,100,10,10,10,10,9,10,8,0.48,19341,1,Guinea,1,False
Uzbekistan,Type G0,Plasma,ThetaBase Services,2,6,flexible,3,True,False,2495,33108,11743,96,10,10,10,10,9,9,29,1.88,33108,1,Costa Rica,3,False
Rwanda,Type V5,Plasma,ThetaBase Services,0,2,strict,1,True,False,2040,4920,25320,92,10,10,10,10,9,9,31,2.08,4920,0.98,Estonia,8,False
Nicaragua,Type V5,Quantum,ThetaBase Services,1,2,strict,1,True,False,1416,4322,37089,74,7,7,7,7,8,8,19,1.21,4322,0.97,Tonga,32,False
Costa Rica,Type V5,Plasma,ThetaBase Services,1,4,moderate,2,True,False,1650,4970,39570,99,10,10,10,10,10,10,34,3.38,4970,1,Somalia,1,False
United Kingdom,Type V5,Plasma,ThetaBase Services,1,2,moderate,1,True,False,2170,35405,50323,85,10,7,10,10,9,8,5,0.32,35405,1,Tanzania,1,False
Micronesia,Type V5,Plasma,ThetaBase Services,2,3,strict,2,True,False,3457,38087,11350,100,10,10,10,10,10,10,8,0.65,38087,1,Niger,1,False
Gambia,Type F5,Quantum,ThetaBase Services,1,2,strict,1,False,False,1208,23710,26762,100,10,10,10,10,8,8,1,0.07,23710,1,Gambia,5,False
Rwanda,Type V5,Plasma,ThetaBase Services,0,2,strict,1,True,False,1923,4920,19261,92,10,10,10,10,10,9,27,1.75,4920,0.98,Estonia,8,False
Malta,Type V5,Plasma,ThetaBase Services,1,2,moderate,1,False,False,2300,30683,40243,92,10,9,10,10,10,9,33,2.18,30683,1,Marshall Islands,1,False
Anguilla,Type V5,Plasma,ThetaBase Services,2,5,moderate,2,True,False,2625,13322,46062,85,9,10,10,10,10,10,4,0.26,13322,0.5,Anguilla,2,False
Nicaragua,Type V7,Plasma,ThetaBase Services,3,6,strict,3,True,False,2326,9999,67850,100,10,10,10,10,10,10,3,0.19,9999,1,Isle of Man,1,False
Malta,Type V5,Plasma,ThetaBase Services,1,4,strict,1,False,False,1650,17447,51046,100,10,10,10,10,8,10,1,0.09,17447,1,El Salvador,4,True
Malta,Type F5,Plasma,ThetaBase Services,2,5,strict,3,False,False,2300,28828,7611,91,9,9,9,9,9,9,17,1.12,28828,1,Isle of Man,198,True
Bouvet Island (Bouvetoya),Type V5,Plasma,ThetaBase Services,2,4,moderate,2,False,False,2300,48599,14247,100,10,10,10,10,10,10,1,0.06,48599,1,Malawi,3,False
Malta,Type V5,Plasma,ThetaBase Services,1,8,strict,4,True,False,2664,41546,42927,96,10,10,10,10,10,10,5,0.36,41546,1,Mauritania,21,False
Malta,Type V5,Plasma,ThetaBase Services,1,5,strict,3,True,False,2820,41546,47242,100,9,9,10,10,8,9,2,0.15,41546,1,Mauritania,21,False
Malta,Type V5,Plasma,ThetaBase Services,2,6,strict,3,True,False,3067,41546,55006,100,10,10,10,10,10,10,2,0.16,41546,1,Mauritania,21,False
Russian Federation,Type V5,Plasma,ThetaBase Services,2,5,strict,2,True,False,2924,2243,41009,95,10,10,9,10,10,9,22,1.52,2243,1,Tonga,1,False
United Kingdom,Type V2,Quantum,ThetaBase Services,1,2,moderate,1,False,False,2040,2242,73848,99,10,10,10,10,10,10,40,2.73,2242,0.9,Monaco,1,False
Nicaragua,Type V5,Plasma,ThetaBase Services,3,6,strict,3,False,False,5030,12424,22815,96,10,9,10,10,10,9,34,2.12,12424,1,Pakistan,2,True
Rwanda,Type F5,Quantum,ThetaBase Services,1,2,moderate,1,True,False,1312,13163,64542,87,10,8,10,10,10,9,11,0.67,13163,0.25,Svalbard & Jan Mayen Islands,2,False
Bouvet Island (Bouvetoya),Type V5,Quantum,ThetaBase Services,1,2,moderate,1,True,False,1637,46894,29462,95,10,10,10,10,10,9,23,1.51,46894,1,Malawi,2,True
Barbados,Type V5,Plasma,ThetaBase Services,2,6,strict,2,False,False,6395,35170,26386,98,10,10,10,10,10,9,29,1.9,35170,1,Vietnam,5,True
Malta,Type E3,Quantum,ThetaBase Services,0,2,flexible,1,True,False,1481,30369,69986,95,10,10,10,10,9,9,42,2.61,30369,1,Libyan Arab Jamahiriya,1,True
Rwanda,Type V5,Plasma,ThetaBase Services,1,2,strict,2,False,False,1520,40831,60709,100,10,10,10,10,9,9,2,0.31,40831,1,Croatia,1,False
Sao Tome and Principe,Type V5,Plasma,ThetaBase Services,2,5,strict,2,False,False,2365,4267,49671,100,10,10,10,10,10,10,1,0.19,4267,1,Senegal,22,True
Bouvet Island (Bouvetoya),Type V5,Plasma,ThetaBase Services,2,6,strict,2,True,False,2820,24844,62940,85,9,9,9,9,9,9,8,0.49,24844,1,Uzbekistan,6,False
Russian Federation,Type V2,Quantum,ThetaBase Services,1,1,moderate,1,True,False,1520,327,62702,98,10,10,10,10,10,10,44,2.7,327,1,Tonga,2,True
Barbados,Type V5,Plasma,ThetaBase Services,1,2,moderate,1,True,False,3340,27171,38498,97,10,10,9,10,10,9,12,0.85,27171,1,Reunion,1,True
United Kingdom,Type V5,Plasma,ThetaBase Services,1,2,moderate,1,True,False,1845,49915,41200,100,10,10,10,10,10,10,4,0.26,49915,1,Tunisia,1,True
United Kingdom,Type V5,Plasma,ThetaBase Services,1,4,flexible,2,False,False,2495,37999,10031,94,10,9,10,10,9,9,28,1.81,37999,1,Senegal,20,True
Bouvet Island (Bouvetoya),Type V5,Plasma,ThetaBase Services,2,3,strict,2,True,False,1871,32781,70230,100,10,10,10,10,9,9,5,0.32,32781,1,Lebanon,2,False
Russian Federation,Type V5,Plasma,ThetaBase Services,1,3,strict,1,False,False,3210,19943,57980,100,10,9,10,10,10,9,2,0.22,19943,0.63,Isle of Man,34,False
Niue,Type V5,Plasma,ThetaBase Services,1,4,strict,3,True,False,1793,14577,26155,96,10,10,10,10,10,10,37,2.29,14577,0.5,Niue,2,True
Wallis and Futuna,Type F5,Quantum,ThetaBase Services,1,3,moderate,1,False,False,1416,41757,24444,99,10,10,10,10,10,10,27,3.03,41757,1,Malta,5,False
Kiribati,Type Z6,Plasma,ThetaBase Services,2,3,moderate,3,True,False,1884,7248,29429,95,9,9,10,10,9,9,16,0.99,7248,1,Nicaragua,2,False
Wallis and Futuna,Type F5,Quantum,ThetaBase Services,1,3,moderate,1,False,False,1585,41757,49343,99,10,10,10,10,10,10,34,3.85,41757,1,Malta,5,False
Malta,Type V5,Quantum,ThetaBase Services,1,1,strict,1,True,False,1104,1564,28966,100,10,10,10,10,10,10,1,0.1,1564,1,Indonesia,12,False
Barbados,Type V5,Plasma,ThetaBase Services,2,4,strict,2,False,False,2430,10896,46039,100,10,9,10,10,9,10,8,0.53,10896,1,Bouvet Island (Bouvetoya),1,False
Bouvet Island (Bouvetoya),Type V5,Plasma,ThetaBase Services,2,6,strict,3,True,False,3470,24844,5489,90,9,9,10,10,9,9,48,2.96,24844,1,Uzbekistan,6,False
Faroe Islands,Type V2,Quantum,ThetaBase Services,1,1,flexible,1,True,False,1182,10741,72856,96,10,9,10,10,9,10,38,2.33,10741,1,Micronesia,2,False
Niue,Type V5,Plasma,ThetaBase Services,3,6,moderate,4,False,False,4770,17819,54519,100,10,10,10,10,10,9,14,0.94,17819,1,Guinea,2,False
Kiribati,Type W5,Quantum,ThetaBase Services,1,2,strict,1,True,False,1130,49703,27558,93,9,9,10,10,9,9,153,9.43,49703,1,Nicaragua,9,False
Barbados,Type V5,Quantum,ThetaBase Services,1,2,strict,1,True,False,2027,12960,35910,97,10,10,10,10,10,9,90,5.64,12960,1,Indonesia,9,False
Nicaragua,Type V5,Plasma,ThetaBase Services,1,2,moderate,2,False,False,2040,120,2792,96,10,10,10,10,10,9,28,1.78,120,1,Cuba,2,False
Niue,Type Z6,Plasma,ThetaBase Services,2,4,strict,2,False,False,2105,10571,47285,95,10,10,10,10,9,10,32,2,10571,1,Niue,1,False
Malta,Type V5,Plasma,ThetaBase Services,1,3,strict,2,True,False,1715,24338,11792,93,10,9,10,10,9,9,14,1.1,24338,1,El Salvador,2,False
Indonesia,Type V5,Quantum,ThetaBase Services,1,2,moderate,1,False,False,1650,21333,5868,99,10,10,10,10,10,10,31,2.03,21333,1,Faroe Islands,2,False
Russian Federation,Type V7,Plasma,ThetaBase Services,2,4,flexible,2,False,False,2170,19137,69598,100,10,10,10,10,10,9,5,0.35,19137,1,Russian Federation,1,True
Bouvet Island (Bouvetoya),Type V5,Plasma,ThetaBase Services,2,4,strict,2,False,False,2170,27070,40681,96,10,10,9,10,10,9,36,2.26,27070,1,Uzbekistan,2,False
United Kingdom,Type V5,Plasma,ThetaBase Services,1,4,strict,2,False,False,2820,16596,14323,91,9,10,9,10,9,9,21,1.71,16596,1,Congo,3,False
Malta,Type F5,Quantum,ThetaBase Services,5,2,strict,1,False,False,1104,1564,29362,80,6,5,9,10,9,8,2,0.13,1564,1,Indonesia,12,False
Rwanda,Type F5,Quantum,ThetaBase Services,1,2,moderate,1,True,False,1299,33101,70458,92,10,10,9,10,10,10,6,0.38,33101,1,Nauru,2,False
Indonesia,Type V5,Plasma,ThetaBase Services,2,4,moderate,2,False,False,3405,21333,26275,100,10,10,10,10,10,9,2,0.41,21333,1,Faroe Islands,2,False
Wallis and Futuna,Type F5,Plasma,ThetaBase Services,2,4,moderate,2,False,False,2300,15955,45185,100,10,10,10,10,9,10,6,0.43,15955,0.88,Malta,4,True
Malta,Type V5,Plasma,ThetaBase Services,0,2,flexible,1,True,False,1715,41741,1109,92,9,9,10,10,9,9,31,2.05,41741,1,Brazil,9,True
Rwanda,Type V5,Plasma,ThetaBase Services,2,4,strict,3,False,False,2690,31117,52886,98,10,9,10,10,9,9,8,0.84,31117,0.8,Croatia,3,True
Kiribati,Type F5,Quantum,ThetaBase Services,0,2,moderate,0,True,False,1377,7248,74000,100,10,10,10,10,10,10,9,0.59,7248,1,Nicaragua,2,False
Micronesia,Type V5,Plasma,ThetaBase Services,2,4,strict,2,False,False,2430,8129,35654,100,10,10,10,10,10,10,2,0.13,8129,1,Rwanda,5,False
Malta,Type G0,Plasma,ThetaBase Services,1,8,strict,4,True,False,3600,41546,8386,100,10,10,10,10,10,10,1,0.07,41546,1,Mauritania,21,False
United Kingdom,Type F5,Quantum,ThetaBase Services,1,1,moderate,1,True,False,1182,33468,40450,97,10,10,10,10,9,10,22,1.41,33468,1,Monaco,2,True
Micronesia,Type G0,Plasma,ThetaBase Services,0,4,moderate,1,True,False,2625,21240,73239,90,9,10,9,10,10,9,12,0.81,21240,0.94,Niger,130,False
Niue,Type V2,Quantum,ThetaBase Services,1,5,strict,5,True,False,1468,26780,48100,86,9,9,9,9,8,9,22,1.47,26780,1,Guinea,7,False
Rwanda,Type V5,Plasma,ThetaBase Services,2,4,moderate,2,False,False,2495,6794,27653,96,10,10,10,10,9,10,15,0.98,6794,1,Bosnia and Herzegovina,2,True
Niue,Type V2,Quantum,ThetaBase Services,1,2,strict,1,False,False,1364,6700,50279,100,10,8,10,10,10,10,2,0.31,6700,1,Guinea,7,False
Wallis and Futuna,Type Z6,Quantum,ThetaBase Services,1,2,moderate,1,False,False,1650,38888,29065,99,10,10,10,10,10,10,42,2.82,38888,1,Malta,1,False
Nicaragua,Type V5,Plasma,ThetaBase Services,1,4,strict,1,True,False,2547,30435,25228,84,9,9,10,9,10,8,10,0.65,30435,0.99,Cape Verde,41,False
Barbados,Type V5,Plasma,ThetaBase Services,0,2,moderate,1,False,False,1650,29369,53329,92,10,9,10,10,10,9,25,1.62,29369,1,Tonga,2,False
Rwanda,Type V5,Plasma,ThetaBase Services,0,2,strict,1,False,False,1832,6894,36517,100,10,10,10,10,10,10,5,0.32,6894,0.8,Estonia,47,True
Barbados,Type V5,Quantum,ThetaBase Services,1,5,flexible,5,True,False,2170,20443,20715,91,9,9,9,10,10,9,54,3.55,20443,1,Uganda,1,False
Malta,Type F5,Plasma,ThetaBase Services,3,8,strict,5,False,False,3730,21682,52437,100,10,10,10,10,10,10,11,0.73,21682,1,United Kingdom,2,False
Malta,Type F5,Plasma,ThetaBase Services,2,4,strict,2,False,False,3275,4710,45110,100,9,10,10,10,10,9,5,0.6,4710,0.25,Guernsey,1,True
Gambia,Type V5,Quantum,ThetaBase Services,1,2,strict,1,False,False,1364,36319,17634,100,10,10,10,10,10,10,9,1.18,36319,0.75,France,2,True
Sao Tome and Principe,Type V5,Plasma,ThetaBase Services,1,2,strict,1,False,False,1910,13420,6637,100,10,10,10,10,10,9,7,0.56,13420,1,Uruguay,1,False
Bouvet Island (Bouvetoya),Type V5,Plasma,ThetaBase Services,1,2,strict,1,False,False,1845,3627,1222,93,10,9,10,10,9,10,8,0.59,3627,1,Malawi,1,True
Costa Rica,Type V5,Plasma,ThetaBase Services,2,4,strict,2,False,False,2040,28828,74719,93,10,10,10,9,9,9,6,0.65,28828,1,Isle of Man,198,True
Micronesia,Type V5,Plasma,ThetaBase Services,3,5,strict,3,False,False,4120,45546,17666,100,10,8,10,10,10,10,1,0.07,45546,1,Cape Verde,19,True
Russian Federation,Type V5,Plasma,ThetaBase Services,1,6,strict,3,False,False,2079,4446,66513,93,10,9,10,10,10,9,31,2.06,4446,1,Uganda,58,False
Kiribati,Type V5,Plasma,ThetaBase Services,1,4,strict,2,True,False,3470,35018,28712,87,9,9,10,10,9,9,14,1,35018,1,Nicaragua,10,False
Kiribati,Type V5,Plasma,ThetaBase Services,1,4,strict,2,True,False,3470,35018,17691,77,8,9,9,9,8,8,6,0.4,35018,1,Nicaragua,10,False
Micronesia,Type V5,Quantum,ThetaBase Services,1,2,moderate,1,True,False,1624,38508,14552,93,9,9,10,10,10,9,42,2.74,38508,1,Rwanda,1,True
Nicaragua,Type V5,Plasma,ThetaBase Services,1,2,moderate,1,False,False,2430,37169,60879,98,10,10,10,10,10,10,14,0.89,37169,1,Jersey,2,False
Barbados,Type V5,Plasma,ThetaBase Services,2,7,strict,4,False,False,3470,24118,53478,84,9,9,9,9,10,8,23,1.56,24118,0.98,Ghana,21,True
Faroe Islands,Type V5,Quantum,ThetaBase Services,1,1,flexible,1,False,False,1299,46290,8997,100,8,8,10,10,8,10,1,0.07,46290,1,Micronesia,2,False
Costa Rica,Type E3,Quantum,ThetaBase Services,1,2,flexible,1,True,False,1325,48609,19680,96,9,10,10,10,9,9,10,0.64,48609,1,Uzbekistan,2,False
Barbados,Type V5,Plasma,ThetaBase Services,2,5,moderate,3,False,False,4757,16000,71178,100,10,10,10,10,10,10,4,0.26,16000,1,Reunion,2,False
Rwanda,Type F5,Nuclear,ThetaBase Services,1,1,flexible,1,False,False,1130,49456,46153,100,10,10,10,10,10,10,1,0.08,49456,0,Venezuela,1,False
Bouvet Island (Bouvetoya),Type Z6,Plasma,ThetaBase Services,0,2,moderate,1,False,False,1910,46449,37763,100,10,10,10,10,9,9,7,0.45,46449,1,Tonga,1,False
Rwanda,Type V5,Plasma,ThetaBase Services,1,3,moderate,1,False,False,2820,19847,16718,100,10,10,10,10,10,10,2,0.13,19847,1,Maldives,1,False
Guinea,Type V5,Plasma,ThetaBase Services,1,2,moderate,1,False,False,2105,26831,39666,90,9,8,9,10,10,9,2,0.51,26831,0.5,Fiji,1,False
Nicaragua,Type V5,Plasma,ThetaBase Services,1,6,strict,1,True,False,2079,4446,8776,84,8,9,8,10,10,9,10,2.13,4446,1,Uganda,58,False
Costa Rica,Type F5,Quantum,ThetaBase Services,1,3,strict,2,False,False,1195,29480,48631,83,10,10,10,9,9,9,6,0.45,29480,1,French Polynesia,6,False
United Kingdom,Type F5,Quantum,ThetaBase Services,1,2,flexible,1,True,False,1455,38497,49248,91,10,9,10,10,10,10,22,1.46,38497,1,Tunisia,1,False
Malta,Type V7,Plasma,ThetaBase Services,2,4,strict,5,False,False,2040,8770,59399,95,10,10,10,10,9,9,54,3.65,8770,1,El Salvador,3,False
Malta,Type V5,Quantum,ThetaBase Services,1,2,moderate,1,False,False,1572,37251,9990,99,10,10,10,10,9,10,28,1.78,37251,1,Bahrain,1,True
Kiribati,Type V5,Quantum,ThetaBase Services,1,2,strict,1,False,False,1182,36100,52778,100,10,10,10,10,10,10,12,0.81,36100,1,Rwanda,17,True
Barbados,Type V5,Plasma,ThetaBase Services,0,2,strict,1,False,False,2677,24118,59357,82,8,9,9,9,10,8,13,0.88,24118,0.98,Ghana,21,True
Rwanda,Type V5,Plasma,ThetaBase Services,1,2,moderate,1,False,False,1884,38257,76171,100,10,10,10,10,9,9,3,0.2,38257,1,Svalbard & Jan Mayen Islands,1,False
Barbados,Type V5,Plasma,ThetaBase Services,3,8,strict,4,False,False,2820,24118,63012,84,8,9,10,10,9,8,9,0.82,24118,0.98,Ghana,21,True
Rwanda,Type V5,Plasma,ThetaBase Services,1,4,strict,2,True,False,1975,30985,29434,87,9,7,10,10,9,8,32,2.18,30985,1,Uzbekistan,5,False
Rwanda,Type V5,Plasma,ThetaBase Services,0,2,strict,1,True,False,1910,4920,8626,94,10,9,10,10,10,9,13,0.86,4920,0.98,Estonia,8,False
Rwanda,Type V5,Plasma,ThetaBase Services,0,2,strict,1,True,False,1910,4920,75283,95,10,9,10,10,10,9,27,1.75,4920,0.98,Estonia,8,False
Malta,Type V5,Plasma,ThetaBase Services,1,4,strict,1,False,False,1975,28828,14123,91,10,9,9,10,9,9,19,1.26,28828,1,Isle of Man,198,True
Costa Rica,Type V2,Quantum,"Banks, Wood and Phillips",1,2,moderate,1,False,False,1195,49043,55133,96,10,9,10,10,9,10,62,3.96,49043,1,Micronesia,4,True
Malta,Type V5,Plasma,ThetaBase Services,1,4,moderate,2,False,False,1897,32742,24377,99,10,10,10,10,10,10,47,2.96,32742,1,Nicaragua,3,True
Uzbekistan,Type F5,Quantum,ThetaBase Services,1,3,strict,1,False,False,1585,44218,62939,45,4,4,10,5,7,5,4,0.27,44218,1,Kiribati,3,False
Rwanda,Type Z6,Plasma,ThetaBase Services,1,2,flexible,1,False,False,2300,25734,76929,100,10,8,10,10,10,10,3,0.22,25734,0.78,Bosnia and Herzegovina,1,False
Malta,Type V2,Quantum,ThetaBase Services,1,1,strict,1,False,False,1325,15168,26075,94,10,10,10,10,9,10,17,1.16,15168,1,Venezuela,2,False
Anguilla,Type F5,Quantum,ThetaBase Services,1,2,moderate,2,False,False,1260,5171,60270,90,10,10,10,10,9,9,3,0.41,5171,1,Anguilla,2,False
Anguilla,Type F5,Quantum,ThetaBase Services,1,2,moderate,1,False,False,1260,5171,23478,90,10,10,8,10,10,10,2,0.13,5171,1,Anguilla,2,False
Barbados,Type V7,Quantum,ThetaBase Services,1,3,strict,2,True,False,1715,8331,20818,93,9,10,9,9,10,9,40,2.55,8331,0.7,Uganda,2,False
Kiribati,Type V5,Plasma,ThetaBase Services,2,6,strict,2,True,False,3470,35018,68922,81,9,9,9,8,8,9,14,1.3,35018,1,Nicaragua,10,False
Rwanda,Type V5,Plasma,ThetaBase Services,2,6,strict,3,False,False,2300,38534,18955,95,10,9,9,10,10,10,30,2.01,38534,1,Maldives,1,False
Malta,Type V5,Plasma,ThetaBase Services,1,3,strict,2,True,False,2300,8225,12385,91,9,10,9,9,9,9,14,0.97,8225,0.95,Barbados,31,False
United Kingdom,Type V5,Quantum,ThetaBase Services,1,2,flexible,1,False,False,1273,26635,68782,20,2,10,4,2,2,2,1,0.07,26635,0,Tanzania,1,False
Nicaragua,Type V5,Plasma,ThetaBase Services,1,2,strict,1,False,False,1845,34636,49201,96,10,9,10,10,10,9,14,0.91,34636,0.9,Isle of Man,1,True
Kiribati,Type V5,Plasma,ThetaBase Services,1,4,strict,2,True,False,3470,35018,24392,86,10,9,9,9,9,9,13,1.07,35018,1,Nicaragua,10,False
Kiribati,Type V5,Plasma,ThetaBase Services,1,4,strict,2,True,False,3470,35018,20639,77,8,9,9,7,8,7,7,0.52,35018,1,Nicaragua,10,False
Bouvet Island (Bouvetoya),Type V2,Plasma,ThetaBase Services,2,4,strict,2,False,False,1897,28312,41413,100,10,9,10,10,10,9,4,0.26,28312,1,Lebanon,2,True
Malta,Type V5,Quantum,ThetaBase Services,1,1,strict,1,True,False,1273,42377,56164,99,10,10,10,10,10,10,58,3.83,42377,1,Marshall Islands,2,False
Nicaragua,Type E3,Quantum,ThetaBase Services,1,2,moderate,1,False,False,2170,37169,56965,97,10,10,10,10,9,10,18,1.19,37169,1,Jersey,2,False
Sao Tome and Principe,Type V2,Quantum,ThetaBase Services,1,2,flexible,1,False,False,1715,47085,61213,100,10,10,10,10,10,10,39,2.5,47085,1,Sao Tome and Principe,1,False
Sao Tome and Principe,Type V5,Plasma,ThetaBase Services,1,2,moderate,1,False,False,2170,23534,22933,100,10,10,10,10,10,10,4,0.29,23534,1,Maldives,2,False
Rwanda,Type V5,Plasma,ThetaBase Services,0,2,strict,1,False,False,2040,27972,36643,84,9,8,9,9,9,8,5,0.33,27972,0.94,Brazil,27,False
United Kingdom,Type F5,Quantum,ThetaBase Services,1,2,flexible,0,True,False,1650,47066,66581,100,10,10,10,10,10,10,15,1.09,47066,1,Denmark,1,True
Rwanda,Type X3,Quantum,ThetaBase Services,1,2,flexible,1,True,False,1325,46099,4842,80,9,8,9,9,8,9,91,5.92,46099,0.98,Uzbekistan,28,False
United Kingdom,Type F5,Quantum,ThetaBase Services,1,2,moderate,1,False,False,1260,32097,7841,100,10,10,10,10,10,10,9,0.59,32097,1,Denmark,5,False
Anguilla,Type F5,Quantum,ThetaBase Services,1,2,moderate,1,True,False,1195,32410,55480,95,10,10,10,10,10,9,52,3.36,32410,1,United Kingdom,5,False
Rwanda,Type X3,Quantum,ThetaBase Services,1,2,flexible,1,True,False,1299,46099,21517,80,9,8,9,9,8,9,83,5.4,46099,0.98,Uzbekistan,28,False
Mexico,Type F5,Plasma,ThetaBase Services,2,5,strict,4,False,False,1780,43947,8268,95,10,10,10,10,10,10,4,0.32,43947,1,Greenland,1,False
Malta,Type V5,Quantum,ThetaBase Services,1,2,moderate,1,True,False,1780,21853,34162,100,10,10,10,10,10,10,5,0.33,21853,1,El Salvador,1,True
Bouvet Island (Bouvetoya),Type V5,Plasma,ThetaBase Services,0,4,strict,2,True,False,2066,15004,42702,87,10,10,8,9,10,9,25,1.88,15004,1,Uzbekistan,88,False
Sao Tome and Principe,Type V5,Quantum,ThetaBase Services,1,2,flexible,1,False,False,1364,18629,5810,96,9,9,10,9,10,9,9,0.6,18629,1,Sao Tome and Principe,3,False
Nicaragua,Type V5,Plasma,ThetaBase Services,3,8,strict,4,False,False,2768,24852,67413,82,9,8,9,9,9,8,39,2.57,24852,1,Wallis and Futuna,3,False
Nicaragua,Type V5,Plasma,ThetaBase Services,1,4,strict,1,True,False,2157,30435,66196,93,10,9,10,10,10,9,17,1.29,30435,0.99,Cape Verde,41,False
Nicaragua,Type V5,Plasma,ThetaBase Services,1,4,strict,1,False,False,1975,4446,45805,92,9,9,10,10,10,9,20,1.31,4446,1,Uganda,58,False
Bouvet Island (Bouvetoya),Type V5,Plasma,ThetaBase Services,0,4,strict,2,True,False,2066,15004,50491,82,9,9,9,9,10,8,11,0.83,15004,1,Uzbekistan,88,False
Bouvet Island (Bouvetoya),Type V5,Plasma,ThetaBase Services,0,4,strict,2,True,False,2066,15004,56010,93,10,10,9,10,10,9,27,2.11,15004,1,Uzbekistan,88,False
Bouvet Island (Bouvetoya),Type V5,Plasma,ThetaBase Services,2,8,strict,4,True,False,2872,15004,49805,93,10,10,9,10,10,9,35,2.79,15004,1,Uzbekistan,88,False
Anguilla,Type F5,Quantum,ThetaBase Services,1,4,moderate,3,True,False,1195,32410,61860,89,9,9,10,10,9,9,56,3.73,32410,1,United Kingdom,5,False
Anguilla,Type F5,Quantum,ThetaBase Services,1,1,moderate,1,True,False,1260,32410,28036,95,10,10,10,10,10,10,35,2.27,32410,1,United Kingdom,5,False
Anguilla,Type F5,Quantum,ThetaBase Services,1,2,moderate,2,True,False,1325,32410,14832,91,9,9,10,10,10,9,28,1.83,32410,1,United Kingdom,5,False
El Salvador,Type V7,Quantum,ThetaBase Services,1,2,flexible,1,True,False,1455,1063,6163,100,10,10,10,10,10,8,2,0.52,1063,1,Papua New Guinea,4,False
Niue,Type F5,Plasma,ThetaBase Services,4,8,strict,5,False,False,2950,28828,12720,94,9,9,9,10,10,10,21,1.49,28828,1,Isle of Man,198,True
Bouvet Island (Bouvetoya),Type V5,Plasma,ThetaBase Services,0,4,strict,2,True,False,1819,15004,27931,98,10,10,10,10,10,10,13,1.42,15004,1,Uzbekistan,88,False
Bouvet Island (Bouvetoya),Type V5,Plasma,ThetaBase Services,0,4,strict,2,True,False,2066,15004,32100,90,9,10,10,10,10,9,9,0.76,15004,1,Uzbekistan,88,False
Bouvet Island (Bouvetoya),Type V5,Plasma,ThetaBase Services,0,4,strict,2,True,False,1819,15004,35702,95,10,10,10,10,10,9,21,1.92,15004,1,Uzbekistan,88,False
Faroe Islands,Type O3,Quantum,ThetaBase Services,3,8,flexible,7,False,False,1520,13167,12937,84,9,7,10,10,9,9,18,1.94,13167,1,Micronesia,1,False
Bouvet Island (Bouvetoya),Type V5,Plasma,ThetaBase Services,0,4,strict,2,True,False,1819,15004,36618,90,10,10,9,10,10,9,14,1.24,15004,1,Uzbekistan,88,False
Bouvet Island (Bouvetoya),Type V5,Plasma,ThetaBase Services,0,4,strict,2,True,False,2066,15004,46737,89,9,10,10,10,9,9,11,0.96,15004,1,Uzbekistan,88,False
Bouvet Island (Bouvetoya),Type V5,Plasma,ThetaBase Services,0,4,strict,2,True,False,2066,15004,16807,94,10,10,9,10,10,9,20,1.69,15004,1,Uzbekistan,88,False
Micronesia,Type V5,Plasma,ThetaBase Services,2,4,strict,2,True,False,4120,49076,57365,100,10,10,10,10,10,10,2,1.71,49076,0.97,Kenya,12,True
Bouvet Island (Bouvetoya),Type V5,Plasma,ThetaBase Services,1,4,strict,2,True,False,2066,15004,16088,80,9,9,9,9,9,8,15,1.22,15004,1,Uzbekistan,88,False
Marshall Islands,Type V2,Quantum,ThetaBase Services,1,2,flexible,1,False,False,1247,18851,66290,97,9,10,10,9,9,9,12,0.97,18851,1,Russian Federation,1,True
Costa Rica,Type V5,Plasma,ThetaBase Services,2,4,strict,2,True,False,2300,8778,23781,100,10,10,10,10,10,10,2,0.15,8778,1,Somalia,1,True
Malta,Type V5,Quantum,ThetaBase Services,1,4,strict,2,True,False,1910,8223,35877,94,10,10,10,10,10,9,44,2.94,8223,1,El Salvador,2,True
Barbados,Type V5,Plasma,ThetaBase Services,0,3,strict,1,False,False,2170,16267,53339,93,10,10,10,10,10,9,11,0.95,16267,1,Montserrat,1,False
Wallis and Futuna,Type V5,Plasma,ThetaBase Services,1,2,flexible,1,True,False,1650,16921,20634,98,10,10,10,10,10,10,22,1.5,16921,1,Malta,1,False
United Kingdom,Type V5,Plasma,ThetaBase Services,2,6,strict,2,False,False,3080,37999,33039,90,9,9,8,10,9,9,4,0.35,37999,1,Senegal,20,True
Malta,Type V5,Plasma,ThetaBase Services,1,5,strict,2,False,False,2677,24026,76718,86,9,9,8,10,10,9,14,1.08,24026,0.98,Cape Verde,69,True
Rwanda,Type V5,Plasma,ThetaBase Services,2,4,strict,2,False,False,2820,40961,51224,87,9,9,9,9,9,9,11,0.77,40961,1,Venezuela,1,False
Barbados,Type V5,Quantum,ThetaBase Services,1,2,moderate,1,False,False,1377,31724,42617,100,10,10,10,10,9,10,20,1.32,31724,1,Bouvet Island (Bouvetoya),1,False
Barbados,Type V5,Plasma,ThetaBase Services,1,3,strict,2,True,False,2079,27774,8833,65,7,8,8,7,10,8,4,0.63,27774,0.78,Vietnam,15,False
Barbados,Type V5,Plasma,ThetaBase Services,2,4,strict,2,True,False,2066,27774,41329,60,7,8,7,5,9,8,5,0.35,27774,0.78,Vietnam,15,False
Barbados,Type V5,Plasma,ThetaBase Services,1,4,strict,2,True,False,1871,27774,23624,80,8,10,9,8,10,8,6,0.45,27774,0.78,Vietnam,15,False
Micronesia,Type V5,Quantum,ThetaBase Services,1,2,moderate,1,True,False,2170,20485,49148,92,9,9,10,10,10,9,12,0.82,20485,1,China,1,False
Barbados,Type V5,Quantum,ThetaBase Services,1,2,flexible,1,True,False,1780,5837,65577,100,10,10,10,10,10,10,1,0.21,5837,0.6,Sao Tome and Principe,2,False
Sao Tome and Principe,Type E3,Plasma,ThetaBase Services,1,5,flexible,3,True,False,2105,24912,20368,91,9,9,10,9,10,8,14,0.98,24912,1,Sao Tome and Principe,5,False
United Kingdom,Type V5,Quantum,ThetaBase Services,1,2,flexible,1,False,False,1143,8015,64867,98,9,9,10,10,9,10,14,0.97,8015,1,Denmark,1,True
El Salvador,Type V7,Quantum,ThetaBase Services,1,2,flexible,1,True,False,1312,1063,33679,96,9,10,10,10,9,10,11,0.73,1063,1,Papua New Guinea,4,False
Indonesia,Type V5,Plasma,ThetaBase Services,1,4,moderate,2,True,False,2066,42350,42611,98,10,10,10,10,10,10,26,1.82,42350,1,Bahamas,2,True
United Kingdom,Type V5,Plasma,ThetaBase Services,1,2,flexible,1,True,False,2170,18679,6884,100,10,10,10,10,10,10,23,1.53,18679,1,Andorra,1,False
Rwanda,Type V5,Quantum,ThetaBase Services,1,3,moderate,2,True,False,1390,7264,22090,82,9,8,9,9,9,9,40,2.67,7264,1,Philippines,9,False
Rwanda,Type V5,Quantum,ThetaBase Services,1,2,moderate,2,True,False,1325,7264,33174,85,9,9,9,9,9,9,48,3.27,7264,1,Philippines,9,False
Rwanda,Type V5,Quantum,ThetaBase Services,1,1,moderate,1,True,False,1260,7264,16625,86,9,9,10,9,9,9,31,2.06,7264,1,Philippines,9,False
Rwanda,Type V5,Quantum,ThetaBase Services,1,2,moderate,2,True,False,1325,7264,72445,85,9,9,9,9,8,9,34,2.3,7264,1,Philippines,9,False
Rwanda,Type V5,Quantum,ThetaBase Services,1,2,moderate,1,True,False,1325,7264,30063,86,9,9,9,10,9,9,26,1.78,7264,1,Philippines,9,False
Rwanda,Type F5,Quantum,ThetaBase Services,1,1,moderate,1,True,False,1273,17092,27748,84,9,9,9,9,10,9,21,1.38,17092,1,Estonia,2,False
Sao Tome and Principe,Type F5,Quantum,ThetaBase Services,1,1,flexible,1,False,False,1377,18629,32359,93,10,9,10,10,10,9,6,0.39,18629,1,Sao Tome and Principe,3,False
Switzerland,Type F5,Quantum,ThetaBase Services,1,1,strict,1,False,False,1325,36143,71394,100,10,10,10,10,10,10,3,0.22,36143,0.9,Turks and Caicos Islands,4,False
Kiribati,Type G0,Plasma,ThetaBase Services,0,2,flexible,1,True,False,1715,11125,76533,84,9,9,9,9,8,8,20,1.92,11125,1,Nicaragua,12,True
Micronesia,Type V5,Plasma,ThetaBase Services,3,8,moderate,6,True,False,3548,35480,65379,97,10,10,10,10,10,10,29,1.94,35480,1,Netherlands,1,False
Sao Tome and Principe,Type F5,Quantum,ThetaBase Services,1,2,strict,2,True,False,1494,17694,64655,100,10,10,10,10,10,10,2,0.4,17694,1,Isle of Man,4,True
Pakistan,Type V5,Plasma,ThetaBase Services,0,1,flexible,2,True,False,1780,48848,56930,95,10,10,9,10,10,9,16,1.12,48848,1,Cocos (Keeling) Islands,1,False
Malta,Type V5,Quantum,ThetaBase Services,1,5,strict,3,True,False,2079,15756,12751,95,10,10,10,10,10,10,29,2.25,15756,0.94,Afghanistan,2,True
Malta,Type V5,Plasma,ThetaBase Services,2,4,strict,2,True,False,3457,4847,49767,95,10,10,10,10,10,10,4,0.28,4847,1,Indonesia,3,True
Malta,Type V2,Quantum,ThetaBase Services,1,2,moderate,1,False,False,1520,29802,2362,95,10,10,10,10,10,9,52,3.5,29802,0.91,Brazil,1,True
Barbados,Type V5,Plasma,ThetaBase Services,0,3,strict,2,False,False,2807,13553,42652,94,10,10,10,10,10,9,13,3.05,13553,0.93,Vietnam,5,False
Niue,Type V5,Quantum,ThetaBase Services,2,2,flexible,3,False,False,1637,39676,44621,80,10,10,10,10,10,10,2,0.15,39676,0.86,Guinea,2,False
Nicaragua,Type V5,Plasma,ThetaBase Services,1,2,strict,1,False,False,2820,21967,67966,100,10,10,9,10,10,10,25,1.7,21967,1,Cape Verde,1,False
United Kingdom,Type V5,Plasma,ThetaBase Services,2,4,strict,2,False,False,2300,11959,21213,95,10,9,10,10,10,10,17,1.35,11959,1,Gibraltar,2,True
Nicaragua,Type V5,Plasma,ThetaBase Services,0,3,strict,0,False,False,2365,39248,71696,96,10,10,10,10,10,9,85,5.93,39248,0.97,Cuba,5,False
Costa Rica,Type F5,Quantum,ThetaBase Services,1,2,moderate,1,True,False,1195,18590,31863,94,10,9,10,10,9,9,10,0.66,18590,1,Pakistan,1,False
Malta,Type V5,Quantum,ThetaBase Services,1,2,strict,2,True,False,1650,13641,26307,90,8,9,9,9,10,9,7,0.5,13641,0.85,Mauritania,23,False
Costa Rica,Type V5,Plasma,ThetaBase Services,1,3,flexible,1,False,False,1715,44440,77068,100,10,10,10,10,10,10,9,0.6,44440,0.88,Somalia,2,False
Kiribati,Type V5,Plasma,ThetaBase Services,1,4,strict,2,True,False,3470,35018,45442,90,9,10,10,9,9,9,21,1.71,35018,1,Nicaragua,10,False
Niue,Type V5,Plasma,ThetaBase Services,1,4,strict,1,False,False,2105,11483,37247,94,10,10,9,10,10,9,7,0.54,11483,1,Lebanon,1,False
Barbados,Type V5,Quantum,ThetaBase Services,1,2,strict,1,False,False,2040,16000,45706,97,10,10,10,10,10,10,14,0.95,16000,1,Reunion,2,False
Gambia,Type F5,Quantum,ThetaBase Services,1,1,flexible,1,True,False,1390,20935,43138,100,10,10,10,10,10,10,4,0.26,20935,1,Gambia,2,False
Malta,Type V5,Plasma,ThetaBase Services,1,4,strict,2,False,False,2170,44475,43011,100,10,9,10,10,10,10,7,0.55,44475,1,El Salvador,1,False
Anguilla,Type F5,Quantum,ThetaBase Services,2,6,moderate,4,True,False,1910,32410,16351,82,9,8,9,9,9,9,17,1.23,32410,1,United Kingdom,5,False
Sao Tome and Principe,Type V5,Quantum,ThetaBase Services,0,1,strict,1,False,False,1208,1564,61536,88,10,8,10,10,9,10,6,0.41,1564,1,Indonesia,12,False
Malta,Type F5,Quantum,ThetaBase Services,1,2,strict,1,True,False,1585,39812,46266,96,10,9,10,10,10,10,32,2.13,39812,1,Nicaragua,6,True
Gambia,Type V2,Quantum,ThetaBase Services,1,3,moderate,2,True,False,1195,37823,66514,99,10,10,10,10,9,10,18,1.2,37823,1,Gambia,3,False
Sao Tome and Principe,Type V5,Plasma,ThetaBase Services,2,6,strict,3,True,False,3210,23248,10673,98,10,10,10,10,10,10,10,0.67,23248,1,Sao Tome and Principe,1,False
Gambia,Type V2,Quantum,ThetaBase Services,1,2,flexible,1,True,False,1234,37823,68617,96,10,10,10,10,10,10,5,0.34,37823,1,Gambia,3,False
Costa Rica,Type V5,Quantum,ThetaBase Services,1,2,strict,1,False,False,1299,47765,18589,97,10,10,10,10,9,10,58,4.08,47765,1,French Polynesia,1,False
Sao Tome and Principe,Type V5,Plasma,ThetaBase Services,1,2,strict,1,False,False,1780,37363,28158,97,10,10,10,10,10,10,7,0.48,37363,1,Isle of Man,1,False
United Kingdom,Type V5,Quantum,ThetaBase Services,1,4,moderate,2,False,False,1338,16649,1779,95,10,9,10,10,9,10,52,5.49,16649,1,Gibraltar,8,False
Bouvet Island (Bouvetoya),Type V5,Quantum,ThetaBase Services,1,2,moderate,1,True,False,2027,46894,76674,95,9,10,9,10,9,9,4,0.35,46894,1,Malawi,2,True
Rwanda,Type F5,Quantum,ThetaBase Services,1,3,strict,1,False,False,1390,40366,10545,92,10,10,10,10,9,9,45,3.05,40366,0.97,Micronesia,14,True
Rwanda,Type F5,Quantum,ThetaBase Services,1,2,strict,1,False,False,1715,40366,50581,94,10,9,10,10,9,10,25,1.76,40366,0.97,Micronesia,14,True
Rwanda,Type F5,Quantum,ThetaBase Services,1,3,strict,1,False,False,1390,40366,39580,89,10,10,10,10,9,9,33,2.22,40366,0.97,Micronesia,14,True
Malta,Type V5,Quantum,ThetaBase Services,1,2,moderate,0,True,False,1468,27652,18909,97,10,10,10,10,9,10,80,5.43,27652,1,El Salvador,5,False
Niue,Type V2,Quantum,ThetaBase Services,1,1,flexible,1,False,False,1195,18258,13923,94,10,10,10,10,10,10,14,0.95,18258,0.9,Niue,2,False
Bouvet Island (Bouvetoya),Type V5,Plasma,ThetaBase Services,3,6,strict,3,True,False,4627,28047,40010,93,10,10,9,9,9,9,3,0.21,28047,1,Uzbekistan,4,False
Russian Federation,Type V5,Quantum,ThetaBase Services,1,3,strict,3,True,False,1585,729,17014,97,10,10,10,10,9,10,28,1.91,729,1,Saint Helena,3,False
Russian Federation,Type V5,Quantum,ThetaBase Services,1,3,strict,4,True,False,1585,729,62918,95,10,9,10,10,9,9,39,2.63,729,1,Saint Helena,3,False
Niue,Type F5,Quantum,ThetaBase Services,1,4,strict,3,True,False,1390,26780,28026,84,9,8,10,10,9,9,5,0.34,26780,1,Guinea,7,False
Costa Rica,Type V5,Plasma,ThetaBase Services,2,5,strict,4,True,False,2040,8729,25456,98,10,10,10,10,10,10,9,0.79,8729,0.89,Svalbard & Jan Mayen Islands,1,False
Rwanda,Type V5,Plasma,ThetaBase Services,1,3,strict,1,True,False,2170,28047,69843,90,10,9,10,8,10,9,2,0.39,28047,1,Uzbekistan,4,False
Uzbekistan,Type V5,Quantum,ThetaBase Services,1,2,flexible,2,True,False,1845,16312,64457,95,10,10,10,10,10,9,4,2.93,16312,1,Kiribati,11,False
Bouvet Island (Bouvetoya),Type V7,Plasma,ThetaBase Services,2,4,moderate,2,False,False,2196,28671,33008,100,10,10,10,10,9,9,6,0.41,28671,1,Malawi,2,False
Micronesia,Type V5,Plasma,ThetaBase Services,0,2,strict,1,True,False,2690,48321,58415,100,10,10,10,10,10,10,1,0.09,48321,1,China,17,False
United Kingdom,Type F5,Quantum,ThetaBase Services,1,2,flexible,1,False,False,1715,478,31362,99,10,10,10,10,10,10,25,1.75,478,1,Holy See (Vatican City State),1,False
Niue,Type V5,Quantum,ThetaBase Services,1,2,moderate,1,False,False,1910,13085,38486,98,10,9,10,10,10,10,9,1.06,13085,1,Guinea,1,True
Sao Tome and Principe,Type V5,Plasma,ThetaBase Services,2,5,strict,2,False,False,3080,19943,52091,80,6,6,6,7,7,6,2,0.15,19943,0.63,Isle of Man,34,False
Rwanda,Type V5,Plasma,ThetaBase Services,2,6,strict,2,True,False,1663,29123,74336,90,10,9,10,10,10,9,26,1.89,29123,1,Zimbabwe,16,True
Rwanda,Type F5,Quantum,ThetaBase Services,1,2,strict,1,False,False,1338,40366,2015,91,9,9,10,10,9,9,30,2.11,40366,0.97,Micronesia,14,True
Russian Federation,Type V5,Quantum,ThetaBase Services,1,2,strict,1,True,False,1585,729,20319,94,10,10,10,10,9,9,50,3.46,729,1,Saint Helena,3,False
Micronesia,Type V5,Plasma,ThetaBase Services,1,4,strict,2,True,False,2885,48321,60952,85,9,10,10,10,9,9,4,0.28,48321,1,China,17,False
Sao Tome and Principe,Type V5,Quantum,ThetaBase Services,1,2,strict,1,True,False,1260,1564,19783,88,9,9,9,9,9,9,8,0.55,1564,1,Indonesia,12,False
Russian Federation,Type V5,Plasma,ThetaBase Services,2,4,moderate,2,False,False,2430,8728,6459,97,10,9,9,10,10,9,18,1.3,8728,1,Ecuador,1,False
Brazil,Type G0,Quantum,ThetaBase Services,1,2,flexible,1,True,False,1910,28540,50441,80,8,8,8,8,8,8,1,0.18,28540,1,Vanuatu,12,False
Micronesia,Type V5,Plasma,ThetaBase Services,0,3,strict,1,True,False,2690,48321,54294,100,8,10,10,10,10,10,1,0.24,48321,1,China,17,False
Micronesia,Type V5,Plasma,ThetaBase Services,0,3,strict,2,True,False,2690,48321,46969,80,8,8,10,10,10,7,2,0.14,48321,1,China,17,False
Micronesia,Type V5,Plasma,ThetaBase Services,0,3,strict,2,True,False,2690,48321,21888,20,2,10,8,2,6,2,1,0.38,48321,1,China,17,False
Micronesia,Type V5,Plasma,ThetaBase Services,0,2,strict,1,True,False,2560,48321,39618,80,10,8,10,10,10,8,1,0.13,48321,1,China,17,False
Micronesia,Type V5,Plasma,ThetaBase Services,1,5,strict,3,True,False,2885,48321,39800,60,8,7,8,9,8,6,2,0.18,48321,1,China,17,False
Russian Federation,Type V5,Plasma,ThetaBase Services,1,2,strict,1,False,False,1975,28828,10383,100,10,10,10,10,8,8,1,0.09,28828,1,Isle of Man,198,True
Micronesia,Type V5,Plasma,ThetaBase Services,0,4,strict,2,True,False,2820,48321,24069,90,10,10,10,10,10,10,2,0.16,48321,1,China,17,False
Kenya,Type V2,Plasma,ThetaBase Services,1,4,strict,2,True,False,1715,27597,53486,98,10,10,10,10,10,10,26,1.79,27597,1,Portugal,7,True
Russian Federation,Type V5,Quantum,ThetaBase Services,1,1,strict,1,False,False,1585,13089,30990,98,10,10,10,10,10,10,59,4.06,13089,1,Russian Federation,1,True
Kiribati,Type V5,Plasma,ThetaBase Services,2,4,flexible,2,False,False,3405,22625,12490,97,10,10,10,10,10,10,13,1.03,22625,1,Nicaragua,3,True
Switzerland,Type F5,Quantum,ThetaBase Services,1,3,moderate,1,False,False,1182,36143,50046,100,10,10,10,10,9,10,9,0.7,36143,0.9,Turks and Caicos Islands,4,False
Faroe Islands,Type V5,Quantum,ThetaBase Services,1,2,flexible,1,False,False,1416,5690,63121,100,10,10,10,10,10,10,30,2.17,5690,1,Isle of Man,2,True
Russian Federation,Type V5,Quantum,ThetaBase Services,1,2,flexible,1,True,False,1325,48606,34592,96,10,9,10,10,10,10,33,2.3,48606,1,Russian Federation,1,True
Gambia,Type V2,Quantum,ThetaBase Services,1,2,moderate,1,False,False,1156,12357,57869,97,10,10,10,10,9,10,31,2.32,12357,1,Gambia,4,False
Brazil,Type F5,Quantum,ThetaBase Services,1,1,strict,1,True,False,1273,21736,34033,99,10,10,10,10,9,10,29,1.97,21736,1,Vanuatu,4,False
Rwanda,Type V5,Plasma,ThetaBase Services,1,2,strict,1,False,False,1910,4920,46263,98,10,10,10,10,10,9,13,0.94,4920,0.98,Estonia,8,False
Sao Tome and Principe,Type V2,Quantum,ThetaBase Services,1,1,moderate,1,False,False,1507,42361,42640,95,10,10,10,10,10,10,4,0.52,42361,1,Sao Tome and Principe,1,True
Bouvet Island (Bouvetoya),Type V5,Plasma,ThetaBase Services,2,6,strict,3,True,False,2690,33873,12922,90,9,10,9,9,9,8,15,1.06,33873,1,Turks and Caicos Islands,8,True
Nicaragua,Type V5,Plasma,ThetaBase Services,1,2,strict,1,False,False,2157,18306,20916,85,8,8,9,9,8,9,4,0.54,18306,0.9,Jersey,5,False
Rwanda,Type V5,Quantum,ThetaBase Services,1,2,strict,1,True,False,1403,47090,40576,100,10,10,10,10,10,10,6,0.4,47090,1,Croatia,3,False
Rwanda,Type G0,Plasma,ThetaBase Services,1,3,strict,1,True,False,2300,37646,59085,98,10,10,10,10,10,10,8,0.66,37646,1,Estonia,60,False
Malta,Type V5,Plasma,ThetaBase Services,1,4,strict,2,True,False,1975,8978,13748,96,10,10,10,10,9,9,17,1.46,8978,0.88,Brazil,1,True
Nicaragua,Type V5,Plasma,ThetaBase Services,2,6,strict,3,False,False,3457,24026,68625,95,9,9,10,10,10,9,15,1.11,24026,0.98,Cape Verde,69,True
Wallis and Futuna,Type G0,Plasma,ThetaBase Services,0,4,flexible,2,True,False,1910,11125,36760,92,10,10,10,10,10,9,33,2.28,11125,1,Nicaragua,12,True
Nicaragua,Type V5,Plasma,ThetaBase Services,1,4,strict,2,False,False,2300,18306,42625,94,10,9,10,10,10,9,21,1.49,18306,0.9,Jersey,5,False
Anguilla,Type V2,Plasma,ThetaBase Services,1,2,moderate,1,True,False,1585,46175,48356,92,9,10,9,9,9,9,19,1.32,46175,1,United Kingdom,1,True
Estonia,Type F5,Quantum,ThetaBase Services,1,2,moderate,1,True,False,1455,37725,41970,99,10,10,10,10,9,10,24,1.67,37725,1,Zimbabwe,1,False
Kiribati,Type G0,Plasma,ThetaBase Services,0,2,flexible,1,True,False,1650,11125,31855,91,9,10,9,9,9,9,44,3,11125,1,Nicaragua,12,True
Kiribati,Type V5,Plasma,ThetaBase Services,2,6,strict,3,True,False,3327,41546,6039,100,10,10,10,10,10,10,5,1.53,41546,1,Mauritania,21,False
Bouvet Island (Bouvetoya),Type V5,Plasma,ThetaBase Services,2,7,strict,3,False,False,3457,24026,21657,88,9,9,8,10,9,9,19,1.61,24026,0.98,Cape Verde,69,True
Rwanda,Type V2,Quantum,ThetaBase Services,1,1,strict,1,True,False,1156,37293,71413,95,9,10,10,9,9,9,15,1.04,37293,0.92,Russian Federation,15,False
Sao Tome and Principe,Type V5,Plasma,ThetaBase Services,1,2,strict,1,False,False,1715,31956,39217,97,10,10,10,10,9,10,33,2.39,31956,1,Uruguay,1,False
Barbados,Type V5,Plasma,ThetaBase Services,2,4,strict,2,False,False,6070,3503,60379,100,10,10,10,10,10,10,1,0.09,3503,1,Ukraine,2,True
Niue,Type V5,Plasma,ThetaBase Services,2,4,flexible,0,False,False,1897,39676,43868,93,9,9,9,9,9,9,4,0.4,39676,0.86,Guinea,2,False
Kenya,Type V5,Plasma,ThetaBase Services,1,6,strict,4,True,False,1650,44169,67996,75,8,8,9,8,6,7,4,0.38,44169,0.97,Portugal,39,False
Rwanda,Type V2,Quantum,ThetaBase Services,1,2,strict,2,True,False,1286,37293,49175,91,9,9,9,9,9,9,34,2.42,37293,0.92,Russian Federation,15,False
El Salvador,Type V5,Plasma,ThetaBase Services,1,2,strict,1,False,False,1585,46354,17013,97,10,10,10,10,10,10,12,0.89,46354,1,Papua New Guinea,1,False
Micronesia,Type V5,Plasma,ThetaBase Services,1,2,strict,1,True,False,3340,21186,9574,100,10,8,10,10,10,8,1,0.21,21186,1,Rwanda,2,True
Barbados,Type V5,Plasma,ThetaBase Services,2,4,strict,2,False,False,2820,18306,8265,88,9,9,9,9,9,9,16,1.2,18306,0.9,Jersey,5,False
Niue,Type F5,Quantum,ThetaBase Services,1,2,strict,1,True,False,1910,43576,76352,100,10,10,10,10,10,10,9,0.72,43576,1,Guinea,2,True
Uzbekistan,Type V5,Plasma,ThetaBase Services,2,6,strict,3,True,False,1897,29123,1991,91,9,9,10,10,9,8,7,0.55,29123,1,Zimbabwe,16,True
Anguilla,Type F5,Quantum,"Banks, Wood and Phillips",1,2,moderate,1,False,False,1312,36403,12168,100,10,10,10,10,10,10,14,1,36403,1,United Kingdom,1,True
Gambia,Type F5,Quantum,ThetaBase Services,1,2,flexible,1,False,False,1195,6411,45150,88,9,9,9,9,9,9,22,1.51,6411,0.7,Gambia,1,False
Barbados,Type V5,Plasma,ThetaBase Services,2,6,strict,3,True,False,2950,8173,45470,93,9,8,10,9,10,9,6,0.47,8173,1,Barbados,2,True
Barbados,Type V5,Plasma,ThetaBase Services,1,3,strict,2,True,False,2430,8003,66158,87,9,10,9,9,10,9,25,1.92,8003,1,Uganda,1,False
Malta,Type V5,Plasma,ThetaBase Services,1,3,moderate,1,True,False,2690,7053,62314,100,10,6,10,10,10,10,1,0.09,7053,1,Marshall Islands,2,False
Barbados,Type V5,Quantum,ThetaBase Services,1,3,strict,2,False,False,1897,24118,76113,91,9,9,10,9,10,9,20,1.42,24118,0.98,Ghana,21,True
Rwanda,Type V5,Quantum,ThetaBase Services,1,4,moderate,2,False,False,1494,46254,21281,91,9,9,10,10,10,9,36,2.67,46254,1,Venezuela,4,False
Malta,Type V5,Plasma,ThetaBase Services,2,5,strict,2,True,False,2820,13641,4239,91,10,9,9,9,9,10,9,0.79,13641,0.85,Mauritania,23,False
Uzbekistan,Type V7,Quantum,ThetaBase Services,1,2,flexible,1,True,False,1455,16737,73808,98,10,10,10,10,10,10,96,6.64,16737,1,Kiribati,1,True
Guinea,Type V5,Plasma,ThetaBase Services,1,2,moderate,1,False,False,2690,18269,6047,100,10,10,10,10,10,9,2,0.22,18269,0.86,Fiji,12,False
Bouvet Island (Bouvetoya),Type V5,Plasma,ThetaBase Services,2,4,strict,2,True,False,2170,35796,37007,80,10,8,9,9,9,9,20,1.49,35796,1,Uzbekistan,1,False
Rwanda,Type V5,Plasma,ThetaBase Services,1,2,strict,1,False,False,2495,41337,68842,100,10,10,10,10,10,10,5,0.41,41337,1,Maldives,5,False
Brazil,Type G0,Plasma,ThetaBase Services,2,7,strict,3,True,False,2313,9693,6086,100,10,10,10,10,6,8,1,0.08,9693,1,Vanuatu,8,False
Rwanda,Type G0,Plasma,ThetaBase Services,0,2,moderate,1,True,False,1845,46394,70891,91,10,9,9,9,9,9,17,1.29,46394,1,Estonia,1,False
Malta,Type V5,Plasma,ThetaBase Services,2,4,strict,2,False,False,3210,1835,26538,93,10,9,10,10,10,10,6,0.45,1835,1,Ecuador,8,False
Micronesia,Type V5,Plasma,ThetaBase Services,0,3,strict,1,True,False,2690,27263,40147,80,9,10,10,9,10,9,4,0.28,27263,0.8,China,5,False
Brazil,Type F5,Quantum,ThetaBase Services,1,1,moderate,1,False,False,1104,26361,28232,97,10,10,10,10,9,10,47,3.37,26361,1,Vanuatu,3,False
Nicaragua,Type V5,Plasma,ThetaBase Services,1,4,strict,3,False,False,1845,2852,10244,90,9,8,10,10,10,10,4,0.3,2852,1,Isle of Man,1,False
Nicaragua,Type V5,Quantum,ThetaBase Services,2,4,moderate,2,False,False,2040,41022,73392,100,10,10,10,10,10,10,1,0.08,41022,1,Cape Verde,3,True
Niue,Type F5,Quantum,ThetaBase Services,1,2,strict,1,True,False,1520,4417,62619,98,10,10,10,10,10,10,45,3.33,4417,1,Niue,1,False
Rwanda,Type V5,Plasma,ThetaBase Services,2,6,strict,3,False,False,2170,28828,15985,89,9,9,10,9,10,9,25,1.79,28828,1,Isle of Man,198,True
Rwanda,Type V5,Plasma,ThetaBase Services,1,3,strict,1,False,False,1975,28828,43869,98,10,9,10,9,10,10,14,0.99,28828,1,Isle of Man,198,True
Russian Federation,Type V5,Quantum,ThetaBase Services,1,2,strict,1,False,False,1650,48455,30481,100,9,9,10,10,10,9,3,0.36,48455,0.89,Uzbekistan,20,True
Costa Rica,Type V5,Quantum,ThetaBase Services,1,2,moderate,1,False,False,1390,27536,17343,100,10,10,10,10,10,10,20,1.43,27536,1,Jersey,1,False
Russian Federation,Type V2,Quantum,ThetaBase Services,1,2,strict,1,True,False,1637,36524,64522,96,10,10,10,10,10,9,47,4.21,36524,1,Saint Helena,8,True
Niue,Type F5,Quantum,ThetaBase Services,1,2,moderate,1,False,False,1260,16808,44843,100,10,10,10,10,9,10,5,0.42,16808,1,Niue,1,False
Micronesia,Type G0,Plasma,ThetaBase Services,1,4,strict,2,True,False,3080,11567,39203,90,10,10,10,10,10,9,2,0.22,11567,1,Niger,31,True
Indonesia,Type F5,Quantum,ThetaBase Services,1,3,moderate,1,True,False,1234,31718,65808,93,9,9,10,10,8,9,19,1.35,31718,1,France,6,False
Bouvet Island (Bouvetoya),Type V5,Plasma,ThetaBase Services,1,6,strict,1,False,False,2157,4446,10325,78,9,9,10,9,10,9,12,0.87,4446,1,Uganda,58,False
Nicaragua,Type V5,Plasma,ThetaBase Services,2,6,strict,2,False,False,2807,4446,51652,89,9,9,9,9,10,9,19,1.39,4446,1,Uganda,58,False
Bouvet Island (Bouvetoya),Type F5,Quantum,ThetaBase Services,1,2,strict,1,True,False,1299,28312,53653,100,10,10,10,10,9,10,7,0.5,28312,1,Lebanon,2,True
Barbados,Type V5,Plasma,ThetaBase Services,2,6,moderate,2,False,False,7357,27811,24830,100,10,10,10,10,10,10,6,0.62,27811,1,Ukraine,4,True
Switzerland,Type V5,Plasma,ThetaBase Services,1,6,strict,4,False,False,1715,44169,39974,40,6,2,10,10,8,4,1,0.12,44169,0.97,Portugal,39,False
Micronesia,Type F5,Plasma,ThetaBase Services,2,5,strict,3,False,False,4770,12164,3043,100,10,10,10,10,10,10,7,0.57,12164,1,Nicaragua,8,False
Nicaragua,Type V5,Plasma,ThetaBase Services,1,4,strict,1,False,False,2157,4446,73621,82,9,8,9,10,10,9,21,1.56,4446,1,Uganda,58,False
United Kingdom,Type V5,Plasma,ThetaBase Services,1,2,moderate,1,True,False,1637,17656,38370,92,10,9,10,10,10,9,18,1.29,17656,1,Monaco,1,False
Wallis and Futuna,Type V5,Plasma,ThetaBase Services,2,4,strict,2,False,False,2105,4928,45745,100,10,10,10,10,10,10,14,1,4928,0.5,Malta,1,False
Switzerland,Type V5,Quantum,ThetaBase Services,1,2,moderate,1,True,False,1416,47894,60107,95,10,9,10,10,8,10,20,1.54,47894,1,Turks and Caicos Islands,3,False
Uzbekistan,Type F5,Quantum,ThetaBase Services,1,2,strict,1,True,False,1260,19682,65515,90,9,9,10,10,9,10,36,2.54,19682,1,Faroe Islands,15,True
Niue,Type F5,Quantum,ThetaBase Services,1,2,strict,1,False,False,1455,43176,49304,100,10,10,10,10,10,10,1,0.07,43176,0.86,Guinea,3,False
Switzerland,Type V5,Plasma,ThetaBase Services,1,6,strict,4,False,False,1650,44169,40237,100,10,10,10,10,10,10,1,0.07,44169,0.97,Portugal,39,False
Kenya,Type V5,Plasma,ThetaBase Services,1,6,strict,4,False,False,1650,44169,28219,60,6,4,10,8,6,8,1,0.11,44169,0.97,Portugal,39,False
Rwanda,Type V5,Plasma,ThetaBase Services,1,2,strict,1,False,False,2066,6894,3122,85,8,10,9,9,10,9,4,0.4,6894,0.8,Estonia,47,True
United Kingdom,Type F5,Quantum,ThetaBase Services,1,2,strict,1,True,False,1520,46872,8858,82,9,9,10,9,10,8,83,5.89,46872,1,Nicaragua,9,False
Rwanda,Type V5,Plasma,ThetaBase Services,2,8,strict,2,True,False,2859,15004,46797,98,10,10,10,10,10,10,19,1.52,15004,1,Uzbekistan,88,False
Niue,Type F5,Quantum,ThetaBase Services,1,2,strict,1,False,False,1390,43176,19116,100,10,10,10,10,10,10,1,0.08,43176,0.86,Guinea,3,False
Brazil,Type V5,Quantum,ThetaBase Services,2,5,strict,4,True,False,1637,39699,38317,91,10,9,10,10,9,9,47,3.93,39699,1,Vanuatu,1,False
Sao Tome and Principe,Type F5,Quantum,ThetaBase Services,1,2,strict,1,True,False,1455,9424,48165,94,10,10,10,10,10,10,38,2.68,9424,1,Peru,1,False
Rwanda,Type V5,Plasma,ThetaBase Services,2,8,strict,4,True,False,2859,15004,53362,98,10,10,10,10,10,10,36,2.79,15004,1,Uzbekistan,88,False
Rwanda,Type V5,Plasma,ThetaBase Services,1,5,strict,3,False,False,2040,4856,47922,78,7,8,8,9,8,8,14,1.05,4856,1,Philippines,5,False
Rwanda,Type V5,Plasma,ThetaBase Services,1,8,strict,4,True,False,2859,15004,13944,91,9,9,10,10,10,9,31,2.42,15004,1,Uzbekistan,88,False
Barbados,Type V5,Plasma,ThetaBase Services,2,4,strict,2,True,False,4237,8225,41165,100,10,10,10,10,10,10,1,0.07,8225,0.95,Barbados,31,False
United Kingdom,Type V5,Plasma,ThetaBase Services,1,2,strict,1,True,False,1507,39967,42335,89,10,8,9,10,9,9,12,1.1,39967,1,Switzerland,1,False
Malta,Type V2,Quantum,ThetaBase Services,1,4,strict,2,False,False,1884,22321,41188,95,10,10,10,10,10,10,60,4.97,22321,1,United Kingdom,16,False
United Kingdom,Type V5,Plasma,ThetaBase Services,2,5,moderate,3,False,False,2105,7027,27506,93,10,9,10,10,9,10,14,1,7027,1,Gibraltar,1,False
Barbados,Type V5,Plasma,ThetaBase Services,1,2,flexible,1,False,False,2040,28021,68117,89,9,9,10,10,10,9,32,2.29,28021,0.83,Isle of Man,2,False
Uzbekistan,Type V5,Quantum,ThetaBase Services,1,2,flexible,1,True,False,1143,48257,14548,83,9,9,10,10,10,9,6,0.43,48257,1,Kiribati,5,True
Uzbekistan,Type V5,Quantum,ThetaBase Services,1,3,flexible,2,True,False,1143,48257,14896,77,8,8,9,10,8,9,6,0.45,48257,1,Kiribati,5,True
Malta,Type V5,Plasma,ThetaBase Services,2,4,strict,2,False,False,2170,28828,61276,93,10,9,10,10,9,10,16,1.22,28828,1,Isle of Man,198,True
Rwanda,Type F5,Quantum,ThetaBase Services,1,2,strict,1,True,False,1429,12591,73694,99,10,10,10,10,10,10,18,1.4,12591,1,Maldives,4,True
United Kingdom,Type V5,Quantum,ThetaBase Services,1,2,flexible,1,False,False,1195,21239,46927,100,10,10,10,10,10,10,15,1.08,21239,1,Denmark,1,False
Barbados,Type V5,Plasma,ThetaBase Services,1,4,strict,2,False,False,2040,20120,1448,89,9,9,10,9,9,9,47,3.39,20120,1,Wallis and Futuna,10,False
Indonesia,Type F5,Quantum,ThetaBase Services,2,2,moderate,2,True,False,1234,31718,64079,90,10,9,10,10,9,9,21,1.5,31718,1,France,6,False
Russian Federation,Type V5,Quantum,ThetaBase Services,1,2,moderate,1,False,False,1780,33523,72595,96,10,10,10,10,10,10,95,7.29,33523,1,Venezuela,2,False
Uzbekistan,Type V7,Quantum,ThetaBase Services,1,2,strict,2,False,False,1390,24567,28212,87,9,8,9,9,9,9,28,1.98,24567,0.9,Costa Rica,2,False
Malta,Type V5,Plasma,ThetaBase Services,2,4,strict,2,True,False,3210,4847,58680,100,10,10,10,10,10,10,1,0.38,4847,1,Indonesia,3,True
Pakistan,Type F5,Quantum,ThetaBase Services,3,6,strict,3,False,False,1390,838,68894,99,10,10,10,10,10,10,69,5.46,838,1,Cocos (Keeling) Islands,1,False
Wallis and Futuna,Type F5,Quantum,ThetaBase Services,1,2,flexible,0,False,False,1689,18088,36506,100,10,10,10,10,10,10,15,1.5,18088,1,Marshall Islands,3,True
Gambia,Type V2,Quantum,ThetaBase Services,1,3,flexible,2,True,False,1182,37823,62637,94,10,10,10,10,9,10,22,1.61,37823,1,Gambia,3,False
Barbados,Type V5,Plasma,ThetaBase Services,1,2,strict,2,False,False,2040,20120,48621,85,9,9,9,10,9,9,39,2.81,20120,1,Wallis and Futuna,10,False
Rwanda,Type V5,Plasma,ThetaBase Services,0,4,strict,2,True,False,1845,4856,14739,85,9,8,9,9,9,9,44,3.32,4856,1,Philippines,5,False
Rwanda,Type V5,Quantum,ThetaBase Services,1,1,moderate,1,True,False,1325,7264,29559,85,9,9,9,9,9,9,30,2.36,7264,1,Philippines,9,False
Malta,Type V5,Plasma,ThetaBase Services,1,4,strict,1,False,False,3470,49330,1810,100,10,10,9,10,10,10,5,0.37,49330,1,Indonesia,1,False
Rwanda,Type V5,Plasma,ThetaBase Services,2,8,strict,3,True,False,2690,33873,17979,89,9,10,8,8,9,9,7,0.52,33873,1,Turks and Caicos Islands,8,True
Malta,Type V5,Plasma,ThetaBase Services,1,5,strict,3,True,False,870,49435,27654,91,9,9,10,9,9,9,33,2.44,49435,1,Marshall Islands,6,True
Switzerland,Type V5,Plasma,ThetaBase Services,2,7,strict,7,False,False,1910,44169,19630,70,10,6,6,10,10,6,2,0.15,44169,0.97,Portugal,39,False
Kiribati,Type F1,Quantum,ThetaBase Services,1,1,flexible,1,False,False,1130,39156,40807,94,10,9,10,10,9,10,38,2.81,39156,1,Nicaragua,1,False
Bouvet Island (Bouvetoya),Type V5,Plasma,ThetaBase Services,3,9,strict,4,False,False,4627,24026,1052,90,9,9,10,10,9,9,12,1.04,24026,0.98,Cape Verde,69,True
Micronesia,Type G0,Plasma,ThetaBase Services,0,4,strict,2,True,False,2820,11567,13497,80,6,8,10,10,10,8,1,0.19,11567,1,Niger,31,True
Nicaragua,Type V5,Quantum,ThetaBase Services,1,2,strict,1,False,False,1286,46195,13159,89,9,9,10,9,10,9,70,5.12,46195,0.89,Maldives,6,True
Malta,Type F5,Quantum,ThetaBase Services,1,2,moderate,1,False,False,1650,6140,60652,95,9,10,10,10,10,9,4,0.3,6140,1,Marshall Islands,3,False
Gambia,Type V5,Quantum,ThetaBase Services,1,2,strict,1,False,False,1780,41379,28064,99,10,10,10,10,10,10,52,3.97,41379,1,France,2,True
Rwanda,Type V5,Plasma,ThetaBase Services,1,6,strict,3,True,False,2417,8225,76370,100,10,10,10,9,9,10,3,0.34,8225,0.95,Barbados,31,False
Russian Federation,Type V5,Plasma,ThetaBase Services,1,2,moderate,1,False,False,1910,28719,56762,100,10,10,10,10,10,10,4,0.42,28719,1,Russian Federation,4,True
Malta,Type V5,Quantum,ThetaBase Services,1,2,moderate,1,False,False,1520,44488,7371,100,10,10,10,10,10,10,2,0.14,44488,1,Bahrain,1,False
Bouvet Island (Bouvetoya),Type V5,Quantum,ThetaBase Services,1,2,strict,1,False,False,1390,34678,15275,98,10,9,10,10,10,10,8,0.65,34678,0.89,Croatia,4,True
Rwanda,Type V5,Plasma,ThetaBase Services,3,6,strict,3,True,False,3275,34925,18448,94,10,9,10,10,9,10,30,2.41,34925,1,Maldives,1,False
Micronesia,Type V5,Plasma,ThetaBase Services,2,5,strict,3,True,False,6395,19958,62877,93,10,10,9,10,10,9,8,0.99,19958,1,Congo,40,True
Nicaragua,Type V5,Plasma,ThetaBase Services,3,8,strict,3,False,False,4055,6011,46594,91,9,9,9,10,10,9,28,2.09,6011,1,Cuba,1,False
Estonia,Type V5,Plasma,ThetaBase Services,0,4,strict,2,True,False,1598,44169,65721,80,8,8,9,9,9,8,17,1.25,44169,0.97,Portugal,39,False
Faroe Islands,Type V5,Quantum,ThetaBase Services,2,4,moderate,2,False,False,2170,39998,33246,95,10,10,10,10,9,10,22,1.65,39998,1,Micronesia,4,True
Niue,Type Z6,Quantum,ThetaBase Services,1,2,flexible,1,True,False,1481,49832,67792,97,10,10,10,10,9,9,28,2.04,49832,1,Bouvet Island (Bouvetoya),1,False
Micronesia,Type G0,Plasma,ThetaBase Services,0,4,moderate,1,True,False,2625,21240,19490,65,8,9,9,9,9,7,4,0.33,21240,0.94,Niger,130,False
Isle of Man,Type D4,Plasma,ThetaBase Services,2,6,strict,6,False,False,1975,19861,21968,100,10,10,10,10,10,10,2,0.17,19861,0.67,Togo,1,False
Estonia,Type V5,Plasma,ThetaBase Services,1,5,strict,3,True,False,1780,44169,10787,83,8,7,10,9,9,9,12,1.01,44169,0.97,Portugal,39,False
Estonia,Type V5,Plasma,ThetaBase Services,0,4,strict,3,False,False,1598,44169,17383,20,10,2,10,8,6,4,1,0.08,44169,0.97,Portugal,39,False
Sao Tome and Principe,Type V5,Plasma,ThetaBase Services,3,6,moderate,3,True,False,2560,1021,37528,100,10,10,10,10,10,10,4,0.47,1021,1,Jersey,1,False
Sao Tome and Principe,Type V5,Plasma,ThetaBase Services,1,2,strict,1,False,False,2157,19943,19733,100,10,10,10,10,10,10,1,0.08,19943,0.63,Isle of Man,34,False
Barbados,Type V5,Plasma,ThetaBase Services,1,4,strict,1,False,False,2625,43134,29282,95,10,10,10,10,10,9,20,1.52,43134,1,Suriname,6,False
Malta,Type F5,Quantum,ThetaBase Services,1,2,strict,1,False,False,1377,36726,28675,94,10,9,10,10,10,10,43,3.14,36726,0.94,Mexico,6,False
Nicaragua,Type V5,Plasma,ThetaBase Services,3,8,strict,3,False,False,4380,9354,1295,96,10,9,9,10,10,9,19,1.41,9354,1,Spain,12,False
Barbados,Type V5,Quantum,ThetaBase Services,1,1,strict,1,True,False,1650,24118,26510,95,10,10,10,10,10,9,26,1.89,24118,0.98,Ghana,21,True
Guinea,Type V5,Plasma,ThetaBase Services,1,4,flexible,1,True,False,3145,5166,53274,97,10,10,10,10,10,10,15,1.17,5166,1,Ecuador,16,True
United Kingdom,Type V5,Plasma,ThetaBase Services,1,2,strict,1,False,False,1845,4820,41122,99,10,10,10,10,10,10,22,1.6,4820,1,Lithuania,2,True
Anguilla,Type V5,Plasma,ThetaBase Services,1,4,strict,1,False,False,1780,28828,37461,93,10,10,9,9,9,9,3,0.22,28828,1,Isle of Man,198,True
Malta,Type V2,Quantum,ThetaBase Services,1,1,moderate,1,False,False,1234,27017,26096,96,10,10,10,10,9,10,43,3.61,27017,1,Senegal,2,True
Estonia,Type V5,Plasma,ThetaBase Services,1,4,strict,3,False,False,1650,44169,30327,72,7,6,8,8,7,7,5,0.37,44169,0.97,Portugal,39,False
Uzbekistan,Type V7,Plasma,ThetaBase Services,2,8,strict,2,False,False,4081,35522,31974,100,10,8,8,10,10,8,2,0.15,35522,1,Kiribati,10,False
Nicaragua,Type G0,Plasma,ThetaBase Services,3,8,moderate,3,False,False,4770,3274,37278,83,8,9,8,9,10,8,13,0.99,3274,0.86,Barbados,24,False
Nicaragua,Type V5,Plasma,ThetaBase Services,1,2,strict,1,False,False,1897,1013,42878,92,9,10,9,10,10,9,104,7.52,1013,1,Venezuela,4,False
Uzbekistan,Type F5,Quantum,ThetaBase Services,1,2,strict,1,True,False,1247,19682,63456,92,9,9,10,10,9,10,25,1.82,19682,1,Faroe Islands,15,True
Estonia,Type V5,Plasma,ThetaBase Services,0,4,strict,3,True,False,1650,44169,56345,85,9,8,10,9,9,8,11,1.05,44169,0.97,Portugal,39,False
United Kingdom,Type V5,Plasma,ThetaBase Services,2,6,strict,2,False,False,2170,28828,32753,98,10,10,10,10,10,10,27,2.18,28828,1,Isle of Man,198,True
Barbados,Type V5,Plasma,ThetaBase Services,1,2,strict,1,True,False,2560,15567,3347,91,9,9,10,10,10,9,11,0.84,15567,1,Slovakia (Slovak Republic),4,False
Rwanda,Type V5,Quantum,ThetaBase Services,1,2,moderate,2,True,False,1637,7264,72476,81,9,8,9,9,9,9,34,2.58,7264,1,Philippines,9,False
Rwanda,Type V5,Quantum,ThetaBase Services,1,2,strict,1,False,False,1884,46254,38455,86,9,8,10,9,10,9,22,1.83,46254,1,Venezuela,4,False
Wallis and Futuna,Type F5,Quantum,ThetaBase Services,1,1,moderate,1,False,False,1299,37544,28255,98,10,10,10,10,10,10,25,2.25,37544,1,Malta,2,False
Rwanda,Type V5,Plasma,ThetaBase Services,0,2,flexible,1,True,False,1780,32679,71354,80,8,10,10,10,10,8,2,0.15,32679,1,Papua New Guinea,1,True
Rwanda,Type V5,Quantum,ThetaBase Services,1,2,moderate,0,False,False,1884,46254,67223,91,10,9,10,10,10,9,18,1.36,46254,1,Venezuela,4,False
Rwanda,Type V2,Quantum,ThetaBase Services,1,1,strict,1,True,False,1143,37293,28065,91,9,9,9,10,9,9,16,1.19,37293,0.92,Russian Federation,15,False
Micronesia,Type V5,Nuclear,ThetaBase Services,1,2,flexible,1,False,False,1260,28763,56304,80,9,10,9,10,9,6,3,0.24,28763,0.67,Rwanda,2,False
Rwanda,Type V5,Plasma,ThetaBase Services,3,8,strict,4,False,False,4744,46254,15730,78,9,7,10,10,10,9,12,0.95,46254,1,Venezuela,4,False
Nicaragua,Type V5,Plasma,ThetaBase Services,1,4,strict,2,False,False,1871,1013,6705,94,10,10,10,10,10,9,99,7.23,1013,1,Venezuela,4,False
Rwanda,Type G0,Plasma,ThetaBase Services,1,2,strict,1,False,False,3132,3389,49830,90,10,9,9,10,10,9,8,0.65,3389,1,Estonia,13,False
Rwanda,Type V5,Plasma,ThetaBase Services,1,6,strict,3,True,False,1910,4856,19875,83,9,9,9,9,9,9,14,1.1,4856,1,Philippines,5,False
Rwanda,Type V5,Quantum,ThetaBase Services,1,2,flexible,1,True,False,1377,46099,52683,83,9,8,9,9,9,9,68,5.06,46099,0.98,Uzbekistan,28,False
Barbados,Type V5,Plasma,ThetaBase Services,3,7,strict,4,False,False,4380,33823,56719,81,9,9,10,9,10,9,15,1.4,33823,0.78,France,17,True
Russian Federation,Type V5,Quantum,ThetaBase Services,1,2,strict,1,True,False,1260,46195,67141,95,10,9,10,10,10,10,92,7.06,46195,0.89,Maldives,6,True
Kenya,Type V2,Quantum,ThetaBase Services,1,2,strict,1,True,False,1234,41,11134,96,9,9,10,10,10,10,10,0.74,41,1,Portugal,2,False
Sao Tome and Principe,Type V5,Plasma,ThetaBase Services,2,4,moderate,2,False,False,2430,46089,28109,100,10,10,10,10,10,10,2,0.16,46089,1,Sao Tome and Principe,3,True
Malta,Type V5,Plasma,ThetaBase Services,2,4,strict,2,False,False,2560,37565,20201,100,10,10,10,10,10,9,6,0.46,37565,1,Slovenia,1,True
Gambia,Type V5,Quantum,ThetaBase Services,1,2,moderate,1,False,False,1897,46912,862,100,10,10,9,10,10,10,7,0.52,46912,0,France,1,True
Russian Federation,Type V5,Quantum,ThetaBase Services,1,2,flexible,1,False,False,1585,39847,57519,99,10,10,10,10,10,10,44,3.36,39847,1,Venezuela,1,False
Barbados,Type G0,Plasma,ThetaBase Services,1,4,strict,1,False,False,3015,4267,17539,91,9,10,9,9,9,9,13,1.05,4267,1,Senegal,22,True
Uzbekistan,Type G0,Plasma,ThetaBase Services,2,8,strict,5,False,False,4081,35522,3579,84,9,9,8,9,10,8,5,0.5,35522,1,Kiribati,10,False
Nicaragua,Type V5,Plasma,ThetaBase Services,2,4,strict,2,False,False,2430,28828,16389,87,9,9,9,9,9,9,8,0.66,28828,1,Isle of Man,198,True
Russian Federation,Type V5,Plasma,ThetaBase Services,1,2,strict,1,False,False,1910,22538,66762,98,10,10,10,10,10,10,23,1.73,22538,1,Gambia,1,True
Barbados,Type V5,Plasma,ThetaBase Services,2,3,strict,2,False,False,2300,45191,5949,91,9,9,9,10,10,9,19,1.41,45191,1,Montserrat,3,True
Estonia,Type V5,Plasma,ThetaBase Services,0,1,strict,1,True,False,1520,44169,6741,93,10,9,10,10,9,9,12,0.99,44169,0.97,Portugal,39,False
Rwanda,Type G0,Plasma,ThetaBase Services,2,5,strict,2,True,False,3028,37646,36302,93,9,9,10,10,10,9,3,0.25,37646,1,Estonia,60,False
Niue,Type F5,Quantum,ThetaBase Services,1,2,moderate,1,True,False,1260,7246,850,88,9,9,9,9,9,9,15,1.14,7246,1,Niue,6,False
Costa Rica,Type V5,Plasma,ThetaBase Services,2,4,flexible,2,True,False,1845,14439,36465,100,10,8,10,10,10,10,1,0.09,14439,1,Svalbard & Jan Mayen Islands,1,False
Malta,Type G0,Plasma,ThetaBase Services,2,4,moderate,2,False,False,7370,4190,57532,85,9,9,8,9,9,9,21,1.62,4190,1,United Kingdom,2,False
Malta,Type V5,Plasma,ThetaBase Services,1,3,moderate,2,True,False,2105,16515,28140,95,10,10,10,10,10,10,8,0.7,16515,1,Indonesia,1,False
Malta,Type V5,Plasma,ThetaBase Services,1,2,strict,1,True,False,2430,14330,36754,100,10,10,10,10,10,10,6,0.48,14330,1,Indonesia,1,True
Barbados,Type V5,Plasma,ThetaBase Services,1,2,moderate,1,True,False,2040,7246,68332,83,10,7,10,10,10,9,8,0.61,7246,1,Niue,6,False
Barbados,Type V5,Plasma,ThetaBase Services,1,4,strict,1,False,False,3340,43134,8280,89,9,8,10,10,10,9,15,1.17,43134,1,Suriname,6,False
Rwanda,Type Z6,Plasma,ThetaBase Services,1,2,flexible,1,True,False,1650,26611,40829,96,10,10,10,10,9,10,17,1.4,26611,1,Papua New Guinea,2,False
Rwanda,Type V5,Plasma,ThetaBase Services,3,15,strict,0,False,False,5121,35522,23943,100,10,8,10,10,8,6,1,0.09,35522,1,Kiribati,10,False
Rwanda,Type V5,Plasma,ThetaBase Services,2,5,flexible,2,True,False,2690,19811,39830,86,9,9,9,9,10,9,7,0.57,19811,0.9,Nicaragua,21,True
Micronesia,Type V5,Plasma,ThetaBase Services,1,2,strict,1,True,False,7318,45111,63650,100,10,10,10,10,10,10,1,0.28,45111,1,Sao Tome and Principe,420,False
Barbados,Type V5,Plasma,ThetaBase Services,1,2,strict,1,True,False,5485,45111,13389,100,10,10,10,10,10,10,1,0.18,45111,1,Sao Tome and Principe,420,False
Barbados,Type V5,Plasma,ThetaBase Services,2,4,strict,2,True,False,13571,45111,1093,100,10,10,10,10,10,10,1,0.14,45111,1,Sao Tome and Principe,420,False
Micronesia,Type V5,Plasma,ThetaBase Services,3,6,moderate,3,False,False,3470,17819,25270,100,10,10,10,10,10,10,3,0.25,17819,1,Guinea,2,False
Russian Federation,Type V5,Plasma,ThetaBase Services,2,3,strict,4,True,False,9736,45111,52411,100,10,10,10,10,10,8,1,0.41,45111,1,Sao Tome and Principe,420,False
Sao Tome and Principe,Type V5,Plasma,ThetaBase Services,2,4,strict,2,True,False,6733,45111,8847,93,9,9,10,10,10,9,4,0.8,45111,1,Sao Tome and Principe,420,False
Nicaragua,Type V5,Plasma,ThetaBase Services,2,3,strict,3,True,False,11439,45111,70454,100,10,10,10,10,10,10,1,0.19,45111,1,Sao Tome and Principe,420,False
Rwanda,Type V5,Plasma,ThetaBase Services,1,4,moderate,2,True,False,1845,16047,9027,84,9,9,10,8,9,9,11,0.85,16047,0.8,Uzbekistan,6,False
Niue,Type F5,Quantum,ThetaBase Services,1,2,moderate,1,True,False,1260,7246,72865,89,10,9,9,10,9,9,39,2.96,7246,1,Niue,6,False
Sao Tome and Principe,Type V5,Plasma,ThetaBase Services,1,4,strict,1,True,False,2950,33873,6917,95,10,10,9,10,9,10,5,0.41,33873,1,Turks and Caicos Islands,8,True
Rwanda,Type F5,Plasma,ThetaBase Services,3,6,strict,3,False,False,2430,28828,20434,93,10,10,10,10,9,9,23,1.84,28828,1,Isle of Man,198,True
Anguilla,Type G0,Plasma,ThetaBase Services,1,2,flexible,1,False,False,2144,11125,15483,88,9,10,10,9,9,8,17,1.35,11125,1,Nicaragua,12,True
Niue,Type F5,Quantum,ThetaBase Services,1,2,strict,1,True,False,1182,7246,18825,88,9,9,9,9,9,9,19,1.53,7246,1,Niue,6,False
Malta,Type V5,Plasma,ThetaBase Services,2,5,strict,2,True,False,3067,41546,33623,100,10,10,10,10,10,10,2,0.16,41546,1,Mauritania,21,False
Sao Tome and Principe,Type V5,Plasma,ThetaBase Services,1,4,strict,2,False,False,2170,46443,33514,91,10,9,10,10,9,9,15,1.38,46443,0.75,Sao Tome and Principe,1,True
Malta,Type V5,Plasma,ThetaBase Services,1,3,strict,2,False,False,1910,12953,49629,93,9,9,9,9,9,9,20,1.57,12953,1,Guernsey,1,False
Nicaragua,Type V5,Plasma,ThetaBase Services,1,5,strict,2,False,False,2677,24026,26514,80,9,9,9,9,9,8,6,0.94,24026,0.98,Cape Verde,69,True
Brazil,Type V5,Quantum,ThetaBase Services,1,2,strict,1,False,False,1013,46195,55041,90,10,10,10,10,8,10,4,0.32,46195,0.89,Maldives,6,True
Uzbekistan,Type V5,Quantum,ThetaBase Services,1,2,flexible,1,True,False,1715,37980,43782,80,8,8,8,9,9,8,13,0.99,37980,0.75,Kiribati,1,False
Gambia,Type V2,Quantum,ThetaBase Services,1,1,moderate,1,False,False,1039,12357,40111,98,10,10,10,10,9,10,29,2.24,12357,1,Gambia,4,False
Barbados,Type V5,Plasma,ThetaBase Services,1,5,strict,1,True,False,2976,37307,60625,99,10,10,10,10,10,10,16,1.24,37307,0.75,Nicaragua,2,False
Kiribati,Type V5,Plasma,ThetaBase Services,2,6,moderate,3,True,False,3327,41546,18536,87,9,9,9,9,10,8,4,0.62,41546,1,Mauritania,21,False
Malta,Type V5,Plasma,ThetaBase Services,1,3,moderate,1,False,False,1806,2548,44768,93,10,10,10,10,9,9,95,7.36,2548,0.97,Marshall Islands,3,False
Russian Federation,Type V5,Plasma,ThetaBase Services,2,7,strict,3,False,False,2300,36206,71758,100,10,10,10,10,10,10,5,0.89,36206,0.86,Russian Federation,10,False
Barbados,Type V5,Quantum,ThetaBase Services,1,2,moderate,1,True,False,1910,49565,72154,84,9,9,9,9,10,8,18,1.48,49565,0.92,Uganda,14,False
Barbados,Type V5,Plasma,ThetaBase Services,0,2,moderate,1,False,False,1910,49565,20929,90,10,9,10,9,10,9,16,1.7,49565,0.92,Uganda,14,False
Barbados,Type V5,Plasma,ThetaBase Services,1,2,moderate,1,False,False,2430,49565,59550,88,9,8,9,9,10,9,10,0.83,49565,0.92,Uganda,14,False
Barbados,Type V5,Quantum,ThetaBase Services,1,2,moderate,1,True,False,1910,49565,37254,86,9,8,9,9,10,8,13,1.07,49565,0.92,Uganda,14,False
Niue,Type V2,Quantum,ThetaBase Services,1,4,strict,3,False,False,1403,26780,37383,73,8,10,8,7,9,8,6,0.51,26780,1,Guinea,7,False
Malta,Type V5,Plasma,ThetaBase Services,1,3,flexible,1,False,False,2040,3713,10886,100,8,10,10,10,10,10,1,0.09,3713,0,El Salvador,1,False
Micronesia,Type V5,Plasma,ThetaBase Services,2,2,strict,1,False,False,1975,18306,51142,93,9,9,10,10,10,9,6,0.5,18306,0.9,Jersey,5,False
Nicaragua,Type V5,Plasma,ThetaBase Services,1,3,strict,0,True,False,2807,8225,66944,95,10,10,8,10,10,9,4,0.34,8225,0.95,Barbados,31,False
Malta,Type V5,Quantum,ThetaBase Services,1,2,strict,1,False,False,1390,3047,982,97,10,9,10,10,9,10,50,4.02,3047,1,Brazil,1,False
Barbados,Type V5,Quantum,ThetaBase Services,1,2,moderate,1,True,False,1520,3571,27953,100,10,10,10,10,10,10,11,1.01,3571,1,Bouvet Island (Bouvetoya),3,True
United Kingdom,Type F5,Quantum,ThetaBase Services,1,4,strict,2,True,False,1585,46872,46378,86,9,9,9,9,10,9,85,6.61,46872,1,Nicaragua,9,False
Rwanda,Type G0,Plasma,ThetaBase Services,2,5,strict,2,True,False,3028,37646,61135,100,10,10,10,10,10,10,1,0.13,37646,1,Estonia,60,False
Rwanda,Type V5,Plasma,ThetaBase Services,1,4,strict,2,False,False,2105,6894,13113,80,8,7,7,8,10,7,2,0.19,6894,0.8,Estonia,47,True
Indonesia,Type V5,Plasma,ThetaBase Services,2,4,flexible,2,False,False,1585,22091,55203,87,9,8,10,9,10,8,6,0.49,22091,1,Faroe Islands,9,False
Uzbekistan,Type V5,Plasma,ThetaBase Services,2,4,strict,2,True,False,3210,687,33568,100,10,8,10,10,10,10,1,0.09,687,1,Kiribati,2,True
Barbados,Type V5,Plasma,ThetaBase Services,1,4,moderate,3,True,False,2274,38458,15239,97,10,9,10,10,10,9,6,0.48,38458,1,Montserrat,6,True
Niue,Type V5,Plasma,ThetaBase Services,2,4,strict,2,True,False,2274,45793,1294,96,10,9,9,10,10,9,10,0.87,45793,1,Niue,5,True
Rwanda,Type V5,Plasma,ThetaBase Services,2,4,strict,2,False,False,2430,15859,20466,92,10,10,10,9,9,9,21,1.64,15859,1,Zimbabwe,1,False
United Kingdom,Type V5,Quantum,ThetaBase Services,1,1,strict,1,False,False,1585,35841,37281,96,10,10,10,10,10,10,5,0.69,35841,1,Saint Helena,4,False
Niue,Type V5,Quantum,ThetaBase Services,0,2,moderate,1,True,False,1260,7246,20470,82,8,8,9,10,9,9,13,1.02,7246,1,Niue,6,False
United Kingdom,Type V5,Quantum,ThetaBase Services,1,2,moderate,1,True,False,1195,35104,36981,97,10,10,10,10,10,10,27,2.93,35104,1,Switzerland,2,False
Malta,Type V5,Plasma,ThetaBase Services,2,7,strict,6,True,False,1975,27652,29806,92,10,9,10,10,9,9,18,1.42,27652,1,El Salvador,5,False
Barbados,Type V5,Plasma,ThetaBase Services,3,8,strict,4,False,False,2157,43134,32633,83,9,9,10,9,9,8,23,1.79,43134,1,Suriname,6,False
Bouvet Island (Bouvetoya),Type V5,Quantum,ThetaBase Services,1,2,moderate,1,False,False,1416,15695,26173,96,10,9,10,10,10,9,71,5.61,15695,1,Malawi,2,True
Barbados,Type V5,Plasma,ThetaBase Services,1,3,strict,3,False,False,3015,4330,24834,100,8,10,10,10,10,10,1,0.42,4330,0.94,Ukraine,60,True
Rwanda,Type V5,Quantum,ThetaBase Services,1,2,flexible,1,True,False,1715,30985,52326,95,10,9,10,10,10,10,11,2.02,30985,1,Uzbekistan,5,False
Malta,Type V5,Quantum,ThetaBase Services,1,2,strict,1,True,False,1715,33961,25392,99,10,10,10,10,10,10,119,9.15,33961,1,Indonesia,3,True
Rwanda,Type V5,Quantum,ThetaBase Services,1,2,flexible,1,True,False,1377,46099,76842,86,9,9,9,10,9,9,60,4.77,46099,0.98,Uzbekistan,28,False
Rwanda,Type V5,Quantum,ThetaBase Services,1,4,flexible,3,True,False,1468,46099,27249,85,9,8,9,9,9,9,69,5.55,46099,0.98,Uzbekistan,28,False
Nicaragua,Type V5,Plasma,ThetaBase Services,2,6,strict,3,False,False,2950,3314,41904,98,10,10,10,10,10,9,20,1.57,3314,1,Slovakia (Slovak Republic),10,False
Kenya,Type V5,Quantum,ThetaBase Services,1,1,strict,1,True,False,1221,5757,50809,100,10,10,10,10,10,9,9,0.71,5757,1,Portugal,2,False
Malta,Type F5,Quantum,ThetaBase Services,1,2,strict,1,True,False,1520,46872,28201,85,9,9,9,9,9,8,56,4.36,46872,1,Nicaragua,9,False
Malta,Type V5,Quantum,ThetaBase Services,1,2,moderate,1,False,False,2040,5296,20747,90,10,9,10,10,10,9,2,0.24,5296,1,Mauritania,4,False
Malta,Type V5,Plasma,ThetaBase Services,2,6,moderate,3,False,False,3080,5296,42246,97,10,10,10,10,10,9,24,2.52,5296,1,Mauritania,4,False
Malta,Type V5,Quantum,ThetaBase Services,1,2,moderate,1,True,False,1741,5296,74445,98,10,10,10,10,10,10,37,3.44,5296,1,Mauritania,4,False
Barbados,Type V5,Plasma,ThetaBase Services,1,2,moderate,1,False,False,2105,11744,4534,100,10,10,10,10,9,9,6,0.52,11744,1,Kenya,4,False
Malta,Type V5,Quantum,ThetaBase Services,1,1,flexible,1,False,False,1546,44544,3002,100,10,10,10,10,10,10,1,0.09,44544,0,Gibraltar,2,False
United Kingdom,Type V5,Plasma,ThetaBase Services,2,4,strict,2,False,False,2170,28828,3638,100,10,10,9,10,10,10,4,0.35,28828,1,Isle of Man,198,True
Russian Federation,Type V5,Plasma,"Banks, Wood and Phillips",2,5,strict,2,False,False,2430,28828,41496,95,10,9,10,10,10,10,23,1.86,28828,1,Isle of Man,198,True
Malta,Type V5,Plasma,ThetaBase Services,1,2,flexible,1,False,False,1780,44793,69906,98,10,10,10,10,9,9,20,1.76,44793,1,Guernsey,1,False
Barbados,Type V7,Plasma,ThetaBase Services,1,3,strict,2,False,False,2690,39109,14927,90,9,10,10,10,10,10,8,0.64,39109,0.77,Ukraine,24,True
Russian Federation,Type F5,Quantum,ThetaBase Services,1,1,strict,1,True,False,1286,36524,74652,96,10,10,10,10,10,10,62,5.41,36524,1,Saint Helena,8,True
Bouvet Island (Bouvetoya),Type F5,Quantum,ThetaBase Services,1,2,moderate,2,False,False,1247,4011,64756,90,9,9,9,9,7,9,4,0.35,4011,1,French Guiana,3,False
Bouvet Island (Bouvetoya),Type V2,Quantum,ThetaBase Services,1,2,moderate,1,False,False,1377,4011,468,100,10,10,10,10,10,9,5,0.42,4011,1,French Guiana,3,False
Faroe Islands,Type V5,Plasma,ThetaBase Services,0,2,flexible,1,False,False,1364,7970,41524,100,10,10,6,8,10,10,1,0.1,7970,0.9,Isle of Man,3,True
Nicaragua,Type V5,Quantum,ThetaBase Services,1,2,flexible,1,False,False,1390,48575,63630,100,10,10,10,10,10,10,2,0.24,48575,0.67,Jersey,3,False
Micronesia,Type G0,Plasma,ThetaBase Services,2,5,strict,2,True,False,4770,2743,28205,100,10,10,10,10,10,9,3,0.31,2743,0.97,China,23,False
Uzbekistan,Type F5,Plasma,ThetaBase Services,2,5,moderate,3,False,False,2040,21232,30906,97,10,9,10,10,9,10,18,1.72,21232,0.9,Kiribati,2,True
Barbados,Type F5,Plasma,ThetaBase Services,5,11,strict,6,False,False,8020,4330,66421,93,9,9,9,9,9,9,3,0.75,4330,0.94,Ukraine,60,True
Nicaragua,Type V5,Plasma,ThetaBase Services,2,5,moderate,2,False,False,3457,28172,42087,100,10,10,10,10,10,10,7,0.67,28172,1,Isle of Man,1,False
Niue,Type Z6,Quantum,ThetaBase Services,1,1,moderate,1,True,False,1195,7246,12674,83,9,8,9,9,9,9,24,1.88,7246,1,Niue,6,False
Russian Federation,Type V5,Quantum,ThetaBase Services,1,2,strict,1,True,False,1325,37043,49398,91,10,9,9,10,10,9,28,3.77,37043,1,Pakistan,11,False
Russian Federation,Type V5,Quantum,ThetaBase Services,1,1,strict,1,True,False,1390,37043,12224,92,10,9,9,10,10,9,31,3.39,37043,1,Pakistan,11,False
Russian Federation,Type V5,Plasma,ThetaBase Services,2,4,strict,2,False,False,2820,44547,16951,91,9,10,9,9,10,9,19,1.6,44547,1,Venezuela,1,False
Malta,Type F5,Plasma,ThetaBase Services,2,6,flexible,2,False,False,2170,1783,73362,98,10,10,10,10,10,9,20,1.78,1783,1,Tunisia,2,True
Anguilla,Type V5,Quantum,ThetaBase Services,1,1,strict,1,True,False,1910,20466,57714,96,10,9,10,10,9,10,19,3.29,20466,1,Anguilla,1,False
Micronesia,Type G0,Plasma,ThetaBase Services,1,3,strict,1,False,False,2365,30283,43864,100,10,8,10,10,10,10,1,0.36,30283,1,Brazil,15,False
Sao Tome and Principe,Type V5,Plasma,ThetaBase Services,1,2,strict,1,False,False,1910,219,76793,95,10,9,10,10,10,10,4,0.32,219,1,Congo,2,False
Micronesia,Type V5,Plasma,ThetaBase Services,2,4,strict,2,False,False,2417,11744,46533,87,9,9,8,9,10,9,6,2.4,11744,1,Kenya,4,False
Sao Tome and Principe,Type V5,Plasma,ThetaBase Services,1,4,strict,2,True,False,2820,16596,53132,89,9,10,9,9,8,9,15,1.74,16596,1,Congo,3,False
Malta,Type D4,Plasma,ThetaBase Services,2,4,moderate,2,True,False,1221,7500,1531,100,10,10,10,10,10,10,1,0.08,7500,1,Paraguay,8,True
Niue,Type F5,Plasma,ThetaBase Services,3,5,strict,4,False,False,1910,28828,38751,100,10,10,10,10,9,9,2,0.17,28828,1,Isle of Man,198,True
Sao Tome and Principe,Type F5,Plasma,ThetaBase Services,3,7,strict,3,True,False,7422,8225,31050,99,10,10,10,10,9,9,21,1.85,8225,0.95,Barbados,31,False
Micronesia,Type V5,Plasma,ThetaBase Services,2,6,strict,2,True,False,3990,8225,10526,90,9,9,10,10,9,9,10,0.82,8225,0.95,Barbados,31,False
Barbados,Type V5,Quantum,ThetaBase Services,1,2,strict,1,True,False,1650,41518,12910,92,9,10,9,9,9,8,12,0.98,41518,1,Montserrat,13,True
Barbados,Type F5,Quantum,ThetaBase Services,1,3,strict,1,True,False,1650,41518,59964,95,10,9,10,10,9,9,11,0.89,41518,1,Montserrat,13,True
Bouvet Island (Bouvetoya),Type V5,Quantum,ThetaBase Services,1,2,moderate,1,True,False,1247,20265,61851,96,10,9,9,10,8,9,5,0.54,20265,1,Malawi,3,False
Rwanda,Type V5,Quantum,ThetaBase Services,1,2,flexible,1,True,False,1390,46099,52882,81,9,8,9,10,9,9,65,5.15,46099,0.98,Uzbekistan,28,False
Kiribati,Type G0,Plasma,ThetaBase Services,1,3,strict,1,False,False,2430,1024,71554,80,8,9,10,8,10,9,4,0.37,1024,1,Nicaragua,2,False
Niue,Type V2,Quantum,ThetaBase Services,1,4,strict,3,False,False,1377,6700,6117,60,8,6,10,10,8,8,1,0.15,6700,1,Guinea,7,False
Niue,Type V5,Plasma,ThetaBase Services,2,4,moderate,2,False,False,1650,45041,32256,100,10,10,10,10,10,10,1,0.09,45041,1,Niue,2,False
Nicaragua,Type V5,Plasma,ThetaBase Services,0,2,strict,1,False,False,1897,43108,48128,99,10,10,10,10,10,10,20,1.77,43108,1,Vietnam,2,False
Rwanda,Type V5,Quantum,ThetaBase Services,1,2,flexible,1,True,False,1403,46099,44607,78,9,7,9,9,9,9,86,6.94,46099,0.98,Uzbekistan,28,False
Micronesia,Type G0,Plasma,ThetaBase Services,1,5,strict,4,False,False,3145,30283,32125,80,7,10,9,9,9,8,3,0.31,30283,1,Brazil,15,False
Nicaragua,Type V5,Quantum,ThetaBase Services,1,2,strict,1,True,False,1455,45089,41730,96,10,10,10,10,10,9,5,0.63,45089,1,Jersey,1,False
Gambia,Type V5,Plasma,ThetaBase Services,1,3,flexible,1,True,False,1715,18368,20204,80,10,10,10,8,10,10,1,0.25,18368,1,Gambia,2,False
United Kingdom,Type V5,Quantum,ThetaBase Services,1,2,strict,1,True,False,2040,39353,73583,100,10,10,10,10,10,10,5,0.48,39353,1,Lithuania,2,True
Sao Tome and Principe,Type V5,Plasma,ThetaBase Services,2,5,moderate,3,True,False,2885,41546,3811,72,9,8,9,9,8,8,5,0.64,41546,1,Mauritania,21,False
Brazil,Type G0,Plasma,ThetaBase Services,2,6,strict,5,True,False,1845,9693,48102,95,10,10,10,10,10,9,11,0.95,9693,1,Vanuatu,8,False
Micronesia,Type V5,Plasma,ThetaBase Services,2,6,strict,3,False,False,4887,48502,62774,90,10,9,10,10,10,9,2,0.17,48502,1,Nicaragua,11,True
Niue,Type V5,Quantum,ThetaBase Services,1,2,moderate,1,False,False,1390,45793,56726,100,10,10,10,10,10,10,17,1.69,45793,1,Niue,5,True
Rwanda,Type F5,Plasma,ThetaBase Services,3,7,strict,3,False,False,3015,27306,43724,98,10,9,10,10,10,10,8,1.29,27306,1,Kiribati,2,False
Barbados,Type V2,Plasma,ThetaBase Services,2,6,moderate,2,True,False,3210,8842,20235,97,10,10,10,10,10,9,14,1.39,8842,1,Slovakia (Slovak Republic),3,False
Barbados,Type V5,Plasma,ThetaBase Services,2,4,strict,2,True,False,5420,15567,29804,85,10,10,10,9,10,9,4,0.33,15567,1,Slovakia (Slovak Republic),4,False
Bouvet Island (Bouvetoya),Type V5,Plasma,ThetaBase Services,2,5,flexible,2,False,False,2300,24114,62290,93,10,8,10,10,9,9,21,1.68,24114,0.7,Lebanon,2,True
Rwanda,Type F5,Quantum,ThetaBase Services,1,1,flexible,1,False,False,1195,43344,28134,100,10,10,10,10,10,10,1,0.38,43344,0.6,Maldives,5,False
Bouvet Island (Bouvetoya),Type V5,Quantum,ThetaBase Services,1,2,flexible,1,False,False,1650,24114,42476,98,10,10,10,10,10,10,10,0.81,24114,0.7,Lebanon,2,True
Barbados,Type V5,Plasma,ThetaBase Services,2,4,moderate,2,False,False,5095,18077,28386,100,10,10,10,10,10,8,2,0.13,18077,1,Sao Tome and Principe,139,False
Malta,Type V5,Plasma,ThetaBase Services,2,4,moderate,2,False,False,2365,18077,6748,97,10,10,10,10,10,10,6,0.4,18077,1,Sao Tome and Principe,139,False
Sao Tome and Principe,Type F5,Plasma,ThetaBase Services,3,5,moderate,3,False,False,3730,18077,31019,100,10,10,10,10,10,9,2,0.16,18077,1,Sao Tome and Principe,139,False
Rwanda,Type G0,Plasma,ThetaBase Services,2,4,strict,2,False,False,2560,3274,45945,60,6,6,10,10,10,4,1,0.47,3274,0.86,Barbados,24,False
Malta,Type V5,Plasma,ThetaBase Services,1,2,moderate,1,False,False,2300,18077,71357,100,10,10,10,10,9,9,5,0.38,18077,1,Sao Tome and Principe,139,False
Rwanda,Type G0,Plasma,ThetaBase Services,2,4,strict,2,False,False,2560,3274,16486,100,10,10,10,10,10,10,1,0.13,3274,0.86,Barbados,24,False
Micronesia,Type F5,Plasma,ThetaBase Services,3,6,moderate,0,False,False,6070,18077,58777,100,10,10,10,10,10,10,6,0.44,18077,1,Sao Tome and Principe,139,False
Malta,Type Z6,Plasma,ThetaBase Services,2,4,moderate,2,False,False,3470,18077,15547,100,10,8,10,10,10,10,1,0.33,18077,1,Sao Tome and Principe,139,False
Barbados,Type V5,Plasma,ThetaBase Services,1,2,strict,1,False,False,2690,24033,70612,97,10,10,9,10,10,9,18,1.65,24033,1,Uganda,45,False
Rwanda,Type V5,Plasma,ThetaBase Services,1,2,moderate,1,True,False,2105,4939,55739,93,10,9,10,10,10,10,13,1.09,4939,1,Estonia,1,False
Sao Tome and Principe,Type F5,Plasma,ThetaBase Services,6,8,moderate,5,False,False,7370,18077,75975,100,10,8,10,10,10,10,1,0.09,18077,1,Sao Tome and Principe,139,False
Rwanda,Type G0,Plasma,ThetaBase Services,2,4,strict,2,False,False,2560,3274,44349,80,8,8,8,6,8,8,1,0.52,3274,0.86,Barbados,24,False
Rwanda,Type G0,Plasma,ThetaBase Services,1,4,strict,1,False,False,2170,3274,24234,80,7,8,9,8,10,7,2,0.2,3274,0.86,Barbados,24,False
Rwanda,Type G0,Plasma,ThetaBase Services,1,2,strict,1,False,False,2430,3274,31333,60,8,6,10,10,10,6,1,0.61,3274,0.86,Barbados,24,False
Malta,Type V2,Plasma,ThetaBase Services,4,8,moderate,6,False,False,6720,18077,16193,100,10,6,10,10,10,10,1,0.25,18077,1,Sao Tome and Principe,139,False
Rwanda,Type V5,Plasma,ThetaBase Services,0,2,flexible,1,False,False,1793,16047,44618,91,10,9,10,10,10,9,8,0.66,16047,0.8,Uzbekistan,6,False
Rwanda,Type G0,Plasma,ThetaBase Services,1,2,strict,1,False,False,2170,3274,17424,100,10,10,10,10,10,10,1,0.33,3274,0.86,Barbados,24,False
Rwanda,Type G0,Plasma,ThetaBase Services,2,5,strict,2,False,False,2430,3274,13308,95,10,10,10,10,10,9,4,0.37,3274,0.86,Barbados,24,False
Barbados,Type V5,Plasma,ThetaBase Services,1,4,flexible,2,False,False,2690,36716,16824,98,10,10,10,10,10,10,21,1.73,36716,1,Bosnia and Herzegovina,3,False
Uzbekistan,Type G0,Plasma,ThetaBase Services,2,6,strict,2,True,False,4029,3389,51005,97,10,9,10,10,10,9,12,1.14,3389,1,Estonia,13,False
Bouvet Island (Bouvetoya),Type F5,Quantum,ThetaBase Services,1,2,flexible,1,True,False,1390,651,23506,100,10,10,10,10,10,10,42,3.48,651,1,Lebanon,4,True
Estonia,Type F5,Quantum,ThetaBase Services,1,1,strict,1,False,False,1195,4225,53295,93,10,10,10,10,9,9,3,0.42,4225,1,Costa Rica,2,False
Russian Federation,Type V5,Plasma,ThetaBase Services,2,6,strict,3,False,False,2950,22457,17395,95,10,10,10,10,10,9,16,1.3,22457,0.8,Venezuela,1,False
Faroe Islands,Type V5,Plasma,ThetaBase Services,2,4,strict,2,False,False,2170,28828,15928,100,10,10,10,10,8,10,1,0.37,28828,1,Isle of Man,198,True
Costa Rica,Type V2,Quantum,ThetaBase Services,1,3,strict,3,False,False,1299,29480,61778,100,9,9,9,10,8,9,5,0.44,29480,1,French Polynesia,6,False
Micronesia,Type V5,Plasma,ThetaBase Services,1,4,flexible,1,False,False,2365,8707,12185,94,10,9,10,10,10,10,13,1.07,8707,0.73,Rwanda,21,True
Micronesia,Type V5,Plasma,ThetaBase Services,1,4,strict,1,True,False,2027,39952,45372,83,9,8,9,9,10,9,12,0.99,39952,1,Tonga,21,False
Rwanda,Type G0,Plasma,ThetaBase Services,2,5,strict,2,False,False,2690,3274,15111,80,9,9,10,9,9,8,5,0.43,3274,0.86,Barbados,24,False
Russian Federation,Type Z6,Quantum,ThetaBase Services,1,2,moderate,1,True,False,2820,33523,7835,97,10,10,10,10,10,10,23,5.61,33523,1,Venezuela,2,False
Barbados,Type V5,Plasma,ThetaBase Services,1,3,strict,1,True,False,2560,42286,18902,90,10,10,10,10,9,9,21,1.86,42286,0.94,Vietnam,9,True
Malta,Type V5,Plasma,ThetaBase Services,2,6,strict,3,True,False,2690,13641,27219,91,8,8,9,9,9,8,12,1.02,13641,0.85,Mauritania,23,False
Niue,Type Z6,Quantum,ThetaBase Services,1,4,moderate,2,True,False,3145,40620,1373,99,10,10,10,10,10,10,25,3.26,40620,1,Guinea,2,False
Niue,Type V5,Plasma,ThetaBase Services,2,4,flexible,2,False,False,1845,46290,27378,100,10,10,10,10,10,10,5,0.41,46290,1,Micronesia,2,False
Barbados,Type V5,Quantum,ThetaBase Services,1,2,strict,1,True,False,3340,42286,52727,100,10,10,10,10,10,9,11,0.97,42286,0.94,Vietnam,9,True
Malta,Type V5,Plasma,ThetaBase Services,1,4,strict,2,False,False,1910,36375,63106,100,10,10,10,10,10,9,2,0.18,36375,1,Mauritania,1,False
Bouvet Island (Bouvetoya),Type F5,Quantum,ThetaBase Services,1,2,flexible,1,False,False,1390,651,71697,99,10,10,10,10,9,10,57,5.72,651,1,Lebanon,4,True
Rwanda,Type V5,Plasma,ThetaBase Services,2,8,strict,4,True,False,2859,15004,19999,96,10,10,10,10,10,10,17,1.43,15004,1,Uzbekistan,88,False
Rwanda,Type V5,Plasma,ThetaBase Services,2,8,strict,4,True,False,2859,15004,51220,100,10,9,9,8,10,9,3,0.4,15004,1,Uzbekistan,88,False
Rwanda,Type V5,Plasma,ThetaBase Services,1,8,strict,4,True,False,2859,15004,57951,92,9,9,10,10,10,9,29,3.05,15004,1,Uzbekistan,88,False
Rwanda,Type G0,Plasma,ThetaBase Services,2,4,strict,2,False,False,2950,3274,58202,100,10,10,10,10,10,10,1,0.09,3274,0.86,Barbados,24,False
Micronesia,Type G0,Plasma,ThetaBase Services,0,4,moderate,1,True,False,2625,21240,46122,95,8,10,10,10,10,8,4,0.4,21240,0.94,Niger,130,False
Micronesia,Type G0,Plasma,ThetaBase Services,0,4,moderate,1,True,False,2625,21240,60708,80,10,10,6,5,10,8,2,0.23,21240,0.94,Niger,130,False
Rwanda,Type V7,Plasma,ThetaBase Services,3,6,moderate,0,False,False,4120,47033,14379,100,10,10,10,10,10,10,8,0.79,47033,1,Estonia,1,False
Rwanda,Type V5,Plasma,ThetaBase Services,1,2,strict,1,False,False,2170,15004,44289,100,10,10,10,10,10,10,1,0.09,15004,1,Uzbekistan,88,False
Rwanda,Type V5,Plasma,ThetaBase Services,1,2,strict,1,False,False,2417,6894,25563,87,7,8,9,9,9,8,3,0.26,6894,0.8,Estonia,47,True
Faroe Islands,Type V5,Plasma,ThetaBase Services,2,5,strict,2,False,False,2144,31314,60428,100,10,10,10,10,10,10,2,2,31314,1,Guinea,4,True
Niue,Type V5,Plasma,ThetaBase Services,1,3,strict,1,False,False,1715,44717,4358,95,10,10,10,10,9,9,20,1.68,44717,1,Monaco,2,True
Uzbekistan,Type V5,Plasma,ThetaBase Services,1,4,strict,2,True,False,1325,29123,54569,91,10,9,10,10,9,10,13,1.46,29123,1,Zimbabwe,16,True
Russian Federation,Type V5,Plasma,ThetaBase Services,2,4,strict,2,False,False,1910,28828,28816,100,10,9,10,10,10,10,7,0.61,28828,1,Isle of Man,198,True
Costa Rica,Type V2,Quantum,ThetaBase Services,1,3,strict,2,False,False,1260,29480,70360,100,10,9,10,10,10,10,7,1.04,29480,1,French Polynesia,6,False
Nicaragua,Type V5,Plasma,ThetaBase Services,2,4,strict,2,False,False,2690,24033,57060,100,10,10,9,10,10,10,5,0.42,24033,1,Uganda,45,False
Barbados,Type V5,Plasma,ThetaBase Services,3,10,flexible,5,False,False,4120,33823,23140,80,6,8,10,6,10,10,1,0.09,33823,0.78,France,17,True
Uzbekistan,Type F5,Quantum,ThetaBase Services,1,3,strict,1,False,False,1195,44218,30118,67,7,7,7,8,9,7,4,0.5,44218,1,Kiribati,3,False
Rwanda,Type G0,Plasma,ThetaBase Services,2,5,strict,2,True,False,3028,37646,49359,100,9,10,9,10,10,9,4,0.39,37646,1,Estonia,60,False
Barbados,Type O3,Quantum,ThetaBase Services,1,2,strict,1,False,False,1780,41518,18092,84,8,9,8,8,8,9,5,0.9,41518,1,Montserrat,13,True
Barbados,Type O3,Quantum,ThetaBase Services,1,3,strict,1,True,False,1585,41518,27863,97,10,10,10,10,10,9,22,2.2,41518,1,Montserrat,13,True
Barbados,Type O3,Quantum,ThetaBase Services,1,3,strict,1,True,False,1520,41518,43388,97,10,10,10,10,10,9,34,3.05,41518,1,Montserrat,13,True
Nicaragua,Type V5,Plasma,ThetaBase Services,1,2,moderate,1,True,False,2300,25239,71460,98,10,10,9,10,10,9,9,1.08,25239,1,Cape Verde,1,False
Costa Rica,Type V5,Quantum,ThetaBase Services,1,2,strict,1,False,False,1325,4816,54572,97,10,10,10,10,9,10,14,1.21,4816,0.9,Somalia,3,False
Malta,Type V2,Plasma,ThetaBase Services,6,10,moderate,6,True,False,5030,18077,11924,100,10,10,10,10,10,10,2,0.24,18077,1,Sao Tome and Principe,139,False
United Kingdom,Type V5,Plasma,ThetaBase Services,3,6,flexible,4,True,False,2131,37483,23880,98,10,9,10,10,9,10,22,1.94,37483,1,Gibraltar,3,False
Rwanda,Type V5,Plasma,ThetaBase Services,2,4,strict,2,False,False,2040,28828,33524,80,8,10,10,10,8,8,2,0.18,28828,1,Isle of Man,198,True
Micronesia,Type V5,Plasma,ThetaBase Services,1,2,strict,1,False,False,3340,12164,39132,100,10,9,10,10,10,10,3,0.26,12164,1,Nicaragua,8,False
Nicaragua,Type V5,Quantum,ThetaBase Services,1,2,strict,1,True,False,1377,4322,38340,73,9,7,10,9,9,9,9,0.86,4322,0.97,Tonga,32,False
Costa Rica,Type V5,Plasma,ThetaBase Services,2,5,strict,2,False,False,1910,4816,27248,87,10,8,9,9,9,9,12,1.05,4816,0.9,Somalia,3,False
Micronesia,Type V2,Plasma,ThetaBase Services,2,5,strict,2,True,False,7045,19958,20873,87,10,8,9,10,10,9,11,1.05,19958,1,Congo,40,True
Gambia,Type V2,Quantum,ThetaBase Services,1,3,moderate,1,False,False,1130,12357,65263,95,10,9,10,10,9,10,25,2.49,12357,1,Gambia,4,False
Malta,Type V5,Plasma,ThetaBase Services,1,4,strict,2,False,False,1585,27442,36567,98,10,10,10,10,9,10,49,4.5,27442,0.9,Solomon Islands,1,False
Rwanda,Type V5,Quantum,ThetaBase Services,1,2,moderate,1,True,False,1897,24117,59490,94,10,10,10,10,10,9,22,3.01,24117,1,Uzbekistan,1,False
Micronesia,Type G0,Plasma,ThetaBase Services,0,2,strict,1,True,False,2170,5771,65857,79,9,9,10,9,10,8,18,1.74,5771,0.98,Vietnam,8,False
Micronesia,Type G0,Plasma,ThetaBase Services,0,2,strict,1,True,False,2430,5771,16528,88,9,9,9,9,10,8,22,2.36,5771,0.98,Vietnam,8,False
Micronesia,Type G0,Plasma,ThetaBase Services,0,2,strict,1,True,False,2560,5771,55610,90,9,9,9,9,10,9,21,1.83,5771,0.98,Vietnam,8,False
Barbados,Type V5,Plasma,ThetaBase Services,1,4,strict,2,True,False,2170,8225,20856,90,9,10,9,9,9,9,20,2.23,8225,0.95,Barbados,31,False
Rwanda,Type V5,Quantum,ThetaBase Services,1,2,flexible,1,True,False,2690,24834,40553,100,10,10,10,10,10,10,24,4.71,24834,1,Maldives,1,True
Rwanda,Type F5,Quantum,ThetaBase Services,1,2,strict,1,False,False,1260,40366,28860,95,10,10,10,10,9,9,20,2.03,40366,0.97,Micronesia,14,True
United Kingdom,Type V5,Quantum,ThetaBase Services,1,2,flexible,1,True,False,1546,18557,31696,100,10,8,10,10,10,10,1,0.09,18557,0.67,Monaco,2,False
Barbados,Type F5,Quantum,ThetaBase Services,1,2,moderate,1,False,False,8020,19811,36931,80,10,10,8,8,10,6,1,0.09,19811,0.9,Nicaragua,21,True
Uzbekistan,Type V5,Quantum,ThetaBase Services,0,4,flexible,1,True,False,1143,48257,45216,80,7,8,7,9,9,9,3,0.46,48257,1,Kiribati,5,True
Rwanda,Type F5,Quantum,ThetaBase Services,1,2,strict,1,False,False,1260,40366,66306,93,9,9,10,10,10,10,19,1.84,40366,0.97,Micronesia,14,True
Rwanda,Type F5,Quantum,ThetaBase Services,1,1,strict,1,False,False,1260,40366,52348,89,9,9,10,10,9,9,19,1.64,40366,0.97,Micronesia,14,True
Rwanda,Type F5,Quantum,ThetaBase Services,1,2,strict,1,False,False,1260,40366,11974,85,9,9,10,10,9,9,22,2.08,40366,0.97,Micronesia,14,True
Malta,Type F5,Plasma,ThetaBase Services,4,8,moderate,4,True,False,2430,26485,41953,96,10,9,10,10,10,9,9,0.79,26485,1,Afghanistan,1,False
Nicaragua,Type V5,Plasma,ThetaBase Services,1,4,moderate,2,False,False,1780,33538,53865,96,10,10,10,10,10,9,5,0.47,33538,1,Isle of Man,1,False
Nicaragua,Type G0,Plasma,ThetaBase Services,1,3,strict,1,True,False,2872,37646,72327,98,9,10,10,10,10,10,8,0.7,37646,1,Estonia,60,False
Barbados,Type G0,Plasma,ThetaBase Services,1,3,strict,1,True,False,2872,37646,50205,71,7,9,8,7,9,8,10,0.96,37646,1,Estonia,60,False
Sao Tome and Principe,Type V5,Plasma,ThetaBase Services,3,6,strict,3,False,False,2560,10149,68936,100,10,10,10,10,10,10,2,0.23,10149,1,Isle of Man,1,False
Micronesia,Type V5,Plasma,ThetaBase Services,1,2,moderate,1,False,False,3210,18077,64748,100,10,10,10,10,10,9,3,0.83,18077,1,Sao Tome and Principe,139,False
Malta,Type V5,Plasma,ThetaBase Services,0,2,moderate,1,True,False,1650,18557,58891,91,9,8,9,9,10,9,9,0.82,18557,0.67,Monaco,2,False
Micronesia,Type G0,Plasma,ThetaBase Services,2,6,strict,4,True,False,5160,11567,40479,100,10,10,10,10,10,10,1,1,11567,1,Niger,31,True
Gambia,Type V7,Quantum,ThetaBase Services,1,2,moderate,1,False,False,1910,44895,10986,98,10,10,10,10,10,10,13,1.82,44895,1,France,3,True
United Kingdom,Type V5,Quantum,ThetaBase Services,3,2,flexible,1,False,False,1650,41447,55869,97,10,10,10,10,10,10,6,0.81,41447,0,Andorra,3,False
United Kingdom,Type V5,Quantum,ThetaBase Services,1,2,strict,1,False,False,1455,41447,69286,98,10,10,10,10,9,10,11,0.97,41447,0,Andorra,3,False
Barbados,Type F5,Quantum,ThetaBase Services,2,2,strict,2,True,False,1585,6984,67462,90,9,9,10,10,10,9,66,5.74,6984,1,Suriname,9,False
Barbados,Type F5,Quantum,ThetaBase Services,1,3,strict,3,True,False,1715,6984,12348,87,9,9,9,9,10,9,62,5.45,6984,1,Suriname,9,False
El Salvador,Type V5,Quantum,ThetaBase Services,1,2,flexible,1,True,False,1520,3490,14729,90,10,8,10,10,10,10,6,0.75,3490,1,Papua New Guinea,1,False
United Kingdom,Type V5,Quantum,ThetaBase Services,1,2,strict,1,False,False,1455,41447,61904,98,9,9,10,10,9,10,13,1.7,41447,0,Andorra,3,False
Barbados,Type F5,Quantum,ThetaBase Services,1,3,strict,2,True,False,1585,6984,68468,84,9,9,10,10,10,9,56,4.94,6984,1,Suriname,9,False
Malta,Type N0,Nuclear,ThetaBase Services,1,1,flexible,4,False,False,1013,31805,36464,86,9,8,9,9,9,9,41,3.77,31805,0.99,Mauritania,20,False
Micronesia,Type V5,Plasma,ThetaBase Services,2,6,moderate,3,True,False,2937,8225,3192,94,9,9,10,10,10,9,7,0.63,8225,0.95,Barbados,31,False
Nicaragua,Type V5,Plasma,ThetaBase Services,2,6,strict,3,False,False,3470,19943,53364,80,9,7,10,10,8,7,3,1.34,19943,0.63,Isle of Man,34,False
Malta,Type N0,Quantum,ThetaBase Services,1,4,flexible,4,False,False,1455,31805,34555,85,9,8,9,9,9,8,44,3.94,31805,0.99,Mauritania,20,False
Gambia,Type F5,Quantum,ThetaBase Services,1,2,flexible,1,True,False,1364,31063,66547,100,10,10,10,10,10,10,2,0.32,31063,1,Gambia,1,False
Rwanda,Type V5,Quantum,ThetaBase Services,1,2,flexible,1,True,False,1247,46099,45632,83,9,8,9,9,9,9,56,5.25,46099,0.98,Uzbekistan,28,False
Bouvet Island (Bouvetoya),Type V5,Quantum,ThetaBase Services,1,2,moderate,1,True,False,1390,12390,56743,91,10,9,9,10,9,9,12,1.06,12390,0.86,Uzbekistan,3,False
Costa Rica,Type V2,Quantum,ThetaBase Services,1,2,moderate,1,False,False,1325,6720,15640,98,10,10,10,10,10,10,13,1.22,6720,1,Micronesia,2,False
Barbados,Type F5,Quantum,ThetaBase Services,1,3,strict,3,True,False,1637,6984,7110,89,9,9,9,10,10,9,70,6.19,6984,1,Suriname,9,False
Barbados,Type V5,Plasma,ThetaBase Services,2,5,strict,3,False,False,5420,43428,41308,100,10,10,10,10,10,10,1,0.83,43428,0.73,Faroe Islands,9,True
Barbados,Type V5,Plasma,ThetaBase Services,3,7,strict,3,False,False,3730,43540,18772,100,10,10,10,10,10,10,1,0.09,43540,0.72,Bosnia and Herzegovina,25,False
Barbados,Type V5,Plasma,ThetaBase Services,1,4,strict,2,True,False,3665,15707,38540,80,10,10,9,8,8,9,4,0.45,15707,1,Vietnam,4,False
Russian Federation,Type V5,Plasma,ThetaBase Services,2,5,strict,2,False,False,1780,28828,11338,80,7,10,7,8,10,8,3,0.3,28828,1,Isle of Man,198,True
Isle of Man,Type E3,Quantum,ThetaBase Services,1,2,moderate,1,False,False,1520,5721,69685,80,8,9,10,10,9,9,7,1.14,5721,1,Togo,1,False
United Kingdom,Type F1,Quantum,ThetaBase Services,1,2,moderate,1,False,False,1650,9284,48437,99,10,10,10,10,10,10,41,4.01,9284,1,Nicaragua,4,False
United Kingdom,Type V2,Plasma,ThetaBase Services,1,2,moderate,1,False,False,1780,21949,59645,93,10,9,10,10,10,9,18,1.68,21949,1,Monaco,1,True
Barbados,Type V5,Plasma,ThetaBase Services,1,2,strict,1,False,False,3041,24033,7104,93,10,10,10,10,10,10,8,0.72,24033,1,Uganda,45,False
Isle of Man,Type F5,Quantum,ThetaBase Services,1,1,strict,1,True,False,1091,20796,71897,99,10,10,10,10,9,10,36,3.33,20796,1,Togo,2,False
Bouvet Island (Bouvetoya),Type V5,Plasma,ThetaBase Services,1,4,strict,2,True,False,2170,15004,5229,93,10,10,9,10,10,9,27,2.6,15004,1,Uzbekistan,88,False
Barbados,Type V5,Plasma,ThetaBase Services,1,3,strict,1,True,False,1910,3961,39499,93,10,10,10,10,9,9,24,2.21,3961,1,Fiji,8,False
Bouvet Island (Bouvetoya),Type V5,Plasma,ThetaBase Services,2,8,strict,4,True,False,3470,15004,69988,93,10,10,8,10,10,9,16,1.9,15004,1,Uzbekistan,88,False
Bouvet Island (Bouvetoya),Type V5,Plasma,ThetaBase Services,0,4,strict,2,True,False,2170,15004,15096,93,10,10,9,10,10,9,12,1.54,15004,1,Uzbekistan,88,False
Estonia,Type V5,Plasma,ThetaBase Services,0,4,strict,3,True,False,1650,44169,3171,90,10,9,10,10,9,9,9,0.88,44169,0.97,Portugal,39,False
Malta,Type V5,Quantum,ThetaBase Services,1,2,flexible,2,True,False,1520,41224,14017,99,10,10,10,10,10,10,19,1.99,41224,1,Mauritania,3,True
Nicaragua,Type V5,Plasma,ThetaBase Services,1,2,strict,1,True,False,2651,48575,64065,100,10,8,10,10,10,8,1,0.23,48575,0.67,Jersey,3,False
Rwanda,Type V5,Plasma,ThetaBase Services,1,2,strict,1,False,False,1832,6894,28248,60,6,6,6,6,5,5,2,0.18,6894,0.8,Estonia,47,True
United Kingdom,Type F1,Quantum,ThetaBase Services,1,1,moderate,1,False,False,1520,9284,49645,97,10,10,10,10,10,10,58,5.42,9284,1,Nicaragua,4,False
United Kingdom,Type F1,Quantum,ThetaBase Services,1,2,moderate,1,False,False,1650,9284,24539,97,10,10,10,10,10,10,51,4.69,9284,1,Nicaragua,4,False
Micronesia,Type V5,Quantum,ThetaBase Services,1,2,flexible,2,True,False,1884,48502,60551,92,9,9,10,10,10,9,83,7.76,48502,1,Nicaragua,11,True
Micronesia,Type V5,Quantum,ThetaBase Services,1,2,flexible,1,True,False,2170,48502,41621,86,9,9,9,9,10,9,32,2.92,48502,1,Nicaragua,11,True
Rwanda,Type V5,Plasma,ThetaBase Services,1,2,moderate,1,False,False,2066,33564,28626,92,10,9,9,9,10,10,5,0.6,33564,1,Maldives,1,True
Barbados,Type F5,Plasma,ThetaBase Services,6,11,strict,9,False,False,8670,4330,41094,100,10,10,10,10,10,10,1,0.4,4330,0.94,Ukraine,60,True
United Kingdom,Type V5,Plasma,ThetaBase Services,2,4,strict,2,True,False,2430,39353,27583,98,10,10,10,10,9,10,9,0.92,39353,1,Lithuania,2,True
Malta,Type V5,Plasma,ThetaBase Services,2,4,strict,2,False,False,2495,9846,36219,96,10,10,10,10,10,9,61,6,9846,1,Indonesia,3,True
Nicaragua,Type V5,Quantum,ThetaBase Services,1,3,moderate,2,True,False,1325,33881,52098,99,10,10,10,10,10,10,37,3.7,33881,1,Djibouti,2,True
Bouvet Island (Bouvetoya),Type F5,Quantum,ThetaBase Services,1,2,moderate,1,True,False,1455,651,48134,98,10,10,10,10,10,10,25,2.55,651,1,Lebanon,4,True
United Kingdom,Type F5,Quantum,ThetaBase Services,1,2,flexible,1,True,False,1312,17866,69393,100,8,8,10,10,10,8,1,0.11,17866,1,Tanzania,2,True
Niue,Type F5,Plasma,ThetaBase Services,2,6,strict,3,True,False,2170,23329,49850,98,10,10,10,10,10,10,10,1.05,23329,1,Niue,1,False
Barbados,Type V5,Plasma,ThetaBase Services,0,2,strict,1,True,False,2287,13184,38207,96,10,10,9,9,10,9,18,1.84,13184,1,Vietnam,7,False
Barbados,Type V5,Plasma,ThetaBase Services,2,8,strict,5,False,False,2950,23143,69907,92,9,9,10,10,10,10,10,0.91,23143,0.65,Bouvet Island (Bouvetoya),14,False
Malta,Type V5,Quantum,ThetaBase Services,1,7,flexible,4,False,False,1780,38873,14387,71,8,7,10,9,8,8,16,1.49,38873,1,Mauritania,4,False
Niue,Type V5,Quantum,ThetaBase Services,1,1,flexible,1,True,False,1130,34046,55215,98,10,10,10,10,9,10,25,2.85,34046,0.9,Guinea,1,False
Niue,Type V5,Plasma,ThetaBase Services,1,4,strict,2,True,False,2040,3961,17160,91,9,10,10,9,10,9,28,2.64,3961,1,Fiji,8,False
Russian Federation,Type V5,Plasma,ThetaBase Services,1,4,strict,1,False,False,2183,9354,31889,96,10,10,10,10,10,10,5,0.48,9354,1,Spain,12,False
United Kingdom,Type V5,Plasma,ThetaBase Services,3,7,strict,3,False,False,3847,9354,2303,40,3,2,4,5,7,3,2,0.8,9354,1,Spain,12,False
Bouvet Island (Bouvetoya),Type V5,Quantum,ThetaBase Services,1,1,moderate,1,False,False,1429,8595,3283,100,10,10,10,10,10,10,8,0.81,8595,1,Lebanon,3,True
Malta,Type F5,Plasma,ThetaBase Services,2,4,moderate,3,False,False,1754,39765,53827,92,9,9,9,9,10,9,5,0.8,39765,1,United Kingdom,2,True
Anguilla,Type V5,Quantum,ThetaBase Services,1,2,flexible,1,False,False,1325,25659,51970,100,10,10,10,10,10,10,5,1.03,25659,1,United Kingdom,1,True
Marshall Islands,Type V5,Plasma,ThetaBase Services,1,2,flexible,1,True,False,1650,3620,8597,96,10,10,10,10,9,10,5,0.61,3620,1,Russian Federation,1,False
Faroe Islands,Type V5,Plasma,ThetaBase Services,2,4,strict,2,False,False,2170,27972,26357,91,10,10,10,10,10,9,7,0.71,27972,0.94,Brazil,27,False
Micronesia,Type G0,Plasma,ThetaBase Services,1,4,moderate,1,True,False,2690,21240,2526,100,10,10,10,10,10,10,1,0.13,21240,0.94,Niger,130,False
Nicaragua,Type V5,Plasma,ThetaBase Services,1,2,strict,1,True,False,7422,45111,18757,100,10,10,8,10,8,8,1,0.65,45111,1,Sao Tome and Principe,420,False
Barbados,Type V5,Plasma,ThetaBase Services,1,2,strict,1,True,False,9528,45111,27259,100,10,10,10,10,10,10,1,0.38,45111,1,Sao Tome and Principe,420,False
Faroe Islands,Type V5,Quantum,ThetaBase Services,1,2,strict,1,False,False,1780,42606,14137,87,10,8,10,10,10,8,6,1.07,42606,1,Micronesia,1,False
Barbados,Type V5,Plasma,ThetaBase Services,2,4,strict,2,True,False,2599,27774,53687,80,9,10,8,8,10,8,2,0.37,27774,0.78,Vietnam,15,False
Costa Rica,Type V5,Quantum,ThetaBase Services,1,2,moderate,1,False,False,1195,48649,55284,100,10,10,10,10,10,10,2,0.19,48649,1,Kiribati,2,False
Bouvet Island (Bouvetoya),Type V5,Plasma,ThetaBase Services,0,3,strict,1,True,False,2157,28047,4544,100,10,10,10,10,10,10,1,0.14,28047,1,Uzbekistan,4,False
Malta,Type V5,Quantum,ThetaBase Services,1,5,flexible,4,True,False,1455,38873,52175,76,8,7,9,9,9,8,18,1.73,38873,1,Mauritania,4,False
Micronesia,Type G0,Plasma,ThetaBase Services,0,4,moderate,1,True,False,2456,21240,19322,80,9,8,10,9,9,8,7,0.73,21240,0.94,Niger,130,False
Micronesia,Type G0,Plasma,ThetaBase Services,0,4,moderate,1,True,False,2456,21240,22575,60,5,7,8,5,8,6,3,0.31,21240,0.94,Niger,130,False
Micronesia,Type G0,Plasma,ThetaBase Services,0,4,moderate,1,True,False,2456,21240,17061,80,8,10,6,6,10,8,1,0.15,21240,0.94,Niger,130,False
Micronesia,Type G0,Plasma,ThetaBase Services,0,4,moderate,1,True,False,2456,21240,26893,100,10,10,10,10,10,10,1,0.11,21240,0.94,Niger,130,False
Micronesia,Type G0,Plasma,ThetaBase Services,0,4,moderate,1,True,False,2456,21240,65482,100,10,10,10,10,10,10,1,1,21240,0.94,Niger,130,False
Micronesia,Type G0,Plasma,ThetaBase Services,0,4,moderate,1,True,False,2456,21240,60100,85,9,9,9,9,9,8,4,0.62,21240,0.94,Niger,130,False
Nicaragua,Type V5,Plasma,ThetaBase Services,1,2,strict,1,True,False,2079,27774,74485,71,8,8,7,7,8,7,7,0.84,27774,0.78,Vietnam,15,False
Rwanda,Type X3,Quantum,ThetaBase Services,1,2,flexible,1,True,False,1416,46099,26943,76,8,6,9,9,9,8,38,3.8,46099,0.98,Uzbekistan,28,False
Barbados,Type V5,Plasma,ThetaBase Services,0,2,strict,1,True,False,1923,27774,73453,60,7,7,7,6,9,5,3,0.3,27774,0.78,Vietnam,15,False
Micronesia,Type V5,Plasma,ThetaBase Services,2,4,strict,2,False,False,4770,18077,61605,100,10,10,10,10,10,9,5,0.74,18077,1,Sao Tome and Principe,139,False
United Kingdom,Type V2,Quantum,ThetaBase Services,1,2,flexible,1,True,False,1325,42506,61707,84,9,8,10,10,9,8,10,1.13,42506,1,Denmark,1,True
Nicaragua,Type V5,Plasma,ThetaBase Services,2,7,strict,2,False,False,2677,30435,67357,89,9,10,10,10,9,9,14,1.45,30435,0.99,Cape Verde,41,False
Gambia,Type F5,Quantum,ThetaBase Services,1,2,moderate,0,False,False,1286,9923,22276,96,10,10,10,10,9,10,18,1.79,9923,1,Gambia,2,False
Barbados,Type V5,Quantum,ThetaBase Services,1,2,strict,1,False,False,1494,23143,51894,93,10,9,10,10,10,10,6,2.61,23143,0.65,Bouvet Island (Bouvetoya),14,False
Bouvet Island (Bouvetoya),Type V5,Quantum,ThetaBase Services,1,2,moderate,1,False,False,1390,48599,8225,90,10,9,9,9,10,9,2,0.2,48599,1,Malawi,3,False
Malta,Type V5,Plasma,ThetaBase Services,1,2,moderate,1,False,False,2170,39405,10051,100,10,10,8,10,10,10,1,0.44,39405,1,United Kingdom,1,False
Nicaragua,Type V5,Plasma,ThetaBase Services,3,7,flexible,5,True,False,4640,33725,34756,88,9,9,10,10,10,9,10,1.55,33725,0.8,Slovakia (Slovak Republic),1,False
Barbados,Type V5,Plasma,ThetaBase Services,1,4,strict,1,True,False,2729,35170,66070,92,9,10,10,9,10,9,41,4.01,35170,1,Vietnam,5,True
Russian Federation,Type V5,Plasma,ThetaBase Services,1,3,moderate,2,True,False,2755,32611,49970,99,10,10,10,10,10,10,15,2.51,32611,1,Ecuador,1,False
Rwanda,Type V5,Plasma,ThetaBase Services,2,4,moderate,2,False,False,2170,27070,63812,93,10,9,10,10,10,9,24,2.5,27070,1,Uzbekistan,2,False
Rwanda,Type V5,Plasma,ThetaBase Services,1,2,strict,1,False,False,2040,28828,22814,100,10,10,10,10,10,10,12,1.2,28828,1,Isle of Man,198,True
Pakistan,Type F5,Quantum,ThetaBase Services,1,1,strict,1,False,False,1195,22939,44836,98,10,10,10,10,10,10,19,1.87,22939,1,Cocos (Keeling) Islands,1,False
Rwanda,Type G0,Plasma,ThetaBase Services,1,3,strict,1,True,False,2950,2743,14427,100,10,10,10,10,10,10,3,1.07,2743,0.97,China,23,False
Rwanda,Type G0,Plasma,ThetaBase Services,2,5,strict,2,True,False,3340,2743,41330,100,10,10,10,10,10,10,2,0.27,2743,0.97,China,23,False
Micronesia,Type G0,Plasma,ThetaBase Services,1,2,strict,1,True,False,3860,2743,24126,87,8,10,10,8,10,7,3,0.41,2743,0.97,China,23,False
Barbados,Type V5,Plasma,ThetaBase Services,2,4,flexible,2,False,False,2430,24285,23334,98,10,10,10,10,9,10,11,1.31,24285,1,Bouvet Island (Bouvetoya),1,False
Malta,Type F5,Plasma,ThetaBase Services,2,4,moderate,2,False,False,2950,18077,52929,100,10,8,10,10,10,10,1,0.24,18077,1,Sao Tome and Principe,139,False
Barbados,Type G0,Plasma,ThetaBase Services,2,5,strict,2,False,False,4250,2743,43116,100,10,10,10,10,9,10,7,1.84,2743,0.97,China,23,False
United Kingdom,Type O3,Quantum,ThetaBase Services,1,1,flexible,1,True,False,1195,15751,16874,94,9,9,9,10,9,9,10,1.35,15751,1,Tanzania,1,False
Micronesia,Type V2,Plasma,ThetaBase Services,3,7,strict,3,True,False,6785,19958,65990,77,8,9,10,10,10,8,6,0.74,19958,1,Congo,40,True
Russian Federation,Type V5,Plasma,ThetaBase Services,2,4,flexible,2,False,False,2430,28828,36765,91,9,9,10,10,9,9,13,1.98,28828,1,Isle of Man,198,True
Barbados,Type V5,Plasma,ThetaBase Services,2,5,strict,3,False,False,1910,23143,28516,84,8,9,10,10,10,9,10,1.02,23143,0.65,Bouvet Island (Bouvetoya),14,False
Micronesia,Type G0,Plasma,ThetaBase Services,0,2,moderate,1,True,False,2170,21240,39425,100,10,10,10,10,10,10,3,1.18,21240,0.94,Niger,130,False
Micronesia,Type G0,Plasma,ThetaBase Services,1,4,moderate,1,True,False,2430,21240,60256,80,9,9,7,8,9,8,3,0.61,21240,0.94,Niger,130,False
Niue,Type V5,Plasma,ThetaBase Services,1,4,flexible,2,False,False,1754,22231,67197,100,10,10,10,10,9,9,3,1.07,22231,1,Guinea,2,False
Estonia,Type V5,Plasma,ThetaBase Services,1,4,moderate,2,False,False,1715,6471,5125,95,10,10,10,10,9,10,17,1.87,6471,1,Zimbabwe,1,True
Micronesia,Type G0,Plasma,ThetaBase Services,2,6,moderate,2,True,False,3275,21240,47618,93,10,10,10,8,10,9,9,0.94,21240,0.94,Niger,130,False
Barbados,Type V5,Plasma,ThetaBase Services,4,10,strict,5,False,False,5420,43540,46613,100,10,10,10,10,10,10,1,0.16,43540,0.72,Bosnia and Herzegovina,25,False
Nicaragua,Type V5,Plasma,ThetaBase Services,1,2,strict,1,True,False,2066,27774,84,83,9,10,8,7,10,8,6,0.75,27774,0.78,Vietnam,15,False
Barbados,Type A7,Quantum,ThetaBase Services,1,2,flexible,1,True,False,2157,8103,36806,93,10,10,10,10,10,9,77,8.46,8103,1,Tonga,1,False
Sao Tome and Principe,Type F5,Quantum,ThetaBase Services,1,2,flexible,1,False,False,1845,1908,21598,100,10,10,10,10,9,10,5,1.85,1908,1,Sao Tome and Principe,2,True
Russian Federation,Type V2,Quantum,ThetaBase Services,1,2,flexible,1,True,False,1299,17969,68927,96,10,10,10,10,10,10,22,3.01,17969,1,Russian Federation,1,False
Barbados,Type V2,Quantum,ThetaBase Services,1,2,flexible,1,False,False,2170,36407,55306,99,10,10,10,10,10,10,36,3.5,36407,1,Uganda,2,True
Barbados,Type V2,Quantum,ThetaBase Services,1,2,flexible,1,False,False,2170,36407,20998,100,10,10,10,10,10,10,18,1.79,36407,1,Uganda,2,True
Bouvet Island (Bouvetoya),Type V5,Quantum,ThetaBase Services,1,1,moderate,1,False,False,1299,8595,28980,100,10,10,10,10,10,10,14,1.45,8595,1,Lebanon,3,True
Nicaragua,Type V5,Quantum,ThetaBase Services,1,2,moderate,1,False,False,1975,4846,26203,99,10,10,10,10,10,9,15,1.61,4846,1,Isle of Man,1,False
Rwanda,Type V5,Plasma,ThetaBase Services,1,4,strict,2,False,False,1455,31281,76744,100,10,10,10,10,10,10,4,0.42,31281,1,Nauru,1,False
Sao Tome and Principe,Type V5,Quantum,ThetaBase Services,1,1,strict,1,False,False,1390,47858,42414,93,9,9,9,9,9,9,4,0.49,47858,1,Sao Tome and Principe,1,False
United Kingdom,Type V2,Quantum,ThetaBase Services,1,3,strict,1,True,False,1455,11047,71300,83,9,8,10,9,9,8,21,2.31,11047,0.96,Senegal,3,True
Niue,Type F5,Quantum,ThetaBase Services,1,1,flexible,1,True,False,1455,46523,12904,80,6,8,10,10,10,6,2,1.07,46523,0.9,Guinea,2,True
United Kingdom,Type F5,Plasma,ThetaBase Services,1,4,moderate,1,False,False,1897,38767,10815,89,9,9,8,9,9,9,9,0.92,38767,0.67,Holy See (Vatican City State),1,False
Malta,Type V2,Quantum,ThetaBase Services,1,2,moderate,1,False,False,1260,1184,27849,94,10,9,10,10,10,9,28,3.15,1184,1,Bahrain,2,False
Malta,Type V5,Plasma,ThetaBase Services,1,4,moderate,2,True,False,1910,47046,68578,80,9,9,10,9,10,7,5,0.5,47046,1,Lebanon,9,False
United Kingdom,Type V5,Plasma,ThetaBase Services,4,12,strict,8,False,False,5940,37999,31274,92,10,10,10,9,8,9,10,1.53,37999,1,Senegal,20,True
Malta,Type F5,Quantum,ThetaBase Services,1,2,flexible,2,True,False,1637,12542,68607,80,6,8,6,10,10,8,1,0.12,12542,0.98,Mauritania,19,True
Sao Tome and Principe,Type F5,Quantum,ThetaBase Services,1,2,flexible,1,False,False,1845,1908,65261,100,10,10,10,10,10,10,1,0.43,1908,1,Sao Tome and Principe,2,True
United Kingdom,Type V5,Quantum,ThetaBase Services,1,1,moderate,1,True,False,1260,42012,45966,95,10,10,10,10,10,10,9,0.91,42012,1,Monaco,3,True
Barbados,Type V2,Plasma,ThetaBase Services,3,6,moderate,4,False,False,5160,18077,61892,98,10,10,10,10,10,10,8,0.85,18077,1,Sao Tome and Principe,139,False
Micronesia,Type V5,Plasma,ThetaBase Services,1,4,flexible,2,True,False,1910,49103,10181,91,10,9,10,10,9,9,11,1.21,49103,0.8,Rwanda,5,False
Wallis and Futuna,Type V2,Quantum,ThetaBase Services,1,4,strict,2,True,False,1455,45394,17763,100,10,10,10,10,10,9,2,0.41,45394,1,Marshall Islands,2,False
Barbados,Type V5,Plasma,ThetaBase Services,1,3,strict,1,True,False,2430,45475,32267,78,8,9,9,9,9,8,21,2.15,45475,1,Montserrat,2,False
Rwanda,Type F5,Quantum,ThetaBase Services,1,2,strict,1,True,False,1364,12591,19732,98,10,10,10,10,10,10,11,1.14,12591,1,Maldives,4,True
Nicaragua,Type V5,Plasma,ThetaBase Services,3,9,strict,4,False,False,4757,24026,73532,96,10,9,9,9,10,10,14,1.55,24026,0.98,Cape Verde,69,True
Mexico,Type V5,Quantum,ThetaBase Services,1,5,strict,1,True,False,1312,665,6230,93,10,9,10,10,8,9,18,2.25,665,1,Greenland,2,True
Rwanda,Type V5,Quantum,ThetaBase Services,1,2,moderate,1,True,False,1312,46099,24787,80,9,7,9,9,9,8,62,6.33,46099,0.98,Uzbekistan,28,False
Malta,Type V5,Plasma,ThetaBase Services,2,5,flexible,3,True,False,3340,41224,34180,100,10,10,10,10,10,10,4,0.5,41224,1,Mauritania,3,True
Niue,Type V5,Plasma,ThetaBase Services,2,4,strict,2,False,False,1715,28828,69554,99,10,10,10,10,9,9,15,1.8,28828,1,Isle of Man,198,True
Rwanda,Type V5,Plasma,ThetaBase Services,2,4,strict,2,True,False,2625,3389,24239,80,8,8,10,10,10,8,4,0.51,3389,1,Estonia,13,False
Wallis and Futuna,Type V5,Quantum,ThetaBase Services,2,3,strict,3,False,False,1364,45394,20485,100,8,10,10,10,10,10,2,0.28,45394,1,Marshall Islands,2,False
Niue,Type V5,Plasma,ThetaBase Services,1,2,moderate,1,False,False,2820,35279,18406,90,8,10,10,9,10,9,8,1,35279,1,Guinea,1,False
Micronesia,Type V5,Plasma,ThetaBase Services,2,4,strict,2,False,False,3210,3422,51486,100,10,10,10,10,10,10,12,1.44,3422,0.86,Niger,6,False
Malta,Type F5,Plasma,ThetaBase Services,2,4,moderate,2,True,False,2157,44783,59441,100,10,10,9,10,10,10,11,1.29,44783,1,Senegal,1,False
Malta,Type V5,Plasma,ThetaBase Services,1,2,flexible,1,True,False,1845,3104,21547,100,10,10,10,10,10,10,3,0.38,3104,0.43,Marshall Islands,1,False
Sao Tome and Principe,Type F5,Plasma,ThetaBase Services,1,2,strict,1,False,False,1845,34135,12155,94,10,9,10,10,9,9,10,1.15,34135,1,Isle of Man,1,False
Malta,Type V5,Plasma,ThetaBase Services,2,7,strict,5,True,False,2105,8770,37520,99,10,10,10,10,9,10,14,1.69,8770,1,El Salvador,3,False
Estonia,Type V2,Quantum,ThetaBase Services,1,2,moderate,1,True,False,1156,44141,35832,93,10,10,9,9,9,9,42,4.3,44141,0.9,Zimbabwe,1,False
Malta,Type V5,Plasma,ThetaBase Services,1,4,strict,0,True,False,2950,13975,28146,97,9,9,10,10,9,9,8,0.83,13975,1,Mexico,2,False
Micronesia,Type F5,Plasma,ThetaBase Services,2,4,strict,2,False,False,3210,28828,73920,85,9,6,8,9,10,8,5,0.89,28828,1,Isle of Man,198,True
Niue,Type X3,Plasma,ThetaBase Services,0,2,flexible,1,False,False,2326,49130,30623,100,10,10,10,10,10,9,5,0.94,49130,1,Niue,1,True
United Kingdom,Type V5,Plasma,ThetaBase Services,1,3,moderate,2,False,False,1780,48741,3553,95,9,9,10,9,10,10,17,1.74,48741,1,Monaco,1,False
Faroe Islands,Type F5,Quantum,ThetaBase Services,1,2,flexible,1,True,False,1221,15689,38563,98,10,10,10,10,10,10,26,2.82,15689,0.96,Micronesia,1,False
Nicaragua,Type V5,Plasma,ThetaBase Services,2,6,strict,3,True,False,2807,48769,32008,95,10,10,10,10,10,9,11,1.27,48769,1,Indonesia,4,True
Barbados,Type V5,Plasma,ThetaBase Services,2,6,strict,3,True,False,2677,48769,57868,98,10,10,10,10,10,9,8,1.14,48769,1,Indonesia,4,True
Niue,Type V5,Quantum,ThetaBase Services,1,2,flexible,1,False,False,1247,42054,44732,100,10,9,10,10,10,10,2,0.23,42054,1,Guinea,2,False
Micronesia,Type V5,Plasma,ThetaBase Services,3,6,flexible,3,True,False,4276,19811,58022,87,9,9,9,9,10,9,5,0.6,19811,0.9,Nicaragua,21,True
Malta,Type G0,Plasma,ThetaBase Services,1,2,strict,1,True,False,2807,13975,53129,96,10,9,10,10,10,9,11,1.22,13975,1,Mexico,2,False
Marshall Islands,Type F5,Quantum,ThetaBase Services,2,4,moderate,2,True,False,1598,21228,50463,100,10,10,10,10,10,10,12,1.53,21228,0.9,Russian Federation,1,False
Barbados,Type V5,Plasma,ThetaBase Services,3,10,strict,5,False,False,3730,3314,299,89,9,9,10,10,10,9,13,1.72,3314,1,Slovakia (Slovak Republic),10,False
Barbados,Type V5,Plasma,ThetaBase Services,2,6,strict,0,False,False,2950,3314,61936,96,10,10,10,10,10,9,11,1.34,3314,1,Slovakia (Slovak Republic),10,False
Bosnia and Herzegovina,Type F5,Quantum,ThetaBase Services,1,1,flexible,1,False,False,1312,15038,29593,100,10,10,10,10,10,10,13,2.06,15038,1,Puerto Rico,1,False
Sao Tome and Principe,Type G0,Plasma,ThetaBase Services,1,3,moderate,1,True,False,3795,27226,54987,100,10,10,8,8,8,10,1,0.27,27226,1,Congo,10,False
Bouvet Island (Bouvetoya),Type V2,Plasma,ThetaBase Services,3,5,strict,4,False,False,3405,891,17382,100,10,10,10,10,10,10,1,0.21,891,1,Chile,2,True
Anguilla,Type V5,Plasma,ThetaBase Services,3,6,strict,4,False,False,2573,13105,67460,100,10,10,10,10,10,10,22,2.76,13105,1,Anguilla,2,False
Malta,Type V5,Quantum,ThetaBase Services,1,2,strict,1,False,False,1585,46343,71219,87,9,9,9,9,9,9,19,2.1,46343,0.9,Niue,2,False
United Kingdom,Type V5,Plasma,ThetaBase Services,2,5,moderate,4,True,False,5030,27226,72567,100,10,10,10,10,9,9,2,0.24,27226,1,Congo,10,False
Barbados,Type V5,Plasma,ThetaBase Services,3,6,flexible,5,False,False,3470,39109,26199,100,10,10,10,10,10,10,1,0.11,39109,0.77,Ukraine,24,True
Malta,Type V5,Plasma,ThetaBase Services,1,2,flexible,2,False,False,2170,26826,44851,100,10,9,9,10,10,10,3,0.39,26826,1,Brazil,1,False
Micronesia,Type Z6,Plasma,ThetaBase Services,1,2,moderate,1,False,False,3210,562,71688,90,9,9,9,9,10,9,16,1.77,562,1,Nicaragua,1,False
Malta,Type V5,Plasma,ThetaBase Services,0,2,moderate,1,False,False,2690,20314,13136,95,10,10,10,10,10,9,24,2.79,20314,1,El Salvador,1,False
Nicaragua,Type V5,Plasma,ThetaBase Services,0,2,strict,1,True,False,1767,9849,69857,96,10,10,10,10,10,10,42,4.32,9849,1,Isle of Man,2,False
Malta,Type V5,Quantum,ThetaBase Services,1,2,flexible,1,False,False,1585,46343,31082,88,9,9,9,9,9,9,13,1.55,46343,0.9,Niue,2,False
Micronesia,Type V5,Plasma,ThetaBase Services,3,6,strict,3,False,False,4120,29410,11586,100,10,10,10,10,10,10,14,1.51,29410,0.89,Niger,1,False
United Kingdom,Type F5,Plasma,ThetaBase Services,3,8,strict,4,False,False,2677,34084,17966,100,10,10,10,10,10,10,5,0.51,34084,1,Gibraltar,1,False
Sao Tome and Principe,Type V5,Plasma,ThetaBase Services,2,5,strict,4,False,False,2625,46427,23583,93,9,9,9,9,10,10,22,2.35,46427,0.81,Sao Tome and Principe,4,True
Sao Tome and Principe,Type V2,Plasma,ThetaBase Services,4,8,moderate,6,False,False,5095,18077,73929,100,10,10,10,10,10,9,3,0.35,18077,1,Sao Tome and Principe,139,False
Barbados,Type V5,Plasma,ThetaBase Services,1,2,strict,1,True,False,2196,27774,6714,100,10,10,10,10,10,10,1,0.7,27774,0.78,Vietnam,15,False
Barbados,Type G0,Plasma,ThetaBase Services,0,2,strict,1,False,False,2430,2743,39396,89,10,10,10,9,10,8,16,1.68,2743,0.97,China,23,False
Estonia,Type F5,Quantum,ThetaBase Services,1,1,strict,1,False,False,1208,24546,21624,100,10,10,10,10,10,10,1,0.21,24546,0.5,Zimbabwe,2,False
Barbados,Type V5,Plasma,ThetaBase Services,2,5,strict,2,True,False,6785,19958,23092,87,10,10,7,8,10,9,3,0.31,19958,1,Congo,40,True
Malta,Type V2,Quantum,ThetaBase Services,1,2,moderate,1,False,False,1260,1184,55651,97,10,10,10,10,10,10,29,3.12,1184,1,Bahrain,2,False
Nicaragua,Type V5,Quantum,ThetaBase Services,1,2,moderate,1,True,False,2053,2036,12956,97,10,10,10,10,10,9,13,2.24,2036,1,Slovakia (Slovak Republic),3,False
Barbados,Type V5,Plasma,ThetaBase Services,3,7,strict,0,True,False,8995,19958,7473,98,10,10,10,10,10,9,10,1.22,19958,1,Congo,40,True
Niue,Type F5,Quantum,ThetaBase Services,1,1,flexible,1,False,False,1169,11973,62575,93,10,9,10,10,10,10,3,0.34,11973,1,Niue,7,True
Nicaragua,Type V5,Plasma,ThetaBase Services,2,4,moderate,2,False,False,2274,31828,36057,91,10,10,10,10,9,9,17,2.22,31828,1,Isle of Man,2,True
Faroe Islands,Type V5,Quantum,ThetaBase Services,2,1,flexible,1,False,False,1078,37227,39688,97,10,10,10,10,9,10,37,3.98,37227,1,Micronesia,1,True
Barbados,Type V5,Plasma,ThetaBase Services,3,7,strict,0,True,False,9905,19958,67513,93,10,10,10,9,10,9,3,0.34,19958,1,Congo,40,True
Brazil,Type F5,Quantum,ThetaBase Services,1,1,flexible,1,True,False,1065,17483,29504,94,9,9,10,9,9,9,29,3.23,17483,0.9,Vanuatu,1,False
Rwanda,Type V5,Quantum,ThetaBase Services,1,2,flexible,1,False,False,1390,43220,10282,94,10,10,10,9,9,10,10,1.08,43220,1,Korea,1,True
Barbados,Type V5,Plasma,ThetaBase Services,1,3,strict,2,True,False,4575,19958,31676,85,10,10,9,8,10,9,4,0.43,19958,1,Congo,40,True
Rwanda,Type V5,Plasma,ThetaBase Services,1,2,moderate,1,False,False,1780,15344,6824,100,9,10,10,10,9,10,2,0.22,15344,1,Svalbard & Jan Mayen Islands,1,False
Barbados,Type V5,Plasma,ThetaBase Services,2,4,strict,2,True,False,3405,40591,37907,100,10,10,10,10,10,10,4,0.5,40591,1,Reunion,1,True
Russian Federation,Type V5,Plasma,ThetaBase Services,2,6,strict,3,False,False,3470,13788,74834,85,8,10,10,9,10,9,6,0.62,13788,0.75,Uzbekistan,3,False
Micronesia,Type V5,Plasma,ThetaBase Services,0,2,strict,1,False,False,2820,2743,72190,80,6,8,8,6,6,6,1,0.14,2743,0.97,China,23,False
Malta,Type A7,Quantum,ThetaBase Services,1,2,flexible,1,True,False,2807,41107,72699,97,10,10,10,10,10,9,6,0.68,41107,1,Marshall Islands,6,False
Micronesia,Type G0,Plasma,ThetaBase Services,2,5,strict,2,True,False,4575,2743,55082,90,10,10,9,10,10,10,2,0.24,2743,0.97,China,23,False
Costa Rica,Type F5,Quantum,ThetaBase Services,1,2,flexible,1,True,False,1260,6004,59525,98,10,10,10,10,10,10,26,2.73,6004,0.9,Micronesia,4,False
Barbados,Type V5,Plasma,ThetaBase Services,2,6,strict,3,False,False,2820,20120,38060,87,9,8,10,10,9,9,10,1.15,20120,1,Wallis and Futuna,10,False
Sao Tome and Principe,Type F5,Plasma,ThetaBase Services,2,4,moderate,2,False,False,2495,9362,30772,100,10,10,10,10,10,10,1,0.2,9362,1,Turkmenistan,1,True
Barbados,Type V5,Quantum,ThetaBase Services,1,3,flexible,2,True,False,1520,20120,66864,95,10,9,10,10,9,9,52,5.59,20120,1,Wallis and Futuna,10,False
Isle of Man,Type F5,Quantum,ThetaBase Services,1,2,flexible,1,False,False,1390,20518,47248,100,10,10,10,10,10,10,9,1.17,20518,1,Togo,4,True
Niue,Type V5,Plasma,ThetaBase Services,1,6,flexible,3,True,False,1949,33372,9855,85,9,8,9,9,8,9,22,2.34,33372,1,Guinea,22,True
Niue,Type V5,Plasma,ThetaBase Services,1,4,flexible,2,True,False,1819,33372,47370,85,9,9,10,9,8,9,21,2.19,33372,1,Guinea,22,True
Niue,Type V5,Plasma,ThetaBase Services,0,4,flexible,2,True,False,1676,33372,37967,93,10,9,10,10,9,9,23,2.39,33372,1,Guinea,22,True
Niue,Type V5,Plasma,ThetaBase Services,0,2,flexible,1,True,False,1481,33372,37236,82,9,9,9,9,8,8,17,1.79,33372,1,Guinea,22,True
Niue,Type V5,Plasma,ThetaBase Services,1,4,flexible,2,True,False,1819,33372,34547,89,9,8,9,10,8,9,19,1.99,33372,1,Guinea,22,True
Faroe Islands,Type F5,Quantum,ThetaBase Services,1,2,strict,0,True,False,1260,3167,8842,97,10,10,10,10,9,10,12,2.45,3167,1,Micronesia,3,False
Russian Federation,Type V5,Plasma,ThetaBase Services,3,6,strict,3,False,False,2690,27822,41129,100,10,10,10,10,10,9,3,0.4,27822,1,Russian Federation,2,False
Uzbekistan,Type V2,Quantum,ThetaBase Services,1,2,moderate,1,False,False,1364,35193,10674,98,10,10,10,10,10,10,59,6.44,35193,1,Kiribati,1,False
United Kingdom,Type V5,Quantum,ThetaBase Services,1,2,flexible,1,True,False,1130,39651,30549,98,9,8,10,10,9,10,8,0.86,39651,1,Denmark,1,False
United Kingdom,Type F5,Quantum,ThetaBase Services,2,3,moderate,2,True,False,1195,42260,68992,100,10,9,10,10,9,10,17,1.81,42260,1,Tanzania,1,False
Uzbekistan,Type F5,Quantum,ThetaBase Services,1,2,strict,1,True,False,1520,2337,75183,99,10,10,10,10,9,10,27,2.99,2337,1,Kiribati,1,False
Uzbekistan,Type F5,Quantum,ThetaBase Services,1,1,moderate,1,True,False,1104,6801,25292,91,9,8,9,9,8,9,14,1.54,6801,1,Kiribati,2,False
Barbados,Type V5,Plasma,ThetaBase Services,1,4,moderate,2,True,False,1871,9345,13093,93,10,10,10,10,10,10,19,2.04,9345,1,Bosnia and Herzegovina,4,False
Isle of Man,Type F5,Quantum,ThetaBase Services,1,2,flexible,1,True,False,1221,30320,70633,100,10,10,10,10,10,10,3,0.33,30320,1,Togo,4,False
United Kingdom,Type V5,Plasma,ThetaBase Services,2,4,strict,2,True,False,2105,21230,1121,88,9,8,8,10,9,9,5,0.87,21230,1,Lithuania,1,False
Niue,Type V5,Plasma,ThetaBase Services,1,4,strict,1,False,False,1715,28828,15109,100,10,10,10,10,10,10,1,0.11,28828,1,Isle of Man,198,True
Isle of Man,Type F5,Quantum,ThetaBase Services,1,1,flexible,1,True,False,1208,30320,30027,100,10,10,10,10,9,10,3,0.34,30320,1,Togo,4,False
Barbados,Type V5,Plasma,ThetaBase Services,1,4,strict,3,True,False,2495,6984,46889,90,10,10,10,10,10,9,12,1.25,6984,1,Suriname,9,False
Micronesia,Type G0,Plasma,ThetaBase Services,1,4,moderate,1,True,False,2794,21240,36295,80,10,10,10,10,10,10,1,0.46,21240,0.94,Niger,130,False
Bosnia and Herzegovina,Type F5,Plasma,ThetaBase Services,3,7,flexible,3,True,False,2170,33332,17839,87,9,9,9,9,9,9,3,0.36,33332,1,Puerto Rico,1,True
Russian Federation,Type V5,Plasma,ThetaBase Services,1,3,strict,2,False,False,2352,50035,76872,100,10,10,10,10,10,10,19,2.15,50035,1,Tonga,1,False
Bouvet Island (Bouvetoya),Type V5,Plasma,ThetaBase Services,3,9,strict,4,False,False,4497,24026,74970,87,9,9,7,9,10,9,19,2.31,24026,0.98,Cape Verde,69,True
Sao Tome and Principe,Type V5,Quantum,ThetaBase Services,1,2,flexible,1,True,False,1312,1564,46997,80,9,6,10,10,9,9,2,0.21,1564,1,Indonesia,12,False
Niue,Type V5,Plasma,ThetaBase Services,0,2,strict,0,False,False,1806,45215,17954,94,10,10,10,10,10,9,17,6.37,45215,1,Niue,1,False
Micronesia,Type V5,Plasma,ThetaBase Services,1,4,strict,1,False,False,2560,23451,1647,100,10,10,9,10,10,10,12,1.43,23451,1,Niger,3,False
Rwanda,Type V5,Plasma,ThetaBase Services,2,4,strict,2,True,False,2950,21646,66843,97,9,10,10,9,9,10,7,0.86,21646,1,Togo,2,False
Russian Federation,Type V5,Plasma,ThetaBase Services,1,2,flexible,1,False,False,1819,7804,4134,93,10,10,10,10,10,9,6,0.83,7804,1,Russian Federation,3,False
Niue,Type V5,Plasma,ThetaBase Services,1,3,flexible,1,False,False,1650,47958,5491,90,10,9,10,10,10,9,6,0.7,47958,0.8,Niue,1,False
Malta,Type V5,Quantum,ThetaBase Services,1,2,strict,1,False,False,1780,13641,52272,94,9,10,9,9,9,9,21,2.7,13641,0.85,Mauritania,23,False
Micronesia,Type V5,Plasma,ThetaBase Services,0,2,strict,1,True,False,1715,21438,10113,97,9,10,10,10,10,10,17,2.08,21438,1,China,3,False
Russian Federation,Type V5,Plasma,ThetaBase Services,1,2,strict,1,True,False,2105,17303,9517,89,9,9,9,9,10,8,7,0.97,17303,1,Russian Federation,5,True
Russian Federation,Type V5,Plasma,ThetaBase Services,1,3,strict,2,True,False,2235,17303,2168,93,10,9,9,10,10,9,15,1.7,17303,1,Russian Federation,5,True
Uzbekistan,Type V5,Quantum,ThetaBase Services,1,2,moderate,1,True,False,1416,25177,17532,100,10,10,10,10,10,10,4,0.52,25177,1,Costa Rica,2,True
Nicaragua,Type V5,Plasma,ThetaBase Services,1,2,strict,1,False,False,2235,39867,76889,100,10,9,10,10,10,9,3,0.4,39867,1,Jersey,1,True
Costa Rica,Type F5,Plasma,ThetaBase Services,3,6,moderate,4,False,False,2430,6720,6478,90,10,10,10,10,9,9,2,0.28,6720,1,Micronesia,2,False
Barbados,Type V5,Plasma,ThetaBase Services,2,8,strict,5,False,False,2560,23143,33375,90,8,9,9,10,9,9,7,1.06,23143,0.65,Bouvet Island (Bouvetoya),14,False
Rwanda,Type V5,Plasma,ThetaBase Services,1,2,flexible,1,True,False,2937,3389,31824,93,9,10,9,9,9,9,3,0.38,3389,1,Estonia,13,False
Barbados,Type V5,Plasma,ThetaBase Services,0,3,moderate,2,False,False,1910,38458,3039,91,10,10,10,10,9,9,11,1.43,38458,1,Montserrat,6,True
United Kingdom,Type V5,Plasma,ThetaBase Services,1,3,moderate,2,True,False,3730,27226,46935,100,10,10,10,10,9,9,3,0.41,27226,1,Congo,10,False
Micronesia,Type E3,Plasma,ThetaBase Services,0,2,strict,1,False,False,1780,9791,24096,84,8,8,8,8,10,8,6,0.69,9791,0.8,Rwanda,2,True
Nicaragua,Type V5,Plasma,ThetaBase Services,3,9,strict,4,False,False,3977,24026,795,93,9,8,10,10,9,9,11,1.26,24026,0.98,Cape Verde,69,True
Sao Tome and Principe,Type V2,Plasma,ThetaBase Services,5,8,moderate,6,False,False,5420,18077,5225,100,10,9,10,10,9,9,2,0.24,18077,1,Sao Tome and Principe,139,False
United Kingdom,Type V5,Plasma,ThetaBase Services,3,5,strict,3,True,False,2417,37012,11835,100,10,10,10,10,10,10,4,0.44,37012,1,Monaco,3,True
Bouvet Island (Bouvetoya),Type F5,Quantum,ThetaBase Services,2,4,strict,2,False,False,1650,24198,60057,67,7,6,7,7,8,7,3,0.37,24198,0.25,French Guiana,4,False
Nicaragua,Type V5,Plasma,ThetaBase Services,1,3,flexible,1,False,False,2690,27646,33699,94,10,10,8,9,10,10,13,1.68,27646,1,Isle of Man,1,False
El Salvador,Type F5,Quantum,ThetaBase Services,1,1,moderate,1,True,False,1299,11475,43281,96,9,10,10,10,10,10,5,0.74,11475,1,Papua New Guinea,4,False
United Kingdom,Type V5,Quantum,ThetaBase Services,1,2,flexible,1,True,False,1195,35104,64660,100,10,10,10,10,9,10,2,0.27,35104,1,Switzerland,2,False
Barbados,Type V5,Plasma,ThetaBase Services,1,2,moderate,1,False,False,3210,18077,74892,80,9,10,9,7,9,8,2,0.48,18077,1,Sao Tome and Principe,139,False
Sao Tome and Principe,Type V5,Plasma,ThetaBase Services,1,4,flexible,1,True,False,2820,24912,29622,90,8,8,10,10,10,9,2,0.38,24912,1,Sao Tome and Principe,5,False
Sao Tome and Principe,Type V5,Plasma,ThetaBase Services,1,2,strict,1,False,False,1780,28828,23473,94,10,9,9,9,10,9,10,1.25,28828,1,Isle of Man,198,True
Switzerland,Type V5,Plasma,ThetaBase Services,1,6,strict,4,False,False,1715,44169,64882,20,4,2,4,6,6,2,1,0.11,44169,0.97,Portugal,39,False
Rwanda,Type V5,Quantum,ThetaBase Services,1,2,moderate,1,False,False,1585,1345,19066,84,10,9,10,10,10,9,5,0.77,1345,0.67,Philippines,1,False
Malta,Type F5,Quantum,ThetaBase Services,1,2,moderate,1,False,False,1286,16649,45734,93,10,8,10,10,10,10,47,6.47,16649,1,Gibraltar,8,False
Uzbekistan,Type V5,Quantum,ThetaBase Services,1,2,flexible,2,False,False,1507,14004,51780,93,10,10,10,10,8,9,11,1.34,14004,1,Kiribati,1,False
Rwanda,Type V5,Quantum,ThetaBase Services,1,1,strict,1,False,False,1260,49299,60049,100,10,10,10,10,8,10,1,0.17,49299,0.9,Equatorial Guinea,2,False
Kenya,Type V5,Plasma,ThetaBase Services,1,3,moderate,1,False,False,1910,17087,15811,90,9,9,9,9,10,9,21,2.31,17087,0.5,Portugal,1,True
Barbados,Type V5,Quantum,ThetaBase Services,1,3,strict,1,True,False,2430,42286,53784,90,10,9,10,10,9,9,14,1.58,42286,0.94,Vietnam,9,True
Bouvet Island (Bouvetoya),Type V5,Plasma,ThetaBase Services,2,4,strict,2,False,False,2430,28828,70586,96,10,10,9,10,10,9,19,2.28,28828,1,Isle of Man,198,True
Nicaragua,Type V5,Plasma,ThetaBase Services,3,8,strict,4,False,False,4237,24026,11580,80,10,8,10,10,10,8,1,0.6,24026,0.98,Cape Verde,69,True
Nicaragua,Type V5,Plasma,ThetaBase Services,3,5,strict,3,True,False,4107,10364,18529,98,10,10,10,10,10,10,9,1.01,10364,1,Slovakia (Slovak Republic),14,False
Guinea,Type V5,Plasma,ThetaBase Services,1,4,strict,2,False,False,2300,9354,63921,90,9,9,10,10,10,9,8,0.88,9354,1,Spain,12,False
Rwanda,Type V5,Plasma,ThetaBase Services,1,2,flexible,1,False,False,1676,32948,20675,96,10,8,9,10,10,10,5,0.62,32948,1,Croatia,1,True
Russian Federation,Type V5,Quantum,ThetaBase Services,1,1,strict,1,True,False,1117,46195,53257,93,10,9,9,10,10,9,64,7.19,46195,0.89,Maldives,6,True
Rwanda,Type V5,Plasma,ThetaBase Services,1,4,moderate,2,True,False,2170,17553,65851,96,10,9,10,10,10,9,10,1.1,17553,1,Maldives,2,True
Barbados,Type V5,Quantum,ThetaBase Services,1,2,strict,1,False,False,1741,36261,74846,97,10,10,10,10,10,10,20,2.33,36261,0.9,Slovakia (Slovak Republic),2,False
Barbados,Type V5,Plasma,ThetaBase Services,2,7,strict,4,False,False,3145,24118,70557,90,9,10,10,10,10,9,12,1.35,24118,0.98,Ghana,21,True
Bouvet Island (Bouvetoya),Type V5,Plasma,ThetaBase Services,2,5,moderate,3,True,False,2664,48791,50254,79,9,9,8,10,9,8,16,1.76,48791,0.97,Uzbekistan,5,True
Rwanda,Type V5,Plasma,ThetaBase Services,1,4,strict,2,False,False,1910,2106,63079,76,8,5,10,9,9,8,5,0.68,2106,1,Uzbekistan,1,False
Nicaragua,Type V5,Plasma,ThetaBase Services,1,5,strict,1,True,False,2157,4446,72504,85,10,9,10,10,10,10,4,0.44,4446,1,Uganda,58,False
Nicaragua,Type V5,Plasma,ThetaBase Services,1,4,strict,1,True,False,1845,3940,74250,96,10,9,10,10,9,10,19,2.1,3940,1,Pakistan,2,False
Russian Federation,Type V5,Plasma,ThetaBase Services,2,4,moderate,3,True,False,2430,35852,70820,89,9,8,9,9,9,9,23,2.91,35852,1,Russian Federation,1,False
United Kingdom,Type V5,Plasma,ThetaBase Services,3,8,strict,3,False,False,4757,8842,56094,100,10,10,10,10,10,9,11,1.27,8842,1,Slovakia (Slovak Republic),3,False
Bouvet Island (Bouvetoya),Type Z6,Plasma,ThetaBase Services,0,4,strict,1,False,False,2170,28828,51841,76,9,9,9,9,10,8,11,1.28,28828,1,Isle of Man,198,True
Rwanda,Type F5,Plasma,ThetaBase Services,3,6,strict,3,False,False,2040,28828,25878,87,9,9,8,9,9,8,10,1.2,28828,1,Isle of Man,198,True
Sao Tome and Principe,Type V5,Plasma,ThetaBase Services,2,4,strict,2,False,False,2040,28828,20858,92,10,9,9,10,10,9,13,1.88,28828,1,Isle of Man,198,True
Micronesia,Type V5,Plasma,ThetaBase Services,3,7,strict,4,True,False,6915,19958,21934,87,10,10,10,10,10,9,9,1.02,19958,1,Congo,40,True
Uzbekistan,Type F5,Plasma,ThetaBase Services,1,5,strict,3,True,False,1910,48257,19079,81,9,7,9,9,9,8,15,1.74,48257,1,Kiribati,5,True
Chad,Type F5,Quantum,ThetaBase Services,1,2,flexible,1,False,False,1130,13441,54543,85,10,9,10,10,9,9,5,0.57,13441,1,Togo,2,False
United Kingdom,Type Z6,Plasma,ThetaBase Services,3,7,strict,0,True,False,1975,24288,52862,96,10,10,9,10,10,10,11,1.2,24288,1,Senegal,4,False
United Kingdom,Type F5,Quantum,ThetaBase Services,1,2,strict,1,True,False,1884,46872,12994,82,9,9,10,10,10,9,25,2.93,46872,1,Nicaragua,9,False
United Kingdom,Type F5,Quantum,ThetaBase Services,1,2,strict,1,True,False,2313,46872,30532,87,9,9,10,10,9,9,33,3.68,46872,1,Nicaragua,9,False
United Kingdom,Type F5,Quantum,ThetaBase Services,1,2,strict,1,True,False,1585,46872,17891,81,9,8,9,9,9,8,26,2.91,46872,1,Nicaragua,9,False
Russian Federation,Type F5,Plasma,ThetaBase Services,3,6,strict,3,False,False,3340,28828,18966,100,10,10,10,10,10,10,12,1.44,28828,1,Isle of Man,198,True
Nicaragua,Type V5,Plasma,ThetaBase Services,2,7,strict,2,False,False,3197,4446,37352,87,10,10,9,10,8,9,12,1.99,4446,1,Uganda,58,False
Barbados,Type V5,Plasma,ThetaBase Services,0,2,strict,1,True,False,4250,40977,9567,80,10,10,10,10,8,8,1,0.13,40977,1,Reunion,7,False
Barbados,Type V5,Plasma,ThetaBase Services,2,3,strict,2,True,False,4757,40977,37148,100,10,10,10,10,10,7,3,0.43,40977,1,Reunion,7,False
Barbados,Type V5,Plasma,ThetaBase Services,2,3,moderate,2,True,False,4757,40977,68269,100,10,10,10,10,10,10,2,0.47,40977,1,Reunion,7,False
Barbados,Type V5,Plasma,ThetaBase Services,1,4,moderate,2,True,False,3977,40977,25472,100,10,10,10,10,10,9,2,0.4,40977,1,Reunion,7,False
Barbados,Type V5,Plasma,ThetaBase Services,1,2,moderate,1,True,False,4614,40977,62402,90,10,10,10,10,10,10,2,0.27,40977,1,Reunion,7,False
Micronesia,Type V5,Quantum,ThetaBase Services,1,2,strict,1,True,False,1481,29602,53374,94,10,10,10,10,10,10,58,7.07,29602,1,China,1,False
Russian Federation,Type V2,Quantum,ThetaBase Services,1,2,moderate,1,False,False,1520,32810,1182,91,9,9,9,9,10,9,7,0.77,32810,1,Russian Federation,2,True
Nicaragua,Type V5,Plasma,ThetaBase Services,1,2,strict,1,False,False,2820,18248,41021,92,10,10,10,9,10,10,12,1.48,18248,1,Slovakia (Slovak Republic),2,False
Micronesia,Type V5,Plasma,ThetaBase Services,2,4,flexible,2,True,False,2690,27056,60077,100,10,10,10,10,10,10,16,2.03,27056,1,Kenya,4,False
Rwanda,Type V5,Plasma,ThetaBase Services,1,5,strict,3,True,False,1806,17515,3121,89,9,9,10,9,9,9,17,2.02,17515,1,Philippines,5,False
Rwanda,Type V5,Plasma,ThetaBase Services,1,5,strict,3,True,False,1780,17515,29037,87,9,8,9,9,9,9,22,2.66,17515,1,Philippines,5,False
Rwanda,Type V5,Plasma,ThetaBase Services,1,6,strict,3,True,False,1910,17515,32879,74,8,7,9,9,8,8,14,6.89,17515,1,Philippines,5,False
Rwanda,Type V5,Plasma,ThetaBase Services,1,6,strict,3,True,False,1936,16295,3300,88,9,8,10,10,9,9,19,2.3,16295,0.96,Philippines,5,False
Barbados,Type V5,Plasma,ThetaBase Services,1,4,strict,1,False,False,2820,36261,76197,97,10,9,9,9,10,10,9,1.11,36261,0.9,Slovakia (Slovak Republic),2,False
Estonia,Type F5,Plasma,"Banks, Wood and Phillips",2,4,flexible,2,True,False,1221,32324,69934,100,10,10,10,10,10,10,3,0.34,32324,1,Zimbabwe,1,False
Brazil,Type V5,Plasma,ThetaBase Services,0,2,moderate,0,True,False,1845,23662,50518,89,9,9,10,10,9,9,11,1.96,23662,1,Vanuatu,3,False
Russian Federation,Type V5,Plasma,ThetaBase Services,1,4,strict,2,False,False,2040,28719,72319,91,10,10,9,10,10,9,17,4.77,28719,1,Russian Federation,4,True
Uzbekistan,Type V5,Quantum,ThetaBase Services,1,2,flexible,1,True,False,1715,9460,29152,91,10,10,9,10,9,10,9,1.06,9460,1,Kiribati,1,False
Russian Federation,Type V2,Quantum,ThetaBase Services,1,2,moderate,1,False,False,1520,38769,1609,98,10,10,10,10,10,10,24,2.94,38769,1,Russian Federation,1,True
Micronesia,Type V5,Plasma,ThetaBase Services,0,2,strict,2,False,False,1715,42646,24271,83,10,9,10,9,10,8,8,1.03,42646,0.33,Rwanda,4,False
Micronesia,Type V5,Plasma,ThetaBase Services,0,2,strict,1,False,False,1715,42646,16382,86,10,10,10,9,10,9,17,1.99,42646,0.33,Rwanda,4,False
Barbados,Type V5,Quantum,ThetaBase Services,1,2,flexible,1,False,False,1455,20120,41336,90,8,9,10,10,9,9,3,0.38,20120,1,Wallis and Futuna,10,False
Niue,Type V5,Plasma,ThetaBase Services,0,4,flexible,2,True,False,1676,33372,58727,83,9,8,9,9,8,8,23,2.58,33372,1,Guinea,22,True
Micronesia,Type V5,Plasma,ThetaBase Services,2,4,strict,2,True,False,2430,27106,31256,100,10,10,10,10,10,10,4,0.51,27106,1,China,1,False
United Kingdom,Type V5,Quantum,ThetaBase Services,1,2,strict,1,False,False,1351,3884,35225,100,10,10,10,10,10,10,12,1.48,3884,0.7,Tanzania,1,False
Rwanda,Type V5,Plasma,ThetaBase Services,0,2,strict,1,False,False,1936,6894,26927,80,6,6,10,10,8,8,1,0.13,6894,0.8,Estonia,47,True
Costa Rica,Type V5,Quantum,ThetaBase Services,1,2,flexible,2,False,False,1481,29546,63212,100,10,10,10,10,10,10,1,0.33,29546,1,French Polynesia,1,False
Uzbekistan,Type V5,Quantum,ThetaBase Services,1,2,flexible,1,False,False,1260,19008,62077,99,10,10,10,10,9,10,27,3.13,19008,1,Kiribati,1,False
Rwanda,Type V7,Plasma,ThetaBase Services,3,6,moderate,4,False,False,3470,7244,12428,98,10,10,10,10,10,10,17,1.98,7244,1,Guatemala,2,True
Barbados,Type G0,Plasma,ThetaBase Services,2,5,strict,2,False,False,3470,2743,29646,100,10,10,9,10,10,10,2,0.36,2743,0.97,China,23,False
Rwanda,Type V5,Plasma,ThetaBase Services,2,6,strict,3,True,False,2105,16295,39084,88,9,9,9,9,9,9,22,2.58,16295,0.96,Philippines,5,False
Nicaragua,Type V5,Plasma,ThetaBase Services,0,2,strict,1,False,False,2833,4945,46848,80,10,8,10,10,10,6,3,1.29,4945,0,Cape Verde,5,False
Rwanda,Type V5,Plasma,ThetaBase Services,2,4,strict,2,False,False,2690,40150,265,93,9,10,10,10,9,8,3,0.46,40150,1,Philippines,1,False
United Kingdom,Type F5,Plasma,ThetaBase Services,2,4,flexible,4,False,False,1910,29541,60452,92,10,10,10,10,9,9,5,0.61,29541,1,Palestinian Territory,1,False
Barbados,Type V5,Plasma,ThetaBase Services,5,14,strict,8,False,False,8020,24118,1872,93,9,9,10,10,10,9,3,0.46,24118,0.98,Ghana,21,True
Russian Federation,Type V5,Quantum,ThetaBase Services,1,2,flexible,1,True,False,1273,48897,41495,100,10,10,10,10,10,10,2,0.24,48897,1,Russian Federation,1,True
Barbados,Type V5,Plasma,ThetaBase Services,3,8,strict,6,False,False,4770,33823,3749,83,9,9,10,9,9,9,6,0.9,33823,0.78,France,17,True
Barbados,Type V5,Plasma,ThetaBase Services,3,5,strict,3,True,False,3457,10364,61554,100,10,10,10,10,10,9,3,0.34,10364,1,Slovakia (Slovak Republic),14,False
Bouvet Island (Bouvetoya),Type V5,Plasma,ThetaBase Services,1,2,strict,2,False,False,1975,32195,15497,100,10,10,10,10,10,10,13,1.55,32195,1,Chile,1,False
Malta,Type V5,Plasma,ThetaBase Services,2,6,moderate,3,True,False,2560,26035,22032,93,10,10,10,10,9,9,20,2.74,26035,1,Marshall Islands,1,False
United Kingdom,Type V5,Plasma,ThetaBase Services,2,4,strict,2,False,False,2820,6832,6223,91,10,9,9,10,9,9,9,1.08,6832,1,Monaco,1,False
Barbados,Type V5,Plasma,ThetaBase Services,3,8,strict,5,True,False,4497,21083,53456,94,9,10,9,9,10,9,7,0.98,21083,1,Spain,3,True
Nicaragua,Type V5,Plasma,ThetaBase Services,2,7,strict,3,False,False,3327,24026,21633,77,10,7,9,9,9,7,6,0.85,24026,0.98,Cape Verde,69,True
Faroe Islands,Type V5,Plasma,ThetaBase Services,2,5,strict,2,False,False,2690,41816,23359,100,10,10,10,10,10,10,1,0.47,41816,0.5,Micronesia,1,True
Uzbekistan,Type V5,Quantum,ThetaBase Services,1,2,flexible,1,True,False,1130,55,9070,95,10,9,10,10,9,10,55,6.55,55,1,Kiribati,2,False
Nicaragua,Type V5,Quantum,ThetaBase Services,3,7,strict,3,True,False,4250,42286,22753,97,10,10,10,10,10,10,27,3.09,42286,0.94,Vietnam,9,True
Niue,Type V2,Plasma,ThetaBase Services,2,3,flexible,2,False,False,2300,43176,75796,93,10,10,10,9,8,10,3,0.37,43176,0.86,Guinea,3,False
Pakistan,Type F5,Quantum,ThetaBase Services,1,2,flexible,1,True,False,1247,43138,49076,100,9,10,10,10,10,10,3,0.42,43138,1,Cocos (Keeling) Islands,1,True
Russian Federation,Type V5,Plasma,ThetaBase Services,1,3,strict,1,False,False,1910,28828,39533,78,9,8,10,9,9,8,9,1.18,28828,1,Isle of Man,198,True
Micronesia,Type V5,Plasma,ThetaBase Services,1,2,flexible,1,False,False,2170,32273,6299,94,10,10,10,10,10,9,13,3.07,32273,1,Kenya,1,False
Russian Federation,Type G0,Plasma,ThetaBase Services,2,5,strict,2,True,False,2872,37646,4830,96,10,10,9,9,10,10,9,1.22,37646,1,Estonia,60,False
Malta,Type V5,Plasma,ThetaBase Services,3,6,strict,6,False,False,4510,33406,31058,92,10,9,10,10,9,8,13,1.6,33406,1,Reunion,4,False
Rwanda,Type G0,Plasma,ThetaBase Services,1,3,strict,1,True,False,2872,37646,70129,80,6,9,7,8,10,6,4,0.48,37646,1,Estonia,60,False
Barbados,Type F5,Plasma,ThetaBase Services,2,4,strict,2,True,False,3145,21240,28075,95,10,9,10,10,10,10,8,1.14,21240,0.94,Niger,130,False
Uzbekistan,Type F5,Plasma,ThetaBase Services,3,8,strict,4,True,False,1663,29123,2121,90,9,8,10,10,9,10,14,2.19,29123,1,Zimbabwe,16,True
Sao Tome and Principe,Type V2,Quantum,ThetaBase Services,1,1,moderate,1,False,False,1260,16709,57415,100,10,10,10,10,10,10,42,5.58,16709,1,Isle of Man,1,False
Kenya,Type Z1,Plasma,ThetaBase Services,4,8,flexible,7,True,False,2937,36998,55964,100,10,10,10,10,10,9,4,0.62,36998,0.92,Lebanon,10,False
Faroe Islands,Type F5,Quantum,ThetaBase Services,1,2,flexible,1,False,False,1585,26905,49090,100,10,10,10,10,10,10,1,0.43,26905,0.5,Puerto Rico,2,False
Barbados,Type V5,Quantum,ThetaBase Services,1,2,strict,1,False,False,1845,24118,59699,67,10,7,9,9,10,8,3,0.55,24118,0.98,Ghana,21,True
Wallis and Futuna,Type F5,Quantum,ThetaBase Services,2,6,moderate,4,True,False,1845,41757,1868,100,10,10,10,10,10,10,6,0.85,41757,1,Malta,5,False
El Salvador,Type F5,Quantum,ThetaBase Services,1,1,moderate,1,True,False,1299,11475,23040,100,10,9,10,10,9,10,2,0.25,11475,1,Papua New Guinea,4,False
Gambia,Type V5,Plasma,ThetaBase Services,1,3,strict,1,False,False,1910,28828,39312,70,9,8,8,10,10,7,10,1.48,28828,1,Isle of Man,198,True
Switzerland,Type V5,Quantum,ThetaBase Services,1,3,moderate,1,True,False,1221,21752,59068,93,10,9,10,10,9,10,18,2.87,21752,0.9,Turks and Caicos Islands,1,False
Barbados,Type V5,Plasma,ThetaBase Services,1,6,strict,3,False,False,3457,28848,10464,100,10,10,10,10,10,10,15,1.73,28848,1,Uganda,9,False
Rwanda,Type V5,Plasma,ThetaBase Services,3,6,strict,3,False,False,2040,38098,10498,98,10,9,10,10,9,10,12,2.18,38098,1,Zimbabwe,7,True
Micronesia,Type V5,Plasma,ThetaBase Services,1,3,strict,2,False,False,1767,42646,22130,85,9,8,9,8,10,9,8,1.11,42646,0.33,Rwanda,4,False
Malta,Type V5,Quantum,ThetaBase Services,1,2,flexible,1,True,False,1455,4600,54399,97,10,9,10,10,10,10,27,3.16,4600,0.7,Marshall Islands,1,True
Barbados,Type V5,Plasma,ThetaBase Services,1,4,strict,1,False,False,2430,28828,54929,97,10,10,10,10,10,9,12,1.51,28828,1,Isle of Man,198,True
Malta,Type V5,Plasma,ThetaBase Services,2,4,strict,2,False,False,2040,28828,20317,90,10,10,9,9,9,9,16,1.93,28828,1,Isle of Man,198,True
Barbados,Type V5,Plasma,ThetaBase Services,2,6,strict,3,False,False,2690,8592,21125,97,10,10,10,10,10,9,25,2.92,8592,1,Uganda,1,False
Sao Tome and Principe,Type V5,Quantum,ThetaBase Services,1,2,moderate,1,True,False,1650,44916,36222,99,10,10,10,10,10,10,53,7.07,44916,1,Congo,2,False
Russian Federation,Type V5,Plasma,ThetaBase Services,1,4,strict,2,True,False,2170,11149,57735,76,8,7,8,8,8,8,5,0.72,11149,1,Ecuador,1,True
Russian Federation,Type V2,Quantum,ThetaBase Services,1,2,moderate,1,False,False,1260,9185,14167,94,10,10,10,10,10,10,11,1.35,9185,0.89,Saint Helena,1,False
Russian Federation,Type F5,Quantum,ThetaBase Services,1,2,strict,1,False,False,1247,37253,20238,90,9,9,10,9,9,9,2,0.25,37253,1,Saint Helena,1,True
Malta,Type V5,Quantum,ThetaBase Services,1,1,flexible,1,False,False,1585,32075,19944,80,8,9,9,9,9,9,2,0.34,32075,1,Indonesia,2,False
Micronesia,Type G0,Plasma,ThetaBase Services,0,4,strict,2,True,False,3015,11567,69524,100,10,10,10,10,10,8,1,0.75,11567,1,Niger,31,True
Kiribati,Type V5,Plasma,ThetaBase Services,0,2,flexible,1,True,False,2040,11125,44402,90,10,10,9,9,9,9,25,3.36,11125,1,Nicaragua,12,True
Gambia,Type V2,Plasma,ThetaBase Services,2,4,strict,2,False,False,2157,18872,1834,90,10,8,10,10,10,10,2,2,18872,1,Uzbekistan,2,True
Kiribati,Type G0,Plasma,ThetaBase Services,1,4,flexible,2,True,False,2157,11125,2376,88,10,10,10,10,10,9,8,1.11,11125,1,Nicaragua,12,True
Kiribati,Type G0,Plasma,ThetaBase Services,1,4,flexible,2,True,False,2170,11125,55664,93,10,10,10,9,9,9,18,2.2,11125,1,Nicaragua,12,True
Nicaragua,Type V5,Plasma,ThetaBase Services,2,5,flexible,3,False,False,1676,20943,54095,100,10,10,9,10,10,10,4,0.53,20943,1,Jersey,2,False
United Kingdom,Type X3,Quantum,ThetaBase Services,0,2,flexible,1,True,False,1910,24390,66312,90,10,9,9,9,10,9,46,5.5,24390,1,Lithuania,1,False
Rwanda,Type V5,Plasma,ThetaBase Services,1,4,strict,2,False,False,2300,24919,17696,93,9,10,10,10,9,9,9,1.32,24919,1,Estonia,4,False
Estonia,Type F5,Quantum,ThetaBase Services,1,2,flexible,1,True,False,1260,11946,75847,84,9,8,9,9,10,9,9,1.42,11946,0.89,Zimbabwe,2,False
Uzbekistan,Type V5,Quantum,ThetaBase Services,1,2,flexible,1,True,False,2326,16813,73907,100,10,10,10,10,10,10,5,0.73,16813,1,Kiribati,2,False
Nicaragua,Type V5,Plasma,ThetaBase Services,0,2,strict,1,False,False,1663,6594,40601,95,10,10,10,10,10,10,4,0.53,6594,1,Cuba,2,True
Barbados,Type V5,Quantum,ThetaBase Services,1,2,moderate,1,True,False,2040,45191,26186,95,10,10,10,10,10,10,4,0.52,45191,1,Montserrat,3,True
Barbados,Type F5,Plasma,ThetaBase Services,3,5,moderate,3,False,False,4757,46148,40880,93,9,9,10,10,10,9,7,0.87,46148,1,Uganda,1,False
Micronesia,Type V5,Plasma,ThetaBase Services,1,2,strict,1,False,False,2040,9873,39886,95,10,10,10,10,9,9,4,0.56,9873,1,Kenya,1,False
Barbados,Type V2,Plasma,ThetaBase Services,4,8,moderate,4,False,False,8020,18077,55886,92,9,10,10,10,10,9,5,0.67,18077,1,Sao Tome and Principe,139,False
Gambia,Type V5,Plasma,ThetaBase Services,2,5,moderate,2,False,False,2690,26046,48935,100,10,10,10,10,10,10,19,2.6,26046,1,Namibia,2,False
Barbados,Type V5,Plasma,ThetaBase Services,1,4,moderate,1,True,False,3847,40977,57383,100,10,10,10,10,10,10,5,0.7,40977,1,Reunion,7,False
Barbados,Type V5,Plasma,ThetaBase Services,0,2,strict,1,False,False,2690,27972,73322,88,9,10,9,9,10,9,12,1.68,27972,0.94,Brazil,27,False
Mexico,Type V5,Plasma,ThetaBase Services,1,4,flexible,2,False,False,1585,1652,50844,100,10,10,10,10,10,10,3,0.42,1652,0.88,Greenland,2,False
Rwanda,Type V5,Plasma,ThetaBase Services,0,4,flexible,4,False,False,2846,36689,27767,96,10,10,10,10,9,9,18,2.51,36689,1,Turkmenistan,1,True
Barbados,Type F5,Plasma,ThetaBase Services,5,11,strict,5,False,False,7370,4330,20572,100,10,10,10,10,10,10,1,0.14,4330,0.94,Ukraine,60,True
Anguilla,Type V5,Plasma,ThetaBase Services,0,2,moderate,1,True,False,1780,15332,10093,86,9,9,9,9,8,9,7,1.35,15332,1,Anguilla,9,False
Barbados,Type V5,Plasma,ThetaBase Services,2,5,strict,2,False,False,4120,43428,66848,100,10,10,10,10,10,10,3,0.38,43428,0.73,Faroe Islands,9,True
Niue,Type V5,Plasma,ThetaBase Services,2,5,flexible,3,False,False,1845,14577,15718,100,10,10,10,8,8,10,1,0.48,14577,0.5,Niue,2,True
Niue,Type V5,Plasma,ThetaBase Services,2,5,strict,2,False,False,1845,5806,44675,80,8,7,9,8,10,8,4,1.08,5806,0.9,Niue,2,False
Faroe Islands,Type V5,Plasma,ThetaBase Services,1,4,moderate,1,True,False,1845,9831,69197,100,10,10,10,10,10,10,3,0.48,9831,1,Micronesia,1,False
Switzerland,Type F5,Quantum,ThetaBase Services,1,3,moderate,2,True,False,1325,33400,2630,96,10,8,10,10,10,10,9,3.51,33400,0.97,Zimbabwe,5,True
Malta,Type V5,Plasma,ThetaBase Services,2,4,strict,2,False,False,1975,17174,30296,100,10,10,10,10,9,10,4,0.75,17174,1,Mauritania,1,True
Malta,Type V5,Quantum,ThetaBase Services,1,1,flexible,1,False,False,1455,21080,27894,88,9,9,8,8,10,9,5,0.64,21080,1,Mexico,1,False
United Kingdom,Type F5,Plasma,ThetaBase Services,3,9,strict,4,False,False,4237,24026,48921,88,10,9,9,9,10,9,15,1.9,24026,0.98,Cape Verde,69,True
Barbados,Type V5,Plasma,ThetaBase Services,2,4,strict,3,True,False,3470,41537,7608,84,8,9,9,9,10,9,10,1.3,41537,1,Indonesia,2,False
United Kingdom,Type V5,Quantum,ThetaBase Services,1,1,flexible,1,False,False,1442,43086,58803,100,10,10,10,10,10,10,6,0.77,43086,1,Monaco,1,True
Gambia,Type V5,Plasma,ThetaBase Services,1,3,moderate,1,False,False,1910,42080,5419,96,10,10,9,10,9,9,5,0.65,42080,1,France,1,False
Barbados,Type V5,Plasma,ThetaBase Services,3,8,strict,4,True,False,4770,41537,3711,76,8,8,8,9,10,8,10,1.22,41537,1,Indonesia,2,False
Malta,Type F5,Quantum,ThetaBase Services,1,3,flexible,2,True,False,1325,38873,65287,83,9,8,10,10,9,9,9,1.29,38873,1,Mauritania,4,False
Barbados,Type V5,Plasma,ThetaBase Services,3,6,strict,3,True,False,2755,10809,32009,91,9,9,10,10,10,9,17,2.35,10809,1,Bosnia and Herzegovina,4,False
Anguilla,Type V5,Quantum,ThetaBase Services,1,1,strict,1,False,False,1325,39708,31471,100,10,10,10,10,10,10,2,0.25,39708,1,Anguilla,1,True
Barbados,Type V5,Plasma,ThetaBase Services,0,2,strict,1,False,False,2430,27972,46391,82,9,10,9,8,10,8,14,1.8,27972,0.94,Brazil,27,False
Barbados,Type V5,Plasma,ThetaBase Services,2,4,strict,2,True,False,3457,1835,11495,93,9,9,9,10,10,9,12,1.42,1835,1,Ecuador,8,False
Sao Tome and Principe,Type V5,Quantum,ThetaBase Services,1,2,flexible,1,True,False,1767,50089,76056,96,9,10,9,10,9,10,19,2.5,50089,1,Isle of Man,2,False
Russian Federation,Type V5,Plasma,ThetaBase Services,1,3,strict,2,True,False,1845,36574,15760,100,10,9,10,10,10,9,7,0.89,36574,1,Russian Federation,4,False
Malta,Type V5,Quantum,ThetaBase Services,1,2,flexible,1,True,False,1533,37283,44677,75,9,7,10,10,8,8,5,0.6,37283,1,Brazil,1,True
Brazil,Type V5,Quantum,ThetaBase Services,1,2,flexible,2,True,False,2430,32738,56356,97,10,10,10,10,10,10,14,1.72,32738,1,Vanuatu,1,False
Malta,Type V5,Plasma,ThetaBase Services,1,3,moderate,2,False,False,1780,18306,17451,95,10,10,10,9,9,10,4,0.57,18306,0.9,Jersey,5,False
Rwanda,Type V5,Plasma,ThetaBase Services,2,4,strict,3,True,False,2170,4005,67277,80,9,9,9,9,8,9,51,6.43,4005,1,French Guiana,2,False
Micronesia,Type F5,Quantum,ThetaBase Services,1,2,flexible,1,False,False,2430,16679,27241,100,10,10,10,10,10,9,4,0.55,16679,1,Kenya,2,False
Rwanda,Type V5,Plasma,ThetaBase Services,1,4,flexible,1,False,False,2170,34525,48873,95,10,9,10,10,10,10,17,2.09,34525,1,Estonia,1,False
Micronesia,Type V5,Plasma,ThetaBase Services,1,2,moderate,1,False,False,2690,18077,4409,100,10,9,10,10,10,10,7,1.24,18077,1,Sao Tome and Principe,139,False
Barbados,Type V5,Quantum,ThetaBase Services,1,3,flexible,2,False,False,1325,1304,18176,98,10,10,10,10,10,10,36,4.7,1304,1,Montserrat,2,False
Russian Federation,Type V5,Plasma,ThetaBase Services,0,2,flexible,1,True,False,1975,34763,15441,73,8,9,8,9,8,7,20,2.65,34763,1,Russian Federation,4,False
United Kingdom,Type F5,Quantum,ThetaBase Services,1,2,moderate,1,False,False,1208,32097,28050,97,10,9,9,9,10,9,7,0.9,32097,1,Denmark,5,False
Malta,Type F5,Plasma,ThetaBase Services,4,10,strict,7,False,False,3470,28828,39428,96,10,10,10,10,9,9,12,1.6,28828,1,Isle of Man,198,True
Bouvet Island (Bouvetoya),Type V5,Plasma,ThetaBase Services,1,2,flexible,1,False,False,1780,41756,42085,100,10,10,10,10,10,9,11,2.13,41756,1,Chad,1,False
Rwanda,Type V5,Plasma,ThetaBase Services,2,4,strict,2,False,False,2274,6894,6218,20,2,2,10,2,2,2,1,0.79,6894,0.8,Estonia,47,True
Estonia,Type V7,Quantum,ThetaBase Services,1,2,flexible,1,True,False,1520,1608,56412,100,10,10,10,10,10,10,8,0.98,1608,1,Zimbabwe,2,False
Faroe Islands,Type F5,Quantum,ThetaBase Services,1,1,strict,0,True,False,1195,3167,1281,98,10,10,10,10,9,10,25,3.15,3167,1,Micronesia,3,False
El Salvador,Type F5,Quantum,ThetaBase Services,1,1,flexible,1,True,False,1130,19250,29158,100,10,10,10,10,10,10,18,2.28,19250,1,Papua New Guinea,1,False
United Kingdom,Type F5,Plasma,ThetaBase Services,1,2,moderate,1,False,False,1325,1550,17314,98,10,10,10,10,10,10,9,2.93,1550,1,El Salvador,1,True
Niue,Type V5,Quantum,ThetaBase Services,1,2,strict,1,False,False,1416,13756,37324,100,10,10,10,10,9,10,2,0.29,13756,1,Guinea,3,False
Bouvet Island (Bouvetoya),Type V5,Plasma,ThetaBase Services,1,4,flexible,2,False,False,2170,37358,33065,100,10,8,10,10,10,10,1,0.14,37358,0,Uzbekistan,1,False
Malta,Type F5,Plasma,ThetaBase Services,5,9,strict,5,False,False,4744,8225,29839,100,9,9,10,10,10,10,7,1.03,8225,0.95,Barbados,31,False
Rwanda,Type V7,Quantum,ThetaBase Services,1,2,strict,1,False,False,2105,49012,32,98,10,10,10,10,10,10,19,2.49,49012,1,Micronesia,1,True
Anguilla,Type V5,Plasma,ThetaBase Services,0,2,moderate,1,True,False,1611,15332,45140,78,9,9,9,10,9,8,12,1.65,15332,1,Anguilla,9,False
Anguilla,Type V5,Plasma,ThetaBase Services,0,2,moderate,1,True,False,1611,15332,16023,88,9,9,9,9,9,9,10,1.35,15332,1,Anguilla,9,False
Bouvet Island (Bouvetoya),Type V7,Plasma,ThetaBase Services,1,3,flexible,2,False,False,1910,1200,39767,100,8,10,10,10,8,10,2,0.24,1200,1,Russian Federation,2,True
Anguilla,Type V5,Plasma,ThetaBase Services,0,2,moderate,1,True,False,1611,15332,12472,83,10,8,10,9,10,9,12,1.61,15332,1,Anguilla,9,False
Gambia,Type V5,Plasma,ThetaBase Services,2,4,strict,2,False,False,3015,41379,74806,100,10,10,10,10,10,10,2,0.38,41379,1,France,2,True
Anguilla,Type V5,Plasma,ThetaBase Services,0,2,moderate,1,True,False,1611,15332,20888,93,10,10,10,10,10,9,9,1.53,15332,1,Anguilla,9,False
Anguilla,Type V5,Plasma,ThetaBase Services,0,2,strict,1,True,False,1611,15332,49483,89,10,9,10,10,10,9,7,1.06,15332,1,Anguilla,9,False
Anguilla,Type V5,Plasma,ThetaBase Services,0,2,moderate,1,True,False,1637,15332,23675,89,9,9,10,10,9,9,11,1.51,15332,1,Anguilla,9,False
Anguilla,Type V5,Plasma,ThetaBase Services,0,2,strict,1,True,False,1598,15332,45368,87,9,7,10,10,9,8,6,0.81,15332,1,Anguilla,9,False
Costa Rica,Type V5,Plasma,ThetaBase Services,2,4,moderate,2,False,False,2040,46339,44243,97,10,10,10,10,9,9,13,1.7,46339,1,Uzbekistan,1,True
Brazil,Type G0,Plasma,ThetaBase Services,3,9,strict,6,True,False,3015,9693,66556,100,10,10,10,10,10,10,2,0.36,9693,1,Vanuatu,8,False
Rwanda,Type V5,Plasma,ThetaBase Services,2,4,strict,2,False,False,2300,34558,75521,92,9,10,10,10,9,9,17,2.52,34558,1,Philippines,1,False
United Kingdom,Type O3,Quantum,ThetaBase Services,1,1,flexible,1,True,False,1104,23179,73318,95,9,9,10,10,9,10,12,1.73,23179,0.9,Denmark,1,False
Rwanda,Type F5,Plasma,ThetaBase Services,2,6,strict,3,True,False,1663,29123,8552,82,9,9,10,9,9,8,20,3.16,29123,1,Zimbabwe,16,True
Micronesia,Type V5,Quantum,ThetaBase Services,1,2,moderate,1,False,False,1910,42823,19209,99,10,10,10,10,10,9,33,4.18,42823,1,China,1,False
Malta,Type V5,Plasma,ThetaBase Services,2,4,strict,3,False,False,1910,21217,2555,88,9,10,9,10,9,9,5,0.65,21217,0.75,Nauru,1,False
United Kingdom,Type F5,Quantum,ThetaBase Services,1,2,flexible,1,True,False,1585,77,57471,90,10,9,10,9,10,9,6,0.76,77,0.5,Monaco,2,False
Barbados,Type V5,Plasma,ThetaBase Services,1,2,moderate,1,False,False,2430,49565,9204,87,9,8,8,8,10,9,8,1.1,49565,0.92,Uganda,14,False
Barbados,Type V5,Plasma,ThetaBase Services,1,2,moderate,1,True,False,1975,3015,49978,89,10,9,10,10,10,8,16,2.22,3015,1,Nicaragua,3,False
Indonesia,Type V5,Quantum,ThetaBase Services,1,1,strict,1,True,False,1260,32834,13974,98,10,10,10,10,10,10,53,6.82,32834,1,Faroe Islands,2,False
Barbados,Type V5,Plasma,ThetaBase Services,2,6,strict,3,True,False,3197,490,38220,89,9,9,9,10,10,9,16,2.65,490,1,Bosnia and Herzegovina,6,False
Malta,Type V5,Quantum,ThetaBase Services,1,2,moderate,1,True,False,1624,30187,19640,95,10,9,10,10,10,10,39,4.81,30187,1,Marshall Islands,2,False
United Kingdom,Type F5,Quantum,ThetaBase Services,1,1,flexible,1,True,False,1325,20835,40673,95,10,9,10,10,10,9,4,1.38,20835,1,Gibraltar,3,False
United Kingdom,Type F5,Quantum,ThetaBase Services,1,2,flexible,1,True,False,1221,31411,70877,98,10,10,10,10,9,10,13,1.7,31411,1,Denmark,1,False
Niue,Type F5,Quantum,ThetaBase Services,1,3,flexible,2,True,False,1117,32499,25194,88,9,9,9,9,8,9,69,8.59,32499,1,Niue,1,False
Sao Tome and Principe,Type F5,Plasma,ThetaBase Services,3,6,moderate,3,True,False,5095,26292,41532,100,10,10,10,10,10,10,10,1.3,26292,1,Jersey,2,True
Barbados,Type V5,Plasma,ThetaBase Services,2,7,strict,3,False,False,2820,23143,1619,78,8,8,9,10,10,8,17,2.36,23143,0.65,Bouvet Island (Bouvetoya),14,False
Bouvet Island (Bouvetoya),Type V5,Plasma,ThetaBase Services,0,2,flexible,1,True,False,1858,16047,45576,97,10,10,9,10,10,9,12,1.48,16047,0.8,Uzbekistan,6,False
Anguilla,Type V5,Plasma,ThetaBase Services,1,4,moderate,2,False,False,1650,24103,13897,87,9,8,10,10,9,8,12,1.66,24103,1,United Kingdom,3,False
Malta,Type F5,Quantum,ThetaBase Services,1,4,moderate,0,True,False,1182,16649,60395,94,10,9,10,10,10,10,48,5.83,16649,1,Gibraltar,8,False
Brazil,Type G0,Plasma,ThetaBase Services,3,8,flexible,5,True,False,2989,9693,42245,88,9,10,9,10,8,9,6,0.79,9693,1,Vanuatu,8,False
Bouvet Island (Bouvetoya),Type V5,Plasma,ThetaBase Services,1,2,moderate,1,True,False,1923,48791,72724,89,9,9,9,9,9,9,16,2.03,48791,0.97,Uzbekistan,5,True
Rwanda,Type V5,Quantum,ThetaBase Services,1,2,moderate,1,True,False,1325,28957,46796,88,9,9,10,9,9,9,16,1.96,28957,0,Turkmenistan,2,False
United Kingdom,Type V5,Quantum,ThetaBase Services,1,1,flexible,2,False,False,1390,46949,57236,89,9,9,10,9,9,9,12,1.46,46949,1,Tunisia,4,False
Malta,Type V5,Quantum,ThetaBase Services,1,3,flexible,2,True,False,2430,41224,9460,95,10,10,10,10,10,9,4,0.52,41224,1,Mauritania,3,True
Bosnia and Herzegovina,Type F5,Quantum,ThetaBase Services,1,1,flexible,1,True,False,1143,43935,14461,100,10,10,10,10,9,10,40,5.02,43935,1,Puerto Rico,1,False
Rwanda,Type G0,Plasma,ThetaBase Services,2,4,strict,2,True,False,2911,3389,6283,90,9,10,10,10,9,9,8,1.15,3389,1,Estonia,13,False
Barbados,Type V5,Plasma,ThetaBase Services,1,2,strict,1,False,False,2170,33623,6381,94,10,9,9,10,10,9,10,1.41,33623,1,Nicaragua,1,False
Barbados,Type V5,Plasma,ThetaBase Services,2,4,moderate,3,False,False,3730,18077,49135,80,10,10,8,6,10,10,1,0.16,18077,1,Sao Tome and Principe,139,False
Micronesia,Type F5,Plasma,ThetaBase Services,3,6,moderate,3,False,False,4510,18077,36545,75,8,7,8,8,10,8,4,0.89,18077,1,Sao Tome and Principe,139,False
Faroe Islands,Type F5,Quantum,ThetaBase Services,1,2,strict,1,False,False,1221,24918,29744,93,10,9,10,10,10,10,18,2.67,24918,1,Micronesia,1,False
Marshall Islands,Type V5,Quantum,ThetaBase Services,1,3,strict,1,True,False,1260,33150,52125,50,5,5,6,6,5,6,2,0.25,33150,1,Malta,1,False
Rwanda,Type F5,Quantum,ThetaBase Services,1,2,flexible,1,True,False,1260,46099,46731,73,9,7,10,9,9,8,35,4.41,46099,0.98,Uzbekistan,28,False
Sao Tome and Principe,Type F5,Plasma,ThetaBase Services,3,7,strict,3,False,False,4770,24440,37375,100,10,10,10,10,8,8,1,0.24,24440,1,Uruguay,1,False
United Kingdom,Type V5,Quantum,ThetaBase Services,1,2,moderate,1,True,False,1416,10006,69343,100,10,10,10,10,10,10,9,1.24,10006,1,Tanzania,1,True
Micronesia,Type V5,Quantum,ThetaBase Services,1,2,moderate,1,False,False,1507,4364,48239,95,10,9,10,10,10,10,34,4.29,4364,1,Uganda,1,False
Anguilla,Type V5,Plasma,ThetaBase Services,1,2,strict,1,True,False,2040,29382,19436,100,10,10,10,10,10,10,9,1.24,29382,1,Ghana,4,False
Barbados,Type V5,Plasma,ThetaBase Services,1,3,strict,1,False,False,2040,23734,15163,93,10,9,10,10,10,10,16,2.15,23734,0,Uganda,1,True
Malta,Type F5,Plasma,ThetaBase Services,2,5,strict,3,True,False,2170,13641,44188,89,10,9,10,10,9,9,14,2.09,13641,0.85,Mauritania,23,False
Sao Tome and Principe,Type V2,Plasma,ThetaBase Services,3,6,moderate,4,True,False,2625,3804,60751,100,10,10,10,10,10,10,4,0.85,3804,1,Faroe Islands,1,False
Malta,Type V5,Plasma,ThetaBase Services,2,7,moderate,4,True,False,1975,47046,17301,96,10,10,10,10,10,10,5,0.65,47046,1,Lebanon,9,False
Micronesia,Type F5,Plasma,ThetaBase Services,3,6,flexible,3,True,False,5381,43711,68769,96,10,10,10,10,10,9,6,0.83,43711,1,Rwanda,1,False
Micronesia,Type O3,Quantum,ThetaBase Services,1,2,flexible,2,False,False,1455,8707,41151,91,8,9,10,9,10,9,9,1.26,8707,0.73,Rwanda,21,True
Nicaragua,Type V5,Nuclear,ThetaBase Services,1,1,strict,1,True,False,1195,25706,18292,100,10,10,10,10,10,10,1,0.13,25706,1,Isle of Man,1,False
Micronesia,Type V5,Plasma,ThetaBase Services,3,8,strict,4,True,False,6720,20165,56223,100,10,10,10,10,10,9,5,0.63,20165,0.94,Ukraine,30,False
Sao Tome and Principe,Type V5,Plasma,ThetaBase Services,1,4,strict,2,False,False,2560,13437,39819,100,10,10,8,10,10,10,2,0.9,13437,1,Jersey,1,False
Uzbekistan,Type V5,Quantum,ThetaBase Services,1,2,flexible,1,False,False,1715,29289,52757,100,10,10,10,10,10,10,1,0.15,29289,1,Kiribati,1,False
Barbados,Type V5,Quantum,ThetaBase Services,0,2,moderate,1,True,False,1975,49565,77088,91,9,8,10,9,10,9,19,2.79,49565,0.92,Uganda,14,False
Rwanda,Type V5,Plasma,ThetaBase Services,3,8,strict,4,True,False,1923,29123,16026,83,9,8,9,9,9,9,14,3.11,29123,1,Zimbabwe,16,True
Nicaragua,Type V5,Plasma,ThetaBase Services,3,6,moderate,3,False,False,3080,18077,40018,87,9,8,9,9,9,6,3,0.56,18077,1,Sao Tome and Principe,139,False
Barbados,Type V5,Plasma,ThetaBase Services,2,4,strict,3,False,False,4250,28828,5849,97,10,9,10,10,10,9,18,2.61,28828,1,Isle of Man,198,True
Nicaragua,Type V5,Quantum,ThetaBase Services,1,1,strict,1,True,False,1494,43011,16777,86,9,9,8,9,10,9,23,2.97,43011,1,Wallis and Futuna,6,False
Nicaragua,Type V5,Quantum,ThetaBase Services,1,1,strict,1,True,False,1507,43011,38870,87,9,9,9,9,10,9,27,3.49,43011,1,Wallis and Futuna,6,False
Russian Federation,Type V5,Plasma,ThetaBase Services,1,2,strict,1,True,False,2235,6967,12810,100,10,10,9,10,10,10,12,1.59,6967,1,Russian Federation,1,False
Nicaragua,Type V5,Quantum,ThetaBase Services,1,2,strict,1,True,False,1637,43011,47441,90,9,10,9,8,10,9,30,3.98,43011,1,Wallis and Futuna,6,False
Nicaragua,Type V5,Quantum,ThetaBase Services,1,2,strict,1,True,False,1637,43011,9577,91,9,10,9,8,10,9,30,3.86,43011,1,Wallis and Futuna,6,False
Indonesia,Type V5,Plasma,ThetaBase Services,1,2,moderate,1,True,False,1767,48549,60132,99,10,10,10,10,10,10,21,2.93,48549,1,France,2,False
Barbados,Type G0,Plasma,ThetaBase Services,0,2,strict,1,False,False,2170,27972,37043,84,10,9,9,9,10,9,11,1.44,27972,0.94,Brazil,27,False
Uzbekistan,Type V5,Plasma,ThetaBase Services,1,2,moderate,1,False,False,1520,43590,2766,90,9,10,9,10,10,9,2,0.27,43590,1,Costa Rica,9,False
Rwanda,Type V5,Quantum,ThetaBase Services,0,2,flexible,1,False,False,1520,14358,40664,94,10,10,10,10,10,9,25,3.25,14358,1,Maldives,9,False
Barbados,Type F5,Plasma,ThetaBase Services,3,6,strict,4,False,False,3080,47861,54230,95,10,10,10,10,10,9,21,3.01,47861,1,Montserrat,1,False
Russian Federation,Type V5,Plasma,ThetaBase Services,1,4,strict,1,False,False,1871,45226,51567,100,10,10,10,10,10,10,5,0.67,45226,1,Venezuela,2,True
Rwanda,Type V5,Quantum,ThetaBase Services,0,2,flexible,1,False,False,1585,14358,48181,87,10,9,10,10,10,9,19,2.48,14358,1,Maldives,9,False
United Kingdom,Type V5,Plasma,ThetaBase Services,2,4,moderate,2,False,False,2690,20310,50310,78,9,8,8,8,10,8,13,1.85,20310,1,Andorra,1,False
Gambia,Type F5,Quantum,ThetaBase Services,1,2,flexible,1,False,False,1585,33950,31012,100,10,10,10,10,10,10,6,0.8,33950,1,Gambia,1,True
Russian Federation,Type V5,Plasma,ThetaBase Services,2,5,strict,3,False,False,2053,38893,4791,93,10,9,10,10,10,10,9,2.35,38893,1,Tonga,1,False
Rwanda,Type V5,Quantum,ThetaBase Services,1,4,flexible,1,False,False,1650,14358,68941,90,10,9,10,10,10,9,31,3.89,14358,1,Maldives,9,False
Barbados,Type V5,Plasma,ThetaBase Services,0,2,strict,1,True,False,2027,39952,43569,81,8,8,8,9,10,8,14,1.9,39952,1,Tonga,21,False
Costa Rica,Type F5,Quantum,ThetaBase Services,0,2,flexible,1,True,False,1260,6004,7245,97,10,10,10,10,10,10,23,3.4,6004,0.9,Micronesia,4,False
Costa Rica,Type V5,Plasma,ThetaBase Services,2,4,strict,2,False,False,1676,22686,63865,100,10,10,10,10,9,10,13,1.81,22686,1,French Polynesia,1,True
United Kingdom,Type V5,Plasma,ThetaBase Services,1,2,strict,2,True,False,2157,41791,5236,80,9,7,9,10,8,9,3,2.37,41791,1,Tunisia,1,True
Barbados,Type V5,Quantum,ThetaBase Services,1,2,strict,1,False,False,1715,24118,39675,89,9,9,9,10,10,7,7,0.96,24118,0.98,Ghana,21,True
Barbados,Type V5,Plasma,ThetaBase Services,2,5,strict,5,False,False,4380,13057,4397,98,10,10,10,10,10,9,8,1.06,13057,1,Ukraine,1,False
Bouvet Island (Bouvetoya),Type V5,Plasma,ThetaBase Services,2,4,strict,2,False,False,2430,28828,49353,97,10,10,9,10,10,9,18,2.71,28828,1,Isle of Man,198,True
Wallis and Futuna,Type V5,Quantum,ThetaBase Services,1,3,moderate,2,True,False,1468,24258,25253,99,10,10,10,10,9,10,28,3.89,24258,1,Malta,1,False
Estonia,Type V5,Plasma,ThetaBase Services,0,4,strict,2,True,False,1585,44169,49370,96,10,9,10,10,10,10,10,1.35,44169,0.97,Portugal,39,False
Rwanda,Type V5,Quantum,ThetaBase Services,1,2,flexible,1,False,False,1260,28957,20505,68,8,7,7,8,9,8,8,1.06,28957,0,Turkmenistan,2,False
Micronesia,Type V5,Plasma,ThetaBase Services,0,4,moderate,1,True,False,3327,35914,18552,88,9,9,9,9,9,9,29,4.1,35914,1,China,1,True
Malta,Type F5,Quantum,ThetaBase Services,1,1,flexible,1,False,False,1585,6140,68502,100,10,10,10,10,10,10,4,0.75,6140,1,Marshall Islands,3,False
Guinea,Type V5,Plasma,ThetaBase Services,2,4,strict,2,False,False,2820,43798,51426,92,10,10,9,10,10,9,5,0.8,43798,1,El Salvador,4,True
Barbados,Type V5,Plasma,ThetaBase Services,4,12,strict,6,False,False,6070,24118,6887,80,8,8,8,8,10,10,1,0.48,24118,0.98,Ghana,21,True
Sao Tome and Principe,Type V5,Plasma,ThetaBase Services,2,4,moderate,2,False,False,1910,45991,12712,87,8,7,9,9,9,8,6,1.12,45991,1,Sao Tome and Principe,1,False
Russian Federation,Type V5,Quantum,ThetaBase Services,1,2,strict,1,False,False,1624,48455,3859,100,10,6,10,10,10,10,2,0.74,48455,0.89,Uzbekistan,20,True
Malta,Type F5,Plasma,ThetaBase Services,3,6,moderate,5,False,False,3470,14069,69955,97,10,10,10,10,9,10,15,2.24,14069,1,Mauritania,1,True
Russian Federation,Type V5,Plasma,ThetaBase Services,1,2,flexible,1,True,False,1884,34763,1415,75,8,9,9,9,9,8,15,2.08,34763,1,Russian Federation,4,False
Isle of Man,Type V5,Quantum,ThetaBase Services,1,4,moderate,2,True,False,1975,8355,43141,100,10,10,9,10,9,9,4,0.67,8355,0.87,Togo,16,False
Barbados,Type V5,Plasma,ThetaBase Services,2,5,strict,3,True,False,4705,19958,9588,95,10,9,10,10,10,9,4,0.57,19958,1,Congo,40,True
Uzbekistan,Type F5,Quantum,ThetaBase Services,1,2,strict,1,False,False,1325,4898,72144,94,10,9,10,10,9,9,32,4.3,4898,1,Kiribati,1,False
Brazil,Type V5,Plasma,ThetaBase Services,1,4,flexible,2,True,False,1910,9693,47628,90,10,9,10,9,10,9,2,0.36,9693,1,Vanuatu,8,False
Bouvet Island (Bouvetoya),Type V5,Plasma,ThetaBase Services,1,2,strict,1,False,False,2170,34127,5754,95,10,10,9,10,10,9,23,3.17,34127,1,Uzbekistan,1,False
Barbados,Type V5,Plasma,ThetaBase Services,1,4,flexible,2,False,False,1910,25315,72821,100,10,10,10,10,10,10,9,1.27,25315,1,Uganda,2,True
Nicaragua,Type Z6,Plasma,ThetaBase Services,0,2,strict,1,True,False,1845,45066,36098,88,9,9,10,10,10,9,19,2.71,45066,1,Pakistan,1,False
Niue,Type F5,Quantum,ThetaBase Services,1,2,flexible,1,True,False,1130,26107,18654,97,10,9,10,10,9,9,8,1.07,26107,1,Niue,3,False
Uzbekistan,Type V5,Quantum,ThetaBase Services,1,1,moderate,1,True,False,1520,43578,35213,100,10,10,10,10,10,10,3,0.57,43578,0.9,Kiribati,7,False
Uzbekistan,Type V5,Quantum,ThetaBase Services,1,2,moderate,1,True,False,1585,43578,27069,93,9,10,10,10,9,9,14,2.06,43578,0.9,Kiribati,7,False
United Kingdom,Type V5,Quantum,ThetaBase Services,1,2,moderate,1,True,False,1325,6270,45333,100,10,10,10,10,10,10,10,1.57,6270,1,Monaco,1,False
Barbados,Type V5,Plasma,ThetaBase Services,2,6,strict,3,True,False,4705,19958,65430,60,5,6,7,7,6,6,3,0.46,19958,1,Congo,40,True
United Kingdom,Type V5,Plasma,ThetaBase Services,1,2,moderate,1,False,False,1624,28714,13837,100,10,10,10,10,10,10,13,1.75,28714,1,Monaco,1,True
Sao Tome and Principe,Type G0,Quantum,ThetaBase Services,1,2,strict,1,True,False,2261,19842,64810,70,9,8,9,10,10,10,2,0.8,19842,0.85,Turkmenistan,53,False
Sao Tome and Principe,Type O3,Quantum,ThetaBase Services,1,2,strict,1,True,False,2261,19842,49861,40,6,6,10,8,10,6,1,0.17,19842,0.85,Turkmenistan,53,False
Malta,Type V5,Plasma,ThetaBase Services,2,4,strict,3,False,False,2014,36219,3644,100,10,10,10,10,10,10,5,0.8,36219,1,Brazil,1,True
Barbados,Type V5,Plasma,ThetaBase Services,1,4,strict,1,True,False,2157,39952,47842,87,8,9,9,9,10,9,12,1.72,39952,1,Tonga,21,False
Faroe Islands,Type F5,Plasma,ThetaBase Services,4,7,strict,4,False,False,2820,29244,12021,80,10,6,10,10,10,10,1,0.29,29244,0.67,Micronesia,1,False
Nicaragua,Type V5,Plasma,ThetaBase Services,1,4,strict,1,True,False,2157,4446,32688,87,9,9,10,9,9,9,17,2.25,4446,1,Uganda,58,False
Micronesia,Type G0,Plasma,ThetaBase Services,1,3,strict,1,False,False,2365,30283,34385,80,8,7,10,10,7,7,2,0.97,30283,1,Brazil,15,False
Malta,Type G0,Plasma,ThetaBase Services,1,2,strict,1,False,False,1897,30283,7884,80,8,8,9,9,10,10,2,0.3,30283,1,Brazil,15,False
Barbados,Type V2,Plasma,ThetaBase Services,3,7,strict,0,True,False,8605,19958,16284,100,10,10,10,10,10,9,5,0.76,19958,1,Congo,40,True
Nicaragua,Type V5,Plasma,ThetaBase Services,2,6,strict,3,True,False,2157,20411,5474,88,10,9,9,9,10,9,20,2.9,20411,1,Pakistan,4,True
Barbados,Type V5,Plasma,ThetaBase Services,1,4,flexible,1,True,False,2560,49103,36285,91,10,10,10,10,10,9,17,2.54,49103,0.8,Rwanda,5,False
Uzbekistan,Type F5,Quantum,ThetaBase Services,1,1,flexible,1,True,False,1195,32276,68061,99,10,10,10,10,9,10,17,2.98,32276,1,Kiribati,1,False
Gambia,Type F5,Plasma,ThetaBase Services,2,4,flexible,3,True,False,1234,28602,75201,90,10,9,9,10,9,10,3,0.42,28602,1,Mauritania,2,False
Barbados,Type V5,Plasma,ThetaBase Services,1,3,strict,1,True,False,3275,19958,6599,100,10,10,9,9,10,9,2,0.39,19958,1,Congo,40,True
Switzerland,Type F5,Quantum,ThetaBase Services,1,1,flexible,1,False,False,1169,2553,58087,100,10,10,10,10,9,10,4,1.67,2553,1,Turks and Caicos Islands,3,False
Malta,Type V5,Plasma,ThetaBase Services,2,5,strict,3,False,False,2196,5037,50478,95,10,9,10,10,10,9,22,5.32,5037,1,El Salvador,1,True
Russian Federation,Type V5,Plasma,ThetaBase Services,1,2,moderate,1,False,False,2495,15697,38608,85,10,9,10,10,10,10,4,0.54,15697,0.8,Finland,1,True
Guinea,Type E3,Plasma,ThetaBase Services,2,4,strict,2,False,False,19070,43798,24672,96,10,10,10,10,10,10,15,2.25,43798,1,El Salvador,4,True
Micronesia,Type V5,Plasma,ThetaBase Services,1,4,strict,2,False,False,2105,3994,8331,93,9,9,10,10,10,10,4,0.57,3994,1,Kenya,1,True
Indonesia,Type F5,Quantum,ThetaBase Services,1,2,moderate,1,True,False,1910,31363,71272,93,9,9,10,10,10,9,9,1.69,31363,1,Faroe Islands,1,True
Uzbekistan,Type V7,Plasma,ThetaBase Services,2,4,strict,2,False,False,2820,43008,57740,100,10,10,10,10,10,10,11,1.51,43008,0.98,Costa Rica,5,False
Russian Federation,Type X3,Plasma,ThetaBase Services,1,2,moderate,1,False,False,1910,38201,53940,97,10,9,10,10,9,9,6,0.87,38201,1,Russian Federation,1,False
Micronesia,Type F5,Plasma,ThetaBase Services,2,6,flexible,2,False,False,6720,40364,68407,100,10,10,10,8,10,10,1,0.14,40364,1,Tonga,25,False
Anguilla,Type V5,Plasma,ThetaBase Services,2,4,strict,2,True,False,1858,13105,43806,98,10,10,10,10,9,9,21,2.92,13105,1,Anguilla,2,False
Micronesia,Type G0,Plasma,ThetaBase Services,0,2,strict,1,True,False,2950,11567,26522,100,9,10,10,10,10,10,2,0.3,11567,1,Niger,31,True
Nicaragua,Type V5,Plasma,ThetaBase Services,1,2,strict,1,False,False,2300,28828,27207,97,10,10,10,10,10,9,14,2.02,28828,1,Isle of Man,198,True
Malta,Type V5,Quantum,ThetaBase Services,1,2,flexible,1,True,False,1845,42596,61651,100,10,10,10,10,10,10,5,0.82,42596,1,Brazil,1,False
Barbados,Type V5,Quantum,ThetaBase Services,1,2,strict,1,False,False,1455,36726,47999,94,10,10,10,10,10,10,14,2.4,36726,0.94,Mexico,6,False
Malta,Type V2,Quantum,ThetaBase Services,1,2,flexible,1,False,False,1520,17908,37937,100,10,10,10,10,10,10,13,1.85,17908,1,Mexico,2,False
Gambia,Type V5,Plasma,ThetaBase Services,1,2,flexible,1,True,False,1910,40479,17520,100,10,10,10,10,10,10,20,2.86,40479,1,France,1,False
Sao Tome and Principe,Type V5,Quantum,ThetaBase Services,1,1,moderate,1,False,False,1169,17416,58789,88,9,8,10,9,9,9,5,0.73,17416,0.88,Turkmenistan,1,False
Gambia,Type F5,Quantum,ThetaBase Services,1,2,flexible,1,False,False,1910,33235,8968,60,6,8,10,10,10,6,1,1,33235,0.7,France,2,True
Micronesia,Type V5,Plasma,ThetaBase Services,1,3,strict,1,False,False,2027,42646,60783,83,8,8,10,7,10,7,6,1.03,42646,0.33,Rwanda,4,False
Gambia,Type F5,Plasma,ThetaBase Services,2,5,strict,2,False,False,3470,33235,10239,100,10,10,10,10,10,10,4,0.56,33235,0.7,France,2,True
Bouvet Island (Bouvetoya),Type V5,Plasma,ThetaBase Services,1,4,moderate,1,False,False,2170,24198,9766,40,8,8,10,10,10,4,2,0.36,24198,0.25,French Guiana,4,False
Barbados,Type V5,Plasma,ThetaBase Services,2,5,strict,4,True,False,4497,7184,17738,50,5,5,6,5,6,5,2,0.38,7184,0.77,Reunion,13,False
Malta,Type F5,Quantum,ThetaBase Services,1,1,flexible,1,False,False,1325,31058,32592,96,9,10,10,10,9,10,9,1.34,31058,1,Afghanistan,1,True
Estonia,Type V5,Plasma,ThetaBase Services,1,4,strict,4,True,False,1624,44169,19131,83,9,8,9,9,8,8,16,2.2,44169,0.97,Portugal,39,False
United Kingdom,Type F5,Quantum,ThetaBase Services,1,2,moderate,1,False,False,1390,18955,57563,60,8,4,8,8,6,6,1,0.16,18955,0.9,Denmark,3,False
Barbados,Type V5,Plasma,ThetaBase Services,1,3,moderate,2,True,False,1780,33881,59946,100,10,10,10,10,9,9,21,2.92,33881,1,Djibouti,2,True
Barbados,Type F5,Quantum,ThetaBase Services,1,2,strict,2,True,False,1585,6984,17524,89,9,9,10,10,10,10,34,5.7,6984,1,Suriname,9,False
Rwanda,Type V5,Quantum,ThetaBase Services,1,2,flexible,1,False,False,1780,46664,25997,100,10,10,10,10,10,10,1,0.33,46664,1,Croatia,2,True
Estonia,Type V5,Quantum,ThetaBase Services,1,2,flexible,1,True,False,1195,24556,30112,99,10,10,10,10,9,10,38,5.51,24556,1,Zimbabwe,1,True
Isle of Man,Type V5,Plasma,ThetaBase Services,1,2,flexible,1,True,False,1260,18528,47267,95,9,9,9,9,9,9,8,1.15,18528,0.96,Anguilla,1,False
Uzbekistan,Type V5,Plasma,ThetaBase Services,1,4,strict,2,True,False,1793,22308,6438,100,8,10,10,10,10,8,1,0.29,22308,1,Kiribati,1,False
Nicaragua,Type V5,Plasma,ThetaBase Services,1,6,flexible,1,True,False,2040,34763,71598,80,9,9,9,9,9,9,12,1.78,34763,1,Russian Federation,4,False
Costa Rica,Type V5,Plasma,ThetaBase Services,2,4,moderate,2,True,False,1650,3942,15751,100,10,10,10,10,9,10,3,0.47,3942,1,Svalbard & Jan Mayen Islands,1,False
Barbados,Type O3,Quantum,ThetaBase Services,1,3,strict,2,True,False,1910,27289,10676,86,9,9,9,9,9,9,18,2.51,27289,0.99,Reunion,12,True
Micronesia,Type V5,Quantum,ThetaBase Services,1,2,flexible,2,True,False,2040,23372,63689,100,10,10,10,10,10,10,1,0.15,23372,1,Niger,5,True
Barbados,Type V5,Plasma,ThetaBase Services,0,2,strict,1,True,False,2001,39952,33239,91,9,9,9,10,10,9,13,2.17,39952,1,Tonga,21,False
Barbados,Type V5,Quantum,ThetaBase Services,2,5,moderate,3,True,False,2170,27289,55759,85,9,9,9,9,9,9,46,6.54,27289,0.99,Reunion,12,True
Rwanda,Type V7,Plasma,ThetaBase Services,1,2,strict,1,False,False,2105,6894,53284,100,10,10,10,10,10,10,1,0.25,6894,0.8,Estonia,47,True
United Kingdom,Type V2,Plasma,ThetaBase Services,3,6,moderate,4,True,False,1975,4854,39284,100,9,9,10,10,10,10,3,0.47,4854,1,Monaco,1,False
Russian Federation,Type V5,Quantum,ThetaBase Services,1,2,strict,1,False,False,1637,48455,52528,87,10,8,9,9,10,9,3,0.44,48455,0.89,Uzbekistan,20,True
Micronesia,Type V5,Plasma,ThetaBase Services,1,2,moderate,1,False,False,2625,10920,50469,100,10,10,10,10,10,10,9,1.67,10920,1,Kenya,2,True
Malta,Type V5,Plasma,ThetaBase Services,1,3,strict,2,True,False,1650,1820,63642,100,10,10,10,10,9,10,3,0.51,1820,1,El Salvador,2,False
Bouvet Island (Bouvetoya),Type V5,Quantum,ThetaBase Services,1,2,moderate,1,True,False,1195,8549,76796,100,10,10,10,10,10,10,4,0.94,8549,1,Lebanon,1,True
Malta,Type V5,Plasma,ThetaBase Services,2,6,strict,3,False,False,2534,32007,24885,90,9,10,8,10,8,9,2,0.31,32007,0.8,El Salvador,2,False
Rwanda,Type V5,Plasma,ThetaBase Services,1,3,moderate,2,True,False,2482,22816,52596,96,10,9,10,10,10,9,5,0.81,22816,1,Croatia,1,False
Malta,Type V5,Plasma,ThetaBase Services,4,9,moderate,4,True,False,3795,19327,66677,88,9,9,10,10,8,9,24,3.44,19327,0.9,Mauritania,1,False
Costa Rica,Type V5,Plasma,ThetaBase Services,2,2,flexible,1,True,False,1390,15985,30249,95,9,9,10,10,9,10,4,0.76,15985,0.67,Somalia,1,False
Nicaragua,Type V5,Plasma,ThetaBase Services,2,4,flexible,2,True,False,2235,2612,33851,90,9,8,9,9,10,9,14,2.07,2612,0.94,Cuba,1,False
Barbados,Type V5,Plasma,ThetaBase Services,1,4,strict,2,True,False,2365,40371,11569,83,9,9,10,9,9,8,7,1.21,40371,1,Sao Tome and Principe,1,False
Micronesia,Type V5,Plasma,ThetaBase Services,1,2,strict,1,False,False,2495,49076,58970,100,10,10,10,8,10,8,1,0.24,49076,0.97,Kenya,12,True
Barbados,Type V5,Plasma,ThetaBase Services,1,2,flexible,1,True,False,2820,17262,1053,100,10,10,10,10,10,10,16,3.18,17262,1,Slovakia (Slovak Republic),1,False
Niue,Type F5,Plasma,ThetaBase Services,4,8,strict,4,False,False,11270,36019,29897,100,10,10,10,10,10,10,1,0.21,36019,1,Niue,1,False
Malta,Type V5,Plasma,ThetaBase Services,1,2,strict,1,False,False,1910,28828,72956,95,10,10,10,9,10,10,4,0.63,28828,1,Isle of Man,198,True
Russian Federation,Type V5,Plasma,ThetaBase Services,1,2,moderate,1,False,False,1910,9341,35514,93,9,9,10,10,9,9,9,1.35,9341,1,Russian Federation,1,False
Guinea,Type G0,Plasma,ThetaBase Services,1,3,strict,1,True,False,2625,37646,70665,95,10,10,10,10,10,9,7,1.09,37646,1,Estonia,60,False
United Kingdom,Type V5,Plasma,ThetaBase Services,4,10,strict,4,False,False,3470,28828,36058,96,10,10,9,10,9,9,16,2.89,28828,1,Isle of Man,198,True
Bouvet Island (Bouvetoya),Type V5,Plasma,ThetaBase Services,1,4,strict,1,False,False,3067,24033,33126,100,10,10,10,10,10,10,4,0.55,24033,1,Uganda,45,False
Bouvet Island (Bouvetoya),Type F5,Quantum,ThetaBase Services,1,2,flexible,1,True,False,1520,4566,55728,100,10,10,10,10,10,10,13,2.45,4566,1,French Guiana,1,False
Barbados,Type V5,Plasma,ThetaBase Services,2,6,strict,1,False,False,3457,38701,39194,67,7,6,10,9,10,6,4,0.71,38701,0.4,Niger,27,False
Malta,Type V7,Plasma,ThetaBase Services,2,4,strict,3,False,False,4120,49076,1320,100,10,10,10,10,10,10,4,0.62,49076,0.97,Kenya,12,True
United Kingdom,Type F5,Quantum,ThetaBase Services,1,2,moderate,1,True,False,1325,28830,27125,97,10,10,10,10,10,10,28,4.12,28830,1,Lithuania,2,False
Kenya,Type V2,Quantum,ThetaBase Services,1,2,flexible,1,False,False,1234,41,38073,84,8,8,8,8,8,8,5,0.69,41,1,Portugal,2,False
Russian Federation,Type V5,Quantum,ThetaBase Services,1,2,moderate,1,True,False,1650,39807,16154,94,10,9,10,10,10,10,7,1.35,39807,0.5,Ecuador,1,False
Bouvet Island (Bouvetoya),Type F5,Quantum,ThetaBase Services,1,2,moderate,2,False,False,1910,29688,38719,98,9,10,10,10,10,10,9,1.48,29688,1,French Guiana,1,True
Bouvet Island (Bouvetoya),Type Z6,Quantum,ThetaBase Services,0,1,strict,1,True,False,1325,27507,25754,70,8,8,10,8,10,8,4,0.62,27507,1,Lebanon,2,False
Russian Federation,Type V5,Plasma,ThetaBase Services,2,6,moderate,3,False,False,2495,5943,57254,100,10,10,10,10,10,10,3,0.57,5943,1,Russian Federation,1,False
Uzbekistan,Type V5,Plasma,ThetaBase Services,1,2,flexible,1,True,False,1845,8341,6662,100,10,9,10,10,10,10,2,0.34,8341,1,Costa Rica,2,False
Rwanda,Type V5,Plasma,ThetaBase Services,2,6,strict,4,True,False,2820,18791,38380,97,10,10,10,10,9,10,15,2.74,18791,1,Zimbabwe,8,True
Indonesia,Type D4,Plasma,ThetaBase Services,2,4,flexible,2,True,False,1806,36963,60039,96,10,10,10,10,9,10,18,2.5,36963,1,France,1,False
Russian Federation,Type V5,Plasma,ThetaBase Services,2,5,moderate,3,True,False,2690,120,18382,85,9,9,9,9,9,9,19,3.1,120,1,Cuba,2,False
United Kingdom,Type V5,Plasma,ThetaBase Services,1,2,flexible,2,False,False,1689,912,50858,92,9,8,9,10,10,9,22,3.16,912,1,Monaco,1,False
Russian Federation,Type F5,Quantum,ThetaBase Services,1,2,flexible,1,True,False,1455,19097,5666,100,10,10,10,10,10,10,17,2.79,19097,1,Russian Federation,2,False
Niue,Type F5,Plasma,ThetaBase Services,3,5,flexible,3,True,False,2430,35135,48752,92,8,8,10,10,9,9,5,0.74,35135,1,Niue,1,False
Malta,Type V5,Plasma,ThetaBase Services,1,2,flexible,1,False,False,1793,17801,73723,100,10,10,10,10,10,10,13,1.81,17801,0.8,Mauritania,2,True
Rwanda,Type G0,Plasma,ThetaBase Services,1,2,flexible,1,True,False,2989,3389,71140,96,10,10,10,10,10,9,5,1.03,3389,1,Estonia,13,False
Malta,Type V5,Quantum,ThetaBase Services,1,2,flexible,1,True,False,1390,47256,21237,95,10,9,9,10,9,9,23,3.3,47256,0.5,Marshall Islands,1,False
Rwanda,Type V5,Plasma,ThetaBase Services,2,3,moderate,2,False,False,1780,11744,75289,90,10,10,10,10,10,9,5,0.83,11744,1,Kenya,4,False
Malta,Type V5,Plasma,ThetaBase Services,2,4,strict,2,False,False,2040,20587,64324,86,9,9,9,9,9,9,7,1.24,20587,1,Brazil,1,False
United Kingdom,Type V5,Plasma,ThetaBase Services,2,6,moderate,4,False,False,2170,26373,4278,93,10,8,9,9,8,9,4,0.69,26373,1,Lithuania,1,False
Niue,Type V2,Quantum,ThetaBase Services,1,2,strict,1,False,False,1650,36327,34787,100,10,10,10,10,10,10,1,0.81,36327,1,Guinea,5,True
Barbados,Type F5,Plasma,ThetaBase Services,4,8,strict,5,True,False,5160,29382,46403,100,10,10,10,10,10,10,3,1.5,29382,1,Ghana,4,False
Barbados,Type V5,Quantum,ThetaBase Services,1,3,strict,2,True,False,1910,27289,1042,87,9,9,9,10,9,9,33,4.74,27289,0.99,Reunion,12,True
Barbados,Type V5,Quantum,ThetaBase Services,2,6,flexible,4,True,False,2365,27289,30626,84,9,9,9,9,10,9,31,4.47,27289,0.99,Reunion,12,True
Nicaragua,Type V5,Quantum,ThetaBase Services,1,2,moderate,1,False,False,1520,13160,26142,98,10,10,10,10,10,10,56,8.48,13160,1,Cape Verde,5,True
Nicaragua,Type V5,Plasma,ThetaBase Services,1,6,strict,1,True,False,2157,4446,54573,80,9,8,9,10,9,9,6,0.85,4446,1,Uganda,58,False
United Kingdom,Type V5,Nuclear,ThetaBase Services,1,1,strict,1,False,False,1260,46949,24737,95,9,10,9,10,10,9,15,2.15,46949,1,Tunisia,4,False
Barbados,Type F5,Plasma,ThetaBase Services,3,7,strict,3,False,False,6980,4330,35246,100,10,10,10,10,10,10,1,0.25,4330,0.94,Ukraine,60,True
Barbados,Type V5,Plasma,ThetaBase Services,2,5,strict,3,False,False,4575,4330,54871,60,2,8,8,10,10,8,1,0.21,4330,0.94,Ukraine,60,True
Barbados,Type V5,Plasma,ThetaBase Services,2,4,strict,2,False,False,4770,4330,60372,100,10,10,10,10,10,10,1,0.48,4330,0.94,Ukraine,60,True
Rwanda,Type V5,Plasma,ThetaBase Services,1,2,moderate,1,True,False,1377,29119,55192,100,10,10,10,10,10,10,1,0.55,29119,1,Nicaragua,2,False
Malta,Type V5,Quantum,ThetaBase Services,1,2,strict,1,False,False,1520,5173,35602,97,10,10,10,10,10,10,7,1.05,5173,1,El Salvador,2,False
Estonia,Type V5,Plasma,ThetaBase Services,0,3,strict,2,True,False,1598,44169,48749,60,5,4,9,8,7,6,2,0.4,44169,0.97,Portugal,39,False
Niue,Type F5,Plasma,ThetaBase Services,4,6,moderate,3,False,False,1910,10400,32886,92,10,9,10,9,9,9,10,1.6,10400,1,Paraguay,4,True
Barbados,Type V5,Plasma,ThetaBase Services,2,4,flexible,2,True,False,2300,3571,53349,100,10,8,10,10,10,10,2,0.94,3571,1,Bouvet Island (Bouvetoya),3,True
Bouvet Island (Bouvetoya),Type V5,Plasma,ThetaBase Services,2,4,flexible,2,True,False,2508,44593,45210,100,10,9,10,10,10,10,5,1.44,44593,0.83,Gambia,1,False
Nicaragua,Type V5,Plasma,ThetaBase Services,0,2,moderate,1,False,False,1884,46332,32236,93,10,9,10,10,10,10,7,1.05,46332,1,Isle of Man,1,False
Niue,Type F5,Plasma,ThetaBase Services,4,7,moderate,5,False,False,4120,6430,53252,100,10,9,10,10,10,9,4,0.92,6430,1,Niue,2,True
Gambia,Type V5,Plasma,ThetaBase Services,3,12,moderate,4,False,False,2235,23497,28695,100,10,10,10,10,10,10,4,0.78,23497,0.8,Gambia,3,False
Kiribati,Type F5,Plasma,ThetaBase Services,4,9,flexible,5,True,False,2430,14470,3616,87,9,8,10,10,10,9,22,3.35,14470,1,Nicaragua,1,False
Indonesia,Type F5,Quantum,ThetaBase Services,2,2,moderate,2,True,False,1130,31718,8508,91,9,9,10,10,9,10,7,1.4,31718,1,France,6,False
Rwanda,Type V5,Quantum,ThetaBase Services,1,2,flexible,1,False,False,1377,6191,54668,96,10,8,10,10,9,9,10,1.42,6191,1,Uzbekistan,2,True
Uzbekistan,Type V5,Plasma,ThetaBase Services,1,4,strict,1,True,False,3210,33873,28135,90,10,8,9,10,10,10,2,0.36,33873,1,Turks and Caicos Islands,8,True
Malta,Type V5,Plasma,ThetaBase Services,2,9,strict,2,True,False,4120,33873,4911,68,8,8,8,9,8,8,8,1.3,33873,1,Turks and Caicos Islands,8,True
Uzbekistan,Type V5,Quantum,ThetaBase Services,1,2,flexible,1,True,False,1377,8341,37301,99,10,10,10,10,10,10,32,4.82,8341,1,Costa Rica,2,False
Nicaragua,Type V5,Plasma,ThetaBase Services,2,5,strict,3,True,False,2495,16573,30522,85,9,9,10,10,10,9,49,6.87,16573,1,Cuba,2,False
Bouvet Island (Bouvetoya),Type F5,Quantum,ThetaBase Services,1,2,moderate,1,False,False,1455,47974,17203,95,9,10,10,10,9,10,12,2.09,47974,1,Lebanon,2,False
Sao Tome and Principe,Type L7,Quantum,ThetaBase Services,2,4,strict,2,False,False,2430,452,68757,96,10,10,10,10,10,9,24,3.67,452,1,Ghana,3,False
Barbados,Type V5,Plasma,ThetaBase Services,2,8,strict,4,False,False,3145,7967,23786,96,9,9,10,10,10,9,9,1.67,7967,1,Venezuela,1,False
Gambia,Type F5,Plasma,ThetaBase Services,2,6,strict,2,True,False,2300,11913,11048,97,10,10,10,10,9,9,6,0.95,11913,1,Gambia,5,False
Niue,Type V5,Plasma,ThetaBase Services,2,4,strict,2,False,False,2430,28828,5612,96,10,8,10,10,9,8,5,1.15,28828,1,Isle of Man,198,True
Barbados,Type V5,Quantum,ThetaBase Services,1,2,strict,1,True,False,3470,42286,61455,98,10,10,10,10,10,10,12,2.02,42286,0.94,Vietnam,9,True
Barbados,Type V5,Plasma,ThetaBase Services,1,3,strict,1,True,False,3067,7184,21153,67,7,7,7,7,7,7,3,1.34,7184,0.77,Reunion,13,False
Malta,Type V5,Plasma,ThetaBase Services,1,4,strict,2,True,False,2820,5173,58786,89,10,7,10,10,10,9,9,1.44,5173,1,El Salvador,2,False
Rwanda,Type V5,Quantum,ThetaBase Services,1,2,strict,1,True,False,1650,8489,63399,89,9,9,9,9,8,8,9,1.34,8489,1,Zimbabwe,2,False
Kiribati,Type G0,Plasma,ThetaBase Services,0,2,flexible,1,True,False,1845,11125,21809,85,8,10,9,9,8,8,8,1.42,11125,1,Nicaragua,12,True
Bouvet Island (Bouvetoya),Type F5,Quantum,ThetaBase Services,1,2,moderate,1,True,False,1299,2633,74978,91,10,8,10,10,10,10,7,1.08,2633,1,Lebanon,1,True
Nicaragua,Type V5,Plasma,ThetaBase Services,1,4,strict,1,True,False,2040,3961,12122,96,10,10,10,10,9,9,22,3.27,3961,1,Fiji,8,False
Nicaragua,Type V5,Plasma,ThetaBase Services,1,4,strict,2,True,False,2040,3961,4199,95,10,10,10,10,9,10,26,3.71,3961,1,Fiji,8,False
United Kingdom,Type F5,Quantum,ThetaBase Services,1,2,flexible,1,False,False,1260,18955,31161,70,8,7,9,9,9,8,4,0.62,18955,0.9,Denmark,3,False
Barbados,Type V5,Plasma,ThetaBase Services,1,2,moderate,1,False,False,2690,38921,12380,89,10,9,8,9,10,9,13,2.07,38921,1,Montserrat,1,False
Nicaragua,Type V5,Plasma,ThetaBase Services,1,4,strict,1,True,False,2170,5136,72775,80,9,9,9,10,9,8,6,1.08,5136,1,Cape Verde,1,True
Rwanda,Type V5,Plasma,ThetaBase Services,1,5,strict,2,False,False,2170,5679,18882,92,10,9,10,10,10,9,11,2.26,5679,1,Maldives,1,False
Barbados,Type V5,Plasma,ThetaBase Services,3,6,strict,3,False,False,2560,24033,63891,90,10,7,10,9,10,9,4,0.63,24033,1,Uganda,45,False
Gambia,Type F5,Quantum,ThetaBase Services,1,2,flexible,1,True,False,1156,22634,58766,90,9,9,10,10,8,10,8,1.28,22634,1,Gambia,3,False
Indonesia,Type F5,Quantum,ThetaBase Services,1,2,flexible,1,False,False,1390,4253,38458,100,10,10,10,10,10,10,1,0.24,4253,1,France,1,True
United Kingdom,Type V5,Plasma,ThetaBase Services,1,2,flexible,1,False,False,2820,15247,54643,95,9,9,10,9,9,9,15,2.65,15247,1,Tunisia,1,False
Faroe Islands,Type F5,Quantum,ThetaBase Services,1,1,strict,1,True,False,1182,3167,28261,95,10,10,10,10,9,9,23,3.38,3167,1,Micronesia,3,False
Malta,Type V5,Plasma,ThetaBase Services,1,2,strict,2,False,False,1897,31839,50707,89,9,8,9,9,9,9,7,1.19,31839,1,Mauritania,1,False
Malta,Type V2,Quantum,ThetaBase Services,1,2,flexible,1,True,False,1715,45289,46941,100,10,10,10,10,8,10,1,0.25,45289,0,Marshall Islands,1,False
Micronesia,Type F5,Plasma,ThetaBase Services,1,2,strict,1,True,False,3990,12164,75811,100,6,6,10,10,10,6,1,0.88,12164,1,Nicaragua,8,False
Malta,Type V5,Plasma,ThetaBase Services,1,2,flexible,1,True,False,2352,32729,11425,100,10,9,10,10,10,10,3,0.47,32729,0.9,Indonesia,1,False
Russian Federation,Type U1,Quantum,ThetaBase Services,0,2,strict,1,True,False,1585,11639,21182,100,10,9,10,10,10,10,3,0.47,11639,0,Russian Federation,2,False
Malta,Type F5,Quantum,ThetaBase Services,1,2,moderate,1,False,False,1767,13577,55913,98,10,10,10,10,9,9,8,1.26,13577,0.9,Brazil,2,False
Barbados,Type V5,Plasma,ThetaBase Services,2,4,strict,2,True,False,2287,39952,32166,71,8,8,8,9,9,7,11,1.76,39952,1,Tonga,21,False
Rwanda,Type V5,Plasma,ThetaBase Services,2,4,moderate,1,False,False,2040,7339,71541,70,10,9,10,8,9,9,7,1.27,7339,1,Zimbabwe,1,False
Niue,Type V5,Plasma,ThetaBase Services,1,2,strict,1,False,False,1715,28828,61681,96,10,10,10,10,9,9,11,1.75,28828,1,Isle of Man,198,True
Wallis and Futuna,Type V5,Plasma,ThetaBase Services,3,6,strict,4,False,False,2820,28828,66458,100,10,10,10,10,10,10,1,0.2,28828,1,Isle of Man,198,True
Micronesia,Type F5,Plasma,ThetaBase Services,2,4,strict,2,True,False,3145,21240,5488,100,10,10,8,10,10,10,2,0.36,21240,0.94,Niger,130,False
Isle of Man,Type V5,Quantum,ThetaBase Services,1,4,moderate,2,True,False,2040,8355,1153,100,6,10,10,10,6,6,1,0.47,8355,0.87,Togo,16,False
Micronesia,Type G0,Plasma,ThetaBase Services,0,4,moderate,1,True,False,2521,21240,34191,100,10,10,10,10,10,9,2,0.3,21240,0.94,Niger,130,False
Indonesia,Type F5,Plasma,ThetaBase Services,2,4,moderate,2,False,False,1650,33518,50926,87,9,9,9,10,9,9,3,0.53,33518,1,France,1,False
Micronesia,Type G0,Plasma,ThetaBase Services,2,6,moderate,2,True,False,3275,21240,13044,100,10,9,10,10,10,9,3,1.5,21240,0.94,Niger,130,False
Micronesia,Type G0,Plasma,ThetaBase Services,1,4,moderate,1,True,False,2794,21240,68054,90,10,9,10,9,10,8,2,0.41,21240,0.94,Niger,130,False
United Kingdom,Type V2,Quantum,ThetaBase Services,1,2,flexible,1,False,False,1260,34831,62996,100,10,10,10,10,10,10,31,4.79,34831,1,Denmark,2,False
Micronesia,Type V5,Plasma,ThetaBase Services,3,8,flexible,3,False,False,13220,20165,50609,40,3,3,6,6,6,3,2,0.36,20165,0.94,Ukraine,30,False
United Kingdom,Type V5,Plasma,ThetaBase Services,2,7,strict,4,False,False,2495,9354,32430,78,8,8,9,9,9,9,9,1.62,9354,1,Spain,12,False
Barbados,Type V5,Plasma,ThetaBase Services,4,12,strict,6,False,False,7370,24118,73516,60,6,6,8,8,8,4,1,0.56,24118,0.98,Ghana,21,True
Bouvet Island (Bouvetoya),Type V5,Plasma,ThetaBase Services,1,3,strict,1,False,False,1871,32161,65563,95,10,10,10,10,10,10,4,0.63,32161,1,Nicaragua,5,True
United Kingdom,Type F5,Quantum,ThetaBase Services,1,1,strict,1,False,False,1065,46340,26715,60,10,10,10,10,10,10,1,0.15,46340,1,Denmark,3,True
Niue,Type V5,Quantum,ThetaBase Services,1,2,strict,1,True,False,1455,43350,76383,87,9,9,10,10,10,9,19,2.84,43350,1,Isle of Man,2,True
Rwanda,Type U1,Quantum,ThetaBase Services,1,2,strict,1,True,False,2040,41856,32671,100,10,10,10,10,10,10,1,0.18,41856,1,Maldives,13,True
Micronesia,Type V5,Plasma,ThetaBase Services,1,2,strict,2,False,False,3145,6312,44064,96,10,10,10,10,10,10,14,2.76,6312,1,Kenya,1,False
Switzerland,Type F5,Quantum,ThetaBase Services,1,1,moderate,1,True,False,1234,30031,68071,83,9,9,9,9,9,8,6,1.15,30031,1,Turks and Caicos Islands,2,True
Isle of Man,Type V5,Plasma,ThetaBase Services,1,4,moderate,2,True,False,1975,8355,69322,100,10,10,10,10,10,10,11,2.21,8355,0.87,Togo,16,False
Nicaragua,Type V5,Quantum,ThetaBase Services,1,1,strict,1,True,False,1377,43011,61048,90,9,9,9,8,10,9,35,5.12,43011,1,Wallis and Futuna,6,False
Barbados,Type V5,Plasma,ThetaBase Services,1,4,strict,2,False,False,2937,7184,14755,87,7,9,10,7,9,9,4,1.33,7184,0.77,Reunion,13,False
Kenya,Type F5,Quantum,ThetaBase Services,2,4,strict,2,True,False,1715,27597,48464,92,10,9,10,10,10,9,5,0.86,27597,1,Portugal,7,True
United Kingdom,Type V5,Plasma,ThetaBase Services,2,4,strict,2,False,False,1390,11600,76510,100,10,10,10,10,10,10,10,3.23,11600,1,Gibraltar,1,True
Anguilla,Type V2,Quantum,ThetaBase Services,1,2,strict,1,True,False,1390,30658,70699,80,9,7,10,10,8,9,5,0.75,30658,1,United Kingdom,2,False
Wallis and Futuna,Type V5,Quantum,ThetaBase Services,1,1,moderate,1,True,False,1910,22355,72355,20,4,2,4,4,6,2,1,1,22355,1,Malta,1,False
Russian Federation,Type V5,Quantum,ThetaBase Services,1,2,strict,1,False,False,1546,26755,56713,100,10,10,10,10,10,10,3,0.73,26755,1,Russian Federation,2,True
Marshall Islands,Type V2,Quantum,ThetaBase Services,1,2,moderate,1,False,False,1390,46973,72019,100,10,10,10,10,10,9,3,0.46,46973,1,Malta,2,True
Rwanda,Type U1,Quantum,ThetaBase Services,1,2,strict,1,True,False,1910,41856,7439,60,8,2,2,6,10,6,1,0.46,41856,1,Maldives,13,True
Rwanda,Type U1,Quantum,ThetaBase Services,1,2,strict,1,True,False,2040,41856,46336,93,9,10,9,8,9,9,3,1.2,41856,1,Maldives,13,True
Rwanda,Type U1,Quantum,ThetaBase Services,1,1,strict,1,True,False,1845,41856,57470,60,8,4,10,10,10,6,1,1,41856,1,Maldives,13,True
Russian Federation,Type U1,Quantum,ThetaBase Services,0,2,strict,1,True,False,1455,11639,4254,90,10,10,10,10,10,9,2,0.38,11639,0,Russian Federation,2,False
Russian Federation,Type V5,Plasma,ThetaBase Services,2,6,strict,2,False,False,2430,26755,76069,93,9,9,10,10,10,10,3,0.58,26755,1,Russian Federation,2,True
Sao Tome and Principe,Type V5,Plasma,ThetaBase Services,1,2,flexible,1,True,False,1910,42589,20250,93,10,9,9,10,10,10,7,1.08,42589,1,Turkmenistan,1,False
Costa Rica,Type V5,Quantum,ThetaBase Services,1,2,flexible,1,False,False,1325,3483,8005,98,10,10,10,10,9,10,10,1.88,3483,1,Micronesia,4,True
Micronesia,Type F5,Plasma,ThetaBase Services,1,2,flexible,1,False,False,2690,8398,408,98,10,10,10,10,9,10,12,1.9,8398,1,Kenya,1,False
Kiribati,Type V5,Plasma,ThetaBase Services,2,4,moderate,2,False,False,2560,18077,21625,80,8,10,10,10,8,10,1,0.23,18077,1,Sao Tome and Principe,139,False
Gambia,Type F5,Quantum,ThetaBase Services,1,2,flexible,1,True,False,1273,28602,40454,97,10,10,10,10,9,10,31,5.74,28602,1,Mauritania,2,False
Malta,Type V5,Plasma,ThetaBase Services,2,4,moderate,3,False,False,2820,18077,60058,90,9,10,9,9,9,10,2,0.6,18077,1,Sao Tome and Principe,139,False
Micronesia,Type V5,Quantum,ThetaBase Services,0,3,strict,2,False,False,2157,10883,17686,80,7,8,9,9,10,8,7,1.21,10883,1,Niger,8,True
Barbados,Type V5,Plasma,ThetaBase Services,1,2,flexible,1,False,False,3600,40296,71908,90,9,9,10,9,10,8,11,1.83,40296,1,Ukraine,1,False
Russian Federation,Type V5,Plasma,ThetaBase Services,1,5,strict,3,True,False,2352,36206,61385,73,10,10,10,10,8,7,3,0.91,36206,0.86,Russian Federation,10,False
United Kingdom,Type V5,Plasma,ThetaBase Services,1,2,strict,1,True,False,1910,21487,31936,96,10,10,10,10,9,10,11,1.82,21487,1,Tanzania,1,False
Rwanda,Type V5,Plasma,ThetaBase Services,0,4,strict,2,True,False,1910,17515,58706,88,9,9,10,9,9,9,10,2.19,17515,1,Philippines,5,False
Rwanda,Type V5,Quantum,ThetaBase Services,1,2,strict,1,False,False,1806,44477,15879,98,10,10,10,10,10,9,12,2.42,44477,0.9,Maldives,3,True
Costa Rica,Type V5,Plasma,ThetaBase Services,1,2,flexible,1,True,False,1910,18016,71939,100,10,9,10,10,10,10,4,0.63,18016,1,Somalia,1,True
Barbados,Type V5,Plasma,ThetaBase Services,1,6,moderate,3,True,False,3847,41546,76081,60,6,6,10,10,10,8,1,0.42,41546,1,Mauritania,21,False
Nicaragua,Type V5,Quantum,ThetaBase Services,1,2,moderate,1,True,False,2170,2036,21319,100,10,10,10,10,10,10,15,2.31,2036,1,Slovakia (Slovak Republic),3,False
Barbados,Type V5,Plasma,ThetaBase Services,1,4,strict,1,False,False,3210,14748,20421,91,9,9,10,10,10,9,9,1.34,14748,0.8,Nicaragua,1,False
Russian Federation,Type Z6,Plasma,ThetaBase Services,1,2,flexible,1,True,False,2820,35078,64814,100,10,10,10,10,10,10,3,0.47,35078,1,Venezuela,1,False
Nicaragua,Type V5,Plasma,ThetaBase Services,2,7,strict,3,False,False,3197,24026,67245,89,9,9,10,10,10,9,13,3.25,24026,0.98,Cape Verde,69,True
Russian Federation,Type V5,Plasma,ThetaBase Services,2,4,strict,2,False,False,1910,28828,2269,92,9,10,9,10,8,9,13,2.28,28828,1,Isle of Man,198,True
Micronesia,Type V5,Plasma,ThetaBase Services,2,4,moderate,2,False,False,2560,46092,35540,91,9,9,10,10,10,9,12,1.91,46092,1,Rwanda,1,False
Russian Federation,Type V5,Plasma,ThetaBase Services,2,2,moderate,1,False,False,2430,41553,17342,93,10,10,9,10,9,9,3,0.71,41553,1,Tonga,2,False
Uzbekistan,Type F5,Quantum,ThetaBase Services,1,2,moderate,1,True,False,1260,13042,53373,92,9,9,10,10,10,9,15,2.39,13042,1,Costa Rica,5,False
Uzbekistan,Type F5,Quantum,ThetaBase Services,1,2,moderate,1,True,False,1234,13042,42248,90,9,9,9,10,9,9,14,2.21,13042,1,Costa Rica,5,False
Uzbekistan,Type V2,Quantum,ThetaBase Services,1,2,flexible,1,True,False,1715,29717,67799,100,9,10,10,10,10,9,4,0.71,29717,1,Kiribati,3,False
Barbados,Type V5,Plasma,ThetaBase Services,0,2,moderate,1,True,False,2027,49565,74273,65,8,6,10,6,10,7,4,0.79,49565,0.92,Uganda,14,False
Uzbekistan,Type V2,Quantum,ThetaBase Services,1,2,flexible,1,True,False,1715,29717,67334,100,10,10,10,10,10,10,6,1.04,29717,1,Kiribati,3,False
Marshall Islands,Type V2,Quantum,ThetaBase Services,1,2,moderate,1,False,False,1260,46973,11603,100,10,10,10,10,10,10,13,2.34,46973,1,Malta,2,True
United Kingdom,Type V5,Quantum,ThetaBase Services,2,1,flexible,1,True,False,1130,11107,26245,96,10,9,10,10,9,10,27,4.22,11107,1,Tanzania,1,False
Rwanda,Type F5,Quantum,ThetaBase Services,1,1,flexible,1,True,False,1234,41346,6165,89,10,9,10,10,9,9,11,1.95,41346,0.97,Estonia,7,True
Barbados,Type V5,Plasma,ThetaBase Services,1,2,strict,1,False,False,2807,4633,9850,90,10,10,10,10,10,9,2,0.34,4633,1,Benin,4,False
Estonia,Type F5,Plasma,ThetaBase Services,2,4,strict,2,True,False,1910,28828,71969,100,10,9,10,10,10,10,2,0.35,28828,1,Isle of Man,198,True
Sao Tome and Principe,Type F5,Quantum,ThetaBase Services,1,2,strict,1,False,False,1650,452,37153,100,10,10,10,10,10,10,7,1.1,452,1,Ghana,3,False
Rwanda,Type V5,Plasma,ThetaBase Services,0,4,strict,2,False,False,1910,16295,50667,80,9,8,9,9,9,8,14,2.76,16295,0.96,Philippines,5,False
Gambia,Type V5,Quantum,ThetaBase Services,1,2,strict,1,False,False,1377,5941,46512,80,9,7,10,10,7,8,2,0.3,5941,1,Gambia,2,False
Barbados,Type V5,Plasma,ThetaBase Services,2,7,strict,3,False,False,2820,23143,61096,67,8,7,9,8,10,7,10,1.51,23143,0.65,Bouvet Island (Bouvetoya),14,False
Anguilla,Type V5,Plasma,ThetaBase Services,3,5,strict,3,True,False,2820,28030,61874,90,10,9,9,9,10,10,10,1.55,28030,0.9,Anguilla,1,False
Barbados,Type V5,Plasma,ThetaBase Services,1,4,moderate,1,False,False,2716,8707,47243,100,10,10,10,10,10,9,6,1.18,8707,0.73,Rwanda,21,True
Indonesia,Type V5,Plasma,ThetaBase Services,2,4,strict,2,False,False,2430,28828,63895,100,10,10,10,10,10,10,9,1.55,28828,1,Isle of Man,198,True
Marshall Islands,Type F5,Plasma,ThetaBase Services,2,4,strict,2,False,False,2014,39033,7549,96,10,10,10,10,10,10,5,0.93,39033,0.5,Russian Federation,1,False
Micronesia,Type V5,Plasma,ThetaBase Services,1,6,strict,3,True,False,4380,20165,31466,100,10,10,10,10,10,10,3,0.56,20165,0.94,Ukraine,30,False
Niue,Type V5,Plasma,ThetaBase Services,2,4,moderate,2,False,False,2157,31771,30475,40,10,4,8,8,10,8,1,1,31771,1,Guinea,1,False
Russian Federation,Type V5,Plasma,ThetaBase Services,1,2,moderate,1,False,False,1975,11809,52316,89,9,9,9,10,9,9,7,1.26,11809,1,Russian Federation,1,False
Indonesia,Type V5,Quantum,ThetaBase Services,1,2,strict,1,True,False,1260,45491,35563,94,10,10,10,10,10,10,13,2,45491,1,France,1,False
Malta,Type V5,Plasma,ThetaBase Services,2,4,strict,2,False,False,2547,9846,57024,97,10,10,10,10,10,10,40,6.06,9846,1,Indonesia,3,True
Pakistan,Type E3,Quantum,ThetaBase Services,1,2,moderate,0,True,False,1897,24146,22150,98,10,10,10,10,10,10,40,6.45,24146,1,Cocos (Keeling) Islands,1,False
Rwanda,Type F5,Quantum,ThetaBase Services,1,2,flexible,1,False,False,1312,11549,22180,90,10,8,10,10,10,10,5,0.98,11549,1,Zimbabwe,1,True
Barbados,Type V5,Plasma,ThetaBase Services,1,4,strict,1,True,False,2196,1207,62453,87,9,8,10,10,10,9,23,4.34,1207,1,Nicaragua,7,False
Niue,Type V5,Plasma,ThetaBase Services,0,3,flexible,1,True,False,1637,25549,64429,91,10,10,10,9,9,9,14,2.41,25549,1,Guinea,1,False
Marshall Islands,Type V5,Plasma,ThetaBase Services,2,6,strict,4,False,False,1910,19469,37205,92,10,10,9,9,8,9,5,1.29,19469,1,Russian Federation,1,False
Bouvet Island (Bouvetoya),Type V5,Quantum,ThetaBase Services,1,2,moderate,1,False,False,1455,29968,12742,98,10,10,10,10,10,10,53,8.46,29968,1,French Guiana,1,False
Sao Tome and Principe,Type V2,Quantum,ThetaBase Services,1,2,flexible,1,True,False,2105,3122,48556,98,10,10,10,10,10,10,8,1.27,3122,1,Peru,1,False
Costa Rica,Type V5,Quantum,ThetaBase Services,0,1,moderate,1,False,False,1260,4851,19495,100,10,10,10,10,10,10,2,0.34,4851,0,Chad,1,False
United Kingdom,Type V5,Quantum,ThetaBase Services,1,2,strict,1,True,False,1455,24288,45658,100,10,10,10,10,10,10,5,0.93,24288,1,Senegal,4,False
Nicaragua,Type V5,Plasma,ThetaBase Services,3,5,moderate,3,False,False,2625,45989,13488,92,10,10,9,10,10,9,5,1.72,45989,0.9,Isle of Man,1,False
Rwanda,Type V5,Plasma,ThetaBase Services,3,9,strict,5,False,False,2235,8338,46143,70,6,8,7,9,7,8,2,0.4,8338,0.75,Korea,2,False
Sao Tome and Principe,Type V5,Plasma,ThetaBase Services,1,4,moderate,3,False,False,2417,6020,69540,95,10,10,10,10,10,9,12,1.95,6020,1,Isle of Man,1,True
Uzbekistan,Type V5,Quantum,ThetaBase Services,1,2,strict,1,False,False,1455,32025,22318,98,10,10,10,10,10,10,11,3.88,32025,1,Costa Rica,1,False
Russian Federation,Type V5,Plasma,ThetaBase Services,1,2,flexible,1,False,False,1585,29854,37334,100,10,10,10,10,10,10,9,1.72,29854,1,Russian Federation,1,True
Niue,Type V5,Plasma,ThetaBase Services,2,6,strict,3,False,False,3145,24349,33540,100,10,10,10,10,10,8,6,1.36,24349,1,Guinea,2,True
Russian Federation,Type V5,Quantum,ThetaBase Services,1,2,flexible,1,True,False,1416,25503,59048,100,10,10,10,10,9,10,8,3.75,25503,1,Gambia,1,True
Russian Federation,Type V5,Plasma,ThetaBase Services,2,4,strict,4,True,False,2820,22174,19423,100,10,10,10,10,9,10,3,1.36,22174,1,Russian Federation,1,False
Nicaragua,Type V5,Quantum,ThetaBase Services,1,2,strict,1,True,False,1390,43350,50449,95,10,9,9,10,9,9,11,1.8,43350,1,Isle of Man,2,True
Faroe Islands,Type F5,Plasma,ThetaBase Services,4,8,flexible,6,False,False,2690,47497,607,100,10,10,10,10,10,10,1,0.25,47497,1,Micronesia,1,False
Wallis and Futuna,Type V5,Plasma,ThetaBase Services,1,4,strict,2,False,False,2417,657,43449,98,10,10,10,10,10,9,19,3.73,657,1,Marshall Islands,2,False
Anguilla,Type F5,Quantum,ThetaBase Services,1,2,strict,1,True,False,1390,30658,72030,60,8,8,10,8,8,10,1,0.19,30658,1,United Kingdom,2,False
Malta,Type F5,Plasma,ThetaBase Services,4,7,strict,4,False,False,3210,35854,38906,97,10,10,10,10,10,8,6,1.18,35854,1,Mexico,1,False
Kenya,Type F5,Quantum,ThetaBase Services,1,2,moderate,1,True,False,1260,40090,75556,98,10,10,10,10,9,10,9,1.75,40090,1,Portugal,1,False
Nicaragua,Type V5,Plasma,ThetaBase Services,2,6,strict,3,False,False,3925,48339,70936,100,10,9,10,10,10,9,6,1.64,48339,1,Slovakia (Slovak Republic),2,False
Barbados,Type V5,Quantum,ThetaBase Services,3,7,moderate,4,True,False,3145,27289,12658,85,9,8,10,9,9,9,30,4.95,27289,0.99,Reunion,12,True
Barbados,Type G0,Plasma,ThetaBase Services,1,2,strict,2,False,False,2066,17789,48817,85,9,9,10,10,10,9,22,3.71,17789,0.94,Reunion,6,False
Nicaragua,Type V5,Plasma,ThetaBase Services,2,6,strict,2,True,False,3067,4446,55105,90,9,9,10,10,10,9,14,2.2,4446,1,Uganda,58,False
Malta,Type V2,Quantum,ThetaBase Services,3,6,strict,4,False,False,2820,40626,66576,80,8,8,8,8,8,6,1,0.28,40626,0.93,United Kingdom,5,True
Barbados,Type V5,Quantum,ThetaBase Services,1,4,moderate,2,True,False,2625,9345,36862,98,10,10,10,10,10,10,8,1.6,9345,1,Bosnia and Herzegovina,4,False
Sao Tome and Principe,Type L7,Plasma,ThetaBase Services,3,6,strict,3,False,False,4510,452,23453,96,10,10,10,10,9,9,5,1.26,452,1,Ghana,3,False
Malta,Type V5,Plasma,ThetaBase Services,0,4,flexible,1,True,False,2131,18591,72310,80,9,7,10,9,10,9,3,0.53,18591,1,Brazil,1,False
Gambia,Type V5,Quantum,ThetaBase Services,1,2,flexible,1,False,False,1286,37234,75553,98,10,10,10,10,9,10,13,2.03,37234,1,Gambia,1,False
United Kingdom,Type V5,Quantum,ThetaBase Services,1,1,strict,1,True,False,1637,10204,5941,94,10,10,10,9,10,9,25,4.12,10204,1,Nicaragua,5,True
Niue,Type V7,Plasma,ThetaBase Services,2,6,strict,3,True,False,1780,36768,52256,90,10,9,9,10,10,8,7,1.12,36768,1,Guinea,2,False
United Kingdom,Type F5,Plasma,ThetaBase Services,3,5,flexible,3,True,False,1260,12502,67375,93,10,9,10,9,10,10,11,1.88,12502,0.89,Denmark,1,False
Malta,Type F5,Plasma,ThetaBase Services,5,10,moderate,7,True,False,5030,7395,39131,97,10,9,10,10,9,10,6,1.32,7395,1,Niue,1,False
Malta,Type F5,Quantum,ThetaBase Services,1,2,moderate,1,False,False,1520,27650,15093,96,10,10,10,10,9,10,22,3.91,27650,1,Slovenia,1,True
Malta,Type V2,Quantum,ThetaBase Services,1,3,strict,2,True,False,1390,12491,45487,93,9,8,10,10,8,8,3,0.51,12491,1,Pakistan,3,False
Rwanda,Type V7,Plasma,ThetaBase Services,3,6,strict,3,False,False,2365,6894,39183,100,10,10,10,10,10,10,1,0.23,6894,0.8,Estonia,47,True
Nicaragua,Type V5,Plasma,ThetaBase Services,1,4,strict,1,True,False,1897,4446,10407,94,10,9,10,10,10,9,7,1.12,4446,1,Uganda,58,False
Nicaragua,Type V5,Plasma,ThetaBase Services,3,9,strict,4,False,False,3587,24026,15651,89,9,9,10,10,10,9,13,2.48,24026,0.98,Cape Verde,69,True
Nicaragua,Type V5,Plasma,ThetaBase Services,1,4,strict,2,False,False,2157,47817,14386,100,10,10,10,10,9,9,13,3.28,47817,1,Saint Helena,2,False
Malta,Type V5,Plasma,ThetaBase Services,0,2,moderate,1,True,False,2170,13641,15967,82,9,9,9,9,8,8,10,1.69,13641,0.85,Mauritania,23,False
Russian Federation,Type V2,Plasma,ThetaBase Services,2,4,moderate,2,True,False,3795,921,20192,100,10,9,10,10,9,10,3,1.18,921,1,Finland,1,False
Uzbekistan,Type V5,Plasma,ThetaBase Services,2,6,moderate,2,False,False,2040,38098,19109,91,10,9,10,9,9,9,15,2.76,38098,1,Zimbabwe,7,True
Malta,Type V5,Plasma,ThetaBase Services,1,3,strict,1,False,False,2170,28828,29880,98,10,10,9,10,9,9,11,2.08,28828,1,Isle of Man,198,True
Russian Federation,Type F5,Quantum,ThetaBase Services,4,2,moderate,1,False,False,1520,10157,58157,60,10,4,10,10,10,8,1,0.2,10157,0,Tonga,2,False
Gambia,Type V5,Quantum,ThetaBase Services,1,2,flexible,1,True,False,1325,27047,9930,100,10,10,10,10,10,10,2,0.36,27047,1,France,1,False
Faroe Islands,Type V5,Quantum,ThetaBase Services,1,2,strict,1,True,False,1507,47658,49434,100,10,10,10,10,10,10,1,0.25,47658,1,Micronesia,3,False
Bosnia and Herzegovina,Type F5,Quantum,ThetaBase Services,1,2,moderate,1,True,False,1377,15943,22855,100,10,9,10,10,9,9,3,0.53,15943,1,Puerto Rico,2,False
Barbados,Type V5,Plasma,ThetaBase Services,1,4,flexible,1,True,False,4107,40977,44285,90,8,9,9,9,9,8,2,0.36,40977,1,Reunion,7,False
Malta,Type V5,Plasma,ThetaBase Services,2,4,moderate,2,False,False,2131,26274,70270,96,9,9,10,10,9,9,5,1.22,26274,1,Niue,1,False
Bouvet Island (Bouvetoya),Type V5,Plasma,ThetaBase Services,2,4,flexible,2,True,False,2495,36772,32745,100,10,10,10,10,9,10,8,1.33,36772,1,Lebanon,1,False
Kenya,Type F5,Plasma,ThetaBase Services,2,4,strict,2,True,False,1715,27597,11734,91,9,9,10,9,9,9,11,1.96,27597,1,Portugal,7,True
Anguilla,Type Z6,Plasma,ThetaBase Services,1,2,moderate,1,False,False,1598,24103,19533,60,9,6,10,10,9,6,2,0.5,24103,1,United Kingdom,3,False
Russian Federation,Type F5,Plasma,ThetaBase Services,2,2,strict,1,False,False,2105,48241,45391,100,10,10,10,10,10,10,3,0.59,48241,0.33,Russian Federation,1,True
Uzbekistan,Type V5,Nuclear,ThetaBase Services,1,1,moderate,1,False,False,1052,13082,70447,100,8,8,10,8,6,8,1,0.18,13082,1,Kiribati,3,True
Nicaragua,Type V5,Plasma,ThetaBase Services,1,3,strict,2,False,False,1962,23281,22312,93,9,10,10,10,10,10,6,1.08,23281,1,Isle of Man,1,True
Barbados,Type V5,Plasma,ThetaBase Services,1,4,strict,1,True,False,2196,1207,19857,86,9,9,10,10,10,9,11,1.74,1207,1,Nicaragua,7,False
Rwanda,Type F5,Quantum,ThetaBase Services,0,2,strict,1,False,False,2040,9852,54594,100,10,10,10,10,10,10,1,1,9852,1,Maldives,11,False
Isle of Man,Type V5,Quantum,ThetaBase Services,1,4,moderate,1,True,False,1923,8355,63278,100,10,10,10,10,10,10,1,0.65,8355,0.87,Togo,16,False
Isle of Man,Type F5,Plasma,ThetaBase Services,5,12,moderate,9,True,False,1637,8355,25205,87,9,10,9,9,10,8,6,0.99,8355,0.87,Togo,16,False
Micronesia,Type V5,Plasma,ThetaBase Services,1,6,strict,1,True,False,3600,20165,66210,90,9,8,8,9,10,9,4,0.72,20165,0.94,Ukraine,30,False
Malta,Type G0,Plasma,ThetaBase Services,1,4,strict,2,False,False,2625,28051,72383,100,10,10,10,10,10,10,6,1.05,28051,1,Marshall Islands,1,False
Barbados,Type V5,Plasma,ThetaBase Services,1,2,strict,1,False,False,2430,13212,51117,100,10,10,10,10,10,10,1,0.38,13212,1,Zimbabwe,12,True
Brazil,Type F5,Quantum,ThetaBase Services,1,1,flexible,1,True,False,1325,16790,37462,100,10,10,10,10,10,10,5,0.86,16790,1,Vanuatu,1,False
Rwanda,Type V5,Plasma,ThetaBase Services,3,6,flexible,3,True,False,3327,13641,16726,100,10,10,10,10,10,10,9,1.6,13641,0.85,Mauritania,23,False
Barbados,Type V5,Plasma,ThetaBase Services,2,5,flexible,2,True,False,4354,3524,72986,100,10,10,10,10,10,8,1,0.18,3524,1,Ghana,5,False
Micronesia,Type V5,Plasma,ThetaBase Services,1,2,strict,1,False,False,1806,11744,35834,92,10,10,10,9,10,9,12,2.17,11744,1,Kenya,4,False
Barbados,Type V5,Plasma,ThetaBase Services,1,2,strict,1,True,False,1897,39952,6805,56,6,8,7,7,9,6,10,1.92,39952,1,Tonga,21,False
Micronesia,Type V5,Plasma,ThetaBase Services,2,4,moderate,2,False,False,3470,18077,57977,96,10,9,10,10,10,10,5,0.89,18077,1,Sao Tome and Principe,139,False
Niue,Type V5,Plasma,ThetaBase Services,2,4,strict,2,False,False,2170,28828,32226,93,10,10,10,10,9,9,12,2.07,28828,1,Isle of Man,198,True
Barbados,Type V5,Plasma,ThetaBase Services,2,4,strict,2,True,False,2157,39952,11162,76,9,8,8,8,10,8,10,1.8,39952,1,Tonga,21,False
Mexico,Type V5,Plasma,ThetaBase Services,1,5,strict,1,True,False,1650,665,4202,78,8,8,8,8,8,8,10,2.19,665,1,Greenland,2,True
Barbados,Type V5,Plasma,ThetaBase Services,2,6,flexible,2,True,False,4445,3524,23249,94,10,10,10,10,9,9,7,1.3,3524,1,Ghana,5,False
Nicaragua,Type V5,Quantum,ThetaBase Services,1,2,moderate,1,False,False,1975,6010,76513,100,10,9,10,10,10,10,2,0.48,6010,1,Isle of Man,1,True
Malta,Type F5,Quantum,ThetaBase Services,0,4,strict,3,False,False,1650,35948,71746,89,9,10,10,9,9,9,7,1.27,35948,1,Brazil,8,False
Guinea,Type F5,Plasma,ThetaBase Services,5,10,strict,5,False,False,10620,43798,69074,100,10,10,10,10,9,10,5,0.8,43798,1,El Salvador,4,True
Malta,Type V5,Plasma,ThetaBase Services,2,5,flexible,2,False,False,4770,37546,32295,87,10,9,9,10,9,7,3,1.25,37546,1,Rwanda,3,False
Barbados,Type V5,Plasma,ThetaBase Services,2,6,flexible,2,True,False,3405,3524,28638,100,10,10,10,10,10,9,2,0.37,3524,1,Ghana,5,False
Niue,Type V5,Quantum,ThetaBase Services,1,4,flexible,2,False,False,1273,32644,15192,92,9,8,10,10,8,9,6,0.96,32644,1,Niue,1,False
Wallis and Futuna,Type F5,Plasma,ThetaBase Services,4,10,strict,6,False,False,4575,41757,3882,100,10,8,9,10,10,10,2,0.58,41757,1,Malta,5,False
Malta,Type V5,Plasma,ThetaBase Services,2,4,moderate,3,True,False,1975,27652,69577,96,10,10,10,10,9,10,26,4.19,27652,1,El Salvador,5,False
Russian Federation,Type F5,Plasma,ThetaBase Services,3,6,strict,3,False,False,4770,2262,51208,98,10,10,10,10,10,10,13,2.31,2262,1,Tonga,1,False
Switzerland,Type F5,Quantum,ThetaBase Services,1,2,strict,1,True,False,1234,38207,48986,98,10,10,10,10,9,10,10,1.79,38207,1,Turks and Caicos Islands,2,True
Barbados,Type V5,Quantum,ThetaBase Services,2,4,strict,2,True,False,3080,42286,18930,95,10,9,10,10,10,10,12,2.12,42286,0.94,Vietnam,9,True
Bouvet Island (Bouvetoya),Type V5,Quantum,ThetaBase Services,1,2,flexible,1,False,False,1364,32747,60324,90,9,9,10,10,10,10,2,0.48,32747,0.6,Malawi,1,False
Malta,Type V5,Plasma,ThetaBase Services,0,3,strict,1,False,False,1676,38021,12733,98,10,10,10,10,10,10,8,3.75,38021,1,Bahrain,2,False
Russian Federation,Type V5,Plasma,ThetaBase Services,2,6,strict,3,True,False,2469,36206,17480,60,7,7,7,6,8,6,7,1.34,36206,0.86,Russian Federation,10,False
Micronesia,Type V5,Plasma,ThetaBase Services,2,3,moderate,3,False,False,3470,18077,11626,100,10,9,10,9,10,8,2,0.5,18077,1,Sao Tome and Principe,139,False
Russian Federation,Type V5,Quantum,ThetaBase Services,1,2,flexible,1,False,False,1520,44970,25191,100,10,10,9,9,10,9,2,2,44970,0.91,Russian Federation,1,False
Rwanda,Type Z6,Plasma,ThetaBase Services,1,2,flexible,1,True,False,1897,24126,32283,100,10,9,10,10,10,9,3,0.55,24126,1,Turkmenistan,1,True
Micronesia,Type V5,Plasma,ThetaBase Services,4,8,flexible,4,False,False,2690,36716,65669,98,10,10,10,10,9,10,16,3.02,36716,1,Bosnia and Herzegovina,3,False
Rwanda,Type V5,Quantum,ThetaBase Services,0,1,flexible,1,False,False,1260,19298,19212,100,10,10,10,10,10,8,1,0.21,19298,0.89,Croatia,2,False
Nicaragua,Type V5,Plasma,ThetaBase Services,1,5,strict,3,True,False,2885,16573,68604,88,9,9,10,10,10,9,29,4.7,16573,1,Cuba,2,False
Anguilla,Type V5,Plasma,ThetaBase Services,1,3,moderate,2,True,False,2001,15332,38944,100,10,10,10,10,8,10,1,0.19,15332,1,Anguilla,9,False
Barbados,Type V5,Plasma,ThetaBase Services,2,4,flexible,2,True,False,2807,49565,57456,89,10,8,10,9,10,9,23,4.26,49565,0.92,Uganda,14,False
Indonesia,Type F5,Quantum,ThetaBase Services,1,2,flexible,1,False,False,1585,886,4018,100,10,10,10,10,10,10,12,2.28,886,1,Faroe Islands,1,False
Malta,Type V5,Plasma,ThetaBase Services,1,3,strict,2,True,False,2300,36363,73350,95,10,9,10,10,10,10,15,2.69,36363,0.82,Marshall Islands,5,False
Nicaragua,Type G0,Plasma,ThetaBase Services,2,4,strict,2,False,False,4120,3274,15715,80,8,8,10,10,10,8,1,0.6,3274,0.86,Barbados,24,False
Bouvet Island (Bouvetoya),Type V5,Plasma,ThetaBase Services,1,2,strict,1,True,False,2235,1502,51878,88,10,8,10,10,10,9,19,3.33,1502,1,Uzbekistan,1,False
Nicaragua,Type G0,Plasma,ThetaBase Services,2,4,strict,2,False,False,3730,3274,20144,87,9,10,9,10,9,7,3,0.55,3274,0.86,Barbados,24,False
Indonesia,Type G0,Quantum,ThetaBase Services,1,2,flexible,1,True,False,1520,32834,64228,97,10,9,10,10,10,10,6,1.15,32834,1,Faroe Islands,2,False
El Salvador,Type V5,Quantum,ThetaBase Services,1,2,flexible,1,True,False,1390,49341,27237,100,10,10,10,10,10,10,5,2.31,49341,1,Papua New Guinea,1,True
Malta,Type F5,Plasma,ThetaBase Services,5,10,strict,6,False,False,5030,13577,71471,95,10,10,10,10,10,10,13,2.57,13577,0.9,Brazil,2,False
Malta,Type V7,Plasma,ThetaBase Services,1,3,strict,2,True,False,1676,24338,55307,100,10,10,10,10,9,10,3,0.51,24338,1,El Salvador,2,False
Niue,Type V5,Quantum,ThetaBase Services,1,3,strict,2,True,False,1715,36768,9296,88,9,9,9,9,10,10,22,3.79,36768,1,Guinea,2,False
Rwanda,Type V5,Quantum,ThetaBase Services,1,2,strict,1,False,False,1650,20015,36182,99,10,10,10,10,10,10,15,2.63,20015,1,Maldives,1,True
Costa Rica,Type V5,Plasma,ThetaBase Services,2,5,strict,2,False,False,1910,38021,14839,93,10,8,10,10,10,9,3,2.65,38021,1,Bahrain,2,False
Barbados,Type V5,Plasma,ThetaBase Services,2,7,strict,4,False,False,6330,10158,40744,100,10,8,10,10,10,8,1,0.55,10158,1,Ukraine,6,True
Indonesia,Type V5,Quantum,ThetaBase Services,1,2,strict,1,False,False,1273,22522,1589,100,10,10,10,10,10,10,5,1.35,22522,1,France,3,True
Barbados,Type V5,Plasma,ThetaBase Services,1,3,strict,1,False,False,3262,4267,35505,94,10,9,10,10,9,10,10,1.84,4267,1,Senegal,22,True
Uzbekistan,Type V5,Plasma,ThetaBase Services,2,4,moderate,2,False,False,1715,43590,8538,86,9,9,7,9,8,8,7,1.21,43590,1,Costa Rica,9,False
Rwanda,Type V5,Plasma,ThetaBase Services,1,4,flexible,1,False,False,1962,47514,64191,100,10,10,10,10,10,10,1,0.18,47514,1,Philippines,1,False
Nicaragua,Type G0,Plasma,ThetaBase Services,2,4,flexible,2,False,False,4380,3274,56772,100,10,10,10,10,10,8,1,0.19,3274,0.86,Barbados,24,False
Sao Tome and Principe,Type V5,Plasma,ThetaBase Services,2,4,flexible,2,True,False,2170,44338,15021,92,10,9,10,10,10,9,10,1.76,44338,1,Peru,2,True
United Kingdom,Type V5,Plasma,ThetaBase Services,1,2,strict,1,False,False,1546,20283,6849,100,10,10,10,9,10,9,2,0.71,20283,1,Denmark,1,False
Uzbekistan,Type V5,Plasma,ThetaBase Services,1,4,strict,1,False,False,3158,24919,25318,96,10,10,10,10,10,9,5,0.95,24919,1,Estonia,4,False
Nicaragua,Type G0,Plasma,ThetaBase Services,1,2,flexible,1,True,False,3366,37646,60330,47,7,7,9,6,9,7,3,0.56,37646,1,Estonia,60,False
Micronesia,Type V5,Plasma,ThetaBase Services,2,5,flexible,2,False,False,4120,37546,56625,70,6,6,9,9,10,7,3,0.63,37546,1,Rwanda,3,False
Indonesia,Type V5,Plasma,ThetaBase Services,2,4,strict,2,True,False,3210,25344,20794,100,10,10,10,10,10,10,4,0.67,25344,0.9,Faroe Islands,8,False
Malta,Type V5,Plasma,ThetaBase Services,1,3,moderate,2,False,False,1910,14393,105,97,10,10,10,10,10,10,12,2.07,14393,1,Indonesia,1,True
Russian Federation,Type V5,Plasma,ThetaBase Services,2,4,moderate,2,False,False,3327,14327,44087,100,10,10,10,10,10,8,1,0.22,14327,1,Gambia,2,True
Russian Federation,Type V5,Quantum,ThetaBase Services,1,2,flexible,2,False,False,1637,14327,37651,100,10,10,10,10,10,10,1,0.25,14327,1,Gambia,2,True
United Kingdom,Type F5,Quantum,ThetaBase Services,1,1,flexible,1,False,False,1585,43642,27608,97,10,10,10,10,10,10,7,1.25,43642,0.9,Denmark,6,False
Rwanda,Type V5,Quantum,ThetaBase Services,1,2,flexible,1,False,False,1260,19298,48061,100,8,10,8,10,10,10,1,0.17,19298,0.89,Croatia,2,False
Bouvet Island (Bouvetoya),Type V5,Plasma,ThetaBase Services,1,4,strict,2,False,False,2430,49300,4410,98,10,9,10,10,9,10,10,2,49300,1,Uzbekistan,1,False
Malta,Type F5,Plasma,ThetaBase Services,4,7,moderate,5,False,False,5420,18077,51266,100,10,10,10,10,10,10,1,0.2,18077,1,Sao Tome and Principe,139,False
Micronesia,Type V5,Plasma,ThetaBase Services,2,6,strict,3,True,False,3990,27263,35916,100,10,10,10,10,10,10,1,0.75,27263,0.8,China,5,False
Barbados,Type V5,Quantum,ThetaBase Services,1,1,flexible,1,False,False,1325,1304,65659,96,10,10,10,10,10,10,63,10.56,1304,1,Montserrat,2,False
Russian Federation,Type F5,Plasma,ThetaBase Services,1,2,strict,1,False,False,2534,36524,24863,96,9,10,10,10,10,9,16,2.82,36524,1,Saint Helena,8,True
Wallis and Futuna,Type E3,Quantum,ThetaBase Services,0,2,flexible,0,False,False,1910,7109,44116,100,10,10,10,10,10,10,19,3.41,7109,1,Malta,1,False
El Salvador,Type F5,Quantum,ThetaBase Services,1,3,flexible,1,False,False,1390,33933,992,100,10,10,10,10,10,10,1,0.22,33933,1,Papua New Guinea,3,False
Micronesia,Type V5,Plasma,ThetaBase Services,2,4,strict,2,False,False,2430,28828,40235,96,10,9,10,10,9,10,5,0.9,28828,1,Isle of Man,198,True
Uzbekistan,Type V5,Plasma,ThetaBase Services,1,4,strict,1,False,False,3236,24919,46344,100,10,10,10,10,10,10,1,0.33,24919,1,Estonia,4,False
Micronesia,Type V5,Plasma,ThetaBase Services,2,5,strict,2,True,False,7955,19958,43838,80,7,8,9,10,10,7,2,0.81,19958,1,Congo,40,True
Pakistan,Type F5,Quantum,ThetaBase Services,1,1,flexible,0,True,False,1390,48041,15050,99,10,10,10,10,10,10,30,5.03,48041,1,Cocos (Keeling) Islands,1,True
Faroe Islands,Type V5,Plasma,ThetaBase Services,2,4,moderate,3,False,False,2170,39998,61969,97,10,10,10,10,9,9,6,2.4,39998,1,Micronesia,4,True
Anguilla,Type V5,Plasma,ThetaBase Services,2,5,strict,2,False,False,2495,14473,49026,95,10,9,10,10,10,10,12,2.14,14473,1,Anguilla,1,False
Faroe Islands,Type V2,Quantum,ThetaBase Services,1,1,flexible,1,False,False,1130,26558,67164,90,10,9,10,10,10,9,2,0.37,26558,1,Micronesia,2,True
Mexico,Type F5,Plasma,ThetaBase Services,4,9,strict,6,False,False,3470,35522,66496,100,10,10,10,10,10,10,1,0.23,35522,1,Kiribati,10,False
Barbados,Type V5,Plasma,ThetaBase Services,1,4,moderate,4,False,False,3210,27215,66519,100,10,9,10,10,10,9,7,1.44,27215,1,Reunion,1,True
Brazil,Type V5,Quantum,ThetaBase Services,1,1,flexible,1,True,False,1130,21039,35004,97,10,10,9,10,9,10,15,2.92,21039,1,Vanuatu,1,False
Barbados,Type V5,Plasma,ThetaBase Services,1,4,strict,1,False,False,3145,43942,45898,100,10,10,10,10,10,10,4,0.78,43942,1,Reunion,1,True
Sao Tome and Principe,Type V7,Plasma,ThetaBase Services,0,2,flexible,1,True,False,1689,17587,13191,98,10,10,10,10,10,10,8,1.9,17587,0.8,Peru,1,True
Estonia,Type V5,Plasma,ThetaBase Services,1,2,flexible,1,False,False,1650,47051,68402,100,10,9,10,10,6,9,2,0.36,47051,1,Zimbabwe,1,True
Russian Federation,Type V5,Quantum,ThetaBase Services,1,2,flexible,1,True,False,1650,23662,52554,93,10,9,10,10,10,9,6,1.08,23662,1,Vanuatu,3,False
Costa Rica,Type V5,Plasma,ThetaBase Services,1,2,moderate,1,False,False,1585,36816,9171,98,10,10,10,10,10,10,9,1.96,36816,1,Svalbard & Jan Mayen Islands,1,False
United Kingdom,Type V5,Quantum,ThetaBase Services,0,1,flexible,1,False,False,1260,26878,2135,100,10,10,10,10,10,10,2,0.36,26878,0.8,Monaco,2,True
Barbados,Type F5,Plasma,ThetaBase Services,4,11,strict,5,False,False,7370,4330,16813,80,10,6,10,10,10,6,1,0.24,4330,0.94,Ukraine,60,True
Malta,Type V5,Plasma,ThetaBase Services,2,4,flexible,4,True,False,2885,18164,36961,100,10,9,10,10,10,10,2,0.8,18164,1,Marshall Islands,5,False
Russian Federation,Type V5,Plasma,ThetaBase Services,1,3,moderate,2,False,False,2170,27822,28983,100,10,10,10,10,10,10,2,0.44,27822,1,Russian Federation,2,False
Rwanda,Type V5,Plasma,ThetaBase Services,3,8,strict,4,True,False,1793,29123,65101,84,8,7,9,9,9,9,11,3.59,29123,1,Zimbabwe,16,True
Barbados,Type G0,Plasma,ThetaBase Services,1,2,strict,2,False,False,2066,17789,48863,95,9,9,10,10,10,9,13,2.28,17789,0.94,Reunion,6,False
Barbados,Type G0,Plasma,ThetaBase Services,1,4,flexible,3,False,False,2560,17789,68007,80,10,8,10,10,10,6,1,0.81,17789,0.94,Reunion,6,False
Bouvet Island (Bouvetoya),Type V5,Plasma,ThetaBase Services,1,2,moderate,1,True,False,1923,48791,14295,98,10,10,10,10,9,10,10,1.79,48791,0.97,Uzbekistan,5,True
Micronesia,Type V5,Plasma,ThetaBase Services,2,4,strict,2,False,False,2430,24033,18787,80,10,10,10,10,9,9,5,0.85,24033,1,Uganda,45,False
Barbados,Type V5,Plasma,ThetaBase Services,2,6,strict,2,True,False,5420,49565,30892,80,7,7,10,8,10,6,2,0.43,49565,0.92,Uganda,14,False
Barbados,Type V5,Plasma,ThetaBase Services,1,4,strict,3,True,False,3145,3524,50708,98,10,10,10,10,10,10,12,2.35,3524,1,Ghana,5,False
Nicaragua,Type V5,Quantum,ThetaBase Services,1,2,moderate,0,True,False,2170,34723,34368,93,10,10,9,9,10,10,29,5.21,34723,1,Peru,12,False
Indonesia,Type V5,Quantum,ThetaBase Services,1,1,flexible,1,False,False,1260,35598,66400,100,10,10,10,10,8,10,1,0.63,35598,1,France,2,False
Rwanda,Type V5,Plasma,ThetaBase Services,1,4,strict,1,False,False,2365,42502,54358,94,10,10,9,10,9,9,14,2.47,42502,1,Philippines,2,False
Sao Tome and Principe,Type V5,Plasma,ThetaBase Services,1,2,flexible,1,False,False,1910,32398,61800,100,10,10,10,10,10,10,12,4.62,32398,1,Turkmenistan,1,False
Bouvet Island (Bouvetoya),Type V5,Plasma,ThetaBase Services,2,6,strict,2,False,False,2144,17445,19273,98,10,10,10,9,9,9,11,1.9,17445,1,Lebanon,1,False
Uzbekistan,Type V5,Plasma,ThetaBase Services,0,2,strict,1,True,False,1624,39358,23535,75,9,7,9,10,8,8,4,0.86,39358,1,Kiribati,2,False
Rwanda,Type V5,Quantum,ThetaBase Services,1,2,strict,1,True,False,4120,226,12484,93,10,9,10,10,10,10,10,1.85,226,1,Maldives,2,False
Anguilla,Type V7,Quantum,ThetaBase Services,1,2,flexible,1,False,False,1234,35036,31394,100,10,10,10,10,9,10,7,1.35,35036,1,Anguilla,1,False
Estonia,Type V5,Plasma,ThetaBase Services,0,4,strict,2,True,False,1624,44169,47528,86,8,8,9,9,8,8,10,1.72,44169,0.97,Portugal,39,False
Micronesia,Type V5,Plasma,ThetaBase Services,2,4,flexible,2,True,False,2560,27056,25009,99,10,10,10,10,10,10,16,4.32,27056,1,Kenya,4,False
Bouvet Island (Bouvetoya),Type V5,Plasma,ThetaBase Services,0,2,flexible,1,False,False,1715,12546,43194,98,10,10,10,10,10,10,11,2.5,12546,1,Lebanon,1,False
Malta,Type V5,Plasma,ThetaBase Services,1,2,strict,1,False,False,2820,37917,31373,87,8,10,8,9,9,10,4,1.45,37917,1,Nauru,1,False
United Kingdom,Type V5,Plasma,ThetaBase Services,1,2,strict,1,True,False,2430,19905,35453,96,10,9,9,9,9,9,14,5.92,19905,0.97,Monaco,8,False
Micronesia,Type V5,Plasma,ThetaBase Services,3,6,flexible,3,False,False,5030,18077,72779,100,10,10,10,10,10,10,1,0.35,18077,1,Sao Tome and Principe,139,False
United Kingdom,Type V5,Plasma,ThetaBase Services,3,6,moderate,3,False,False,3470,29552,71155,40,10,10,8,2,8,6,1,1,29552,1,Jersey,1,False
Russian Federation,Type V5,Plasma,ThetaBase Services,1,4,strict,2,False,False,2300,46644,13137,88,9,9,9,9,10,9,15,2.59,46644,1,Finland,1,False
Micronesia,Type V5,Plasma,ThetaBase Services,1,5,strict,3,True,False,2027,10883,19893,54,7,6,9,9,7,6,7,1.26,10883,1,Niger,8,True
Barbados,Type V5,Plasma,ThetaBase Services,0,4,strict,3,False,False,2560,13553,65114,80,10,10,10,10,9,9,5,1.25,13553,0.93,Vietnam,5,False
Nicaragua,Type V5,Plasma,ThetaBase Services,1,4,strict,2,True,False,4705,6711,3741,98,10,10,10,10,10,9,26,4.46,6711,1,Spain,3,False
Mexico,Type V5,Quantum,ThetaBase Services,1,1,strict,1,True,False,1208,19880,50155,100,10,10,10,10,10,10,8,1.55,19880,1,Greenland,1,False
Barbados,Type F5,Quantum,ThetaBase Services,1,3,strict,3,True,False,1637,6984,67732,91,9,9,9,10,10,9,18,3.18,6984,1,Suriname,9,False
Barbados,Type V5,Quantum,ThetaBase Services,1,2,flexible,1,True,False,1390,35640,50005,90,10,9,10,10,10,9,27,4.97,35640,1,Uganda,3,False
Gambia,Type F5,Plasma,ThetaBase Services,3,4,strict,3,True,False,3132,40910,33093,99,10,10,10,10,9,10,16,2.96,40910,1,France,2,False
Russian Federation,Type F5,Quantum,ThetaBase Services,1,1,moderate,1,True,False,1182,44625,64242,93,9,8,10,9,10,10,8,1.37,44625,1,Russian Federation,2,False
Uzbekistan,Type V2,Quantum,ThetaBase Services,1,2,moderate,1,True,False,1520,37652,67318,92,10,10,10,10,8,10,5,0.93,37652,1,Kiribati,3,True
Faroe Islands,Type F5,Plasma,ThetaBase Services,3,4,strict,3,False,False,1780,28828,23476,100,10,10,10,10,10,10,5,1.03,28828,1,Isle of Man,198,True
Switzerland,Type F5,Quantum,ThetaBase Services,1,3,strict,2,True,False,1455,38207,14796,97,10,10,10,10,9,9,13,2.71,38207,1,Turks and Caicos Islands,2,True
Uzbekistan,Type V5,Plasma,ThetaBase Services,1,4,strict,2,False,False,2040,37652,28378,95,9,10,10,10,8,10,4,0.75,37652,1,Kiribati,3,True
Uzbekistan,Type V7,Quantum,ThetaBase Services,1,2,flexible,1,False,False,1585,10110,6349,97,9,9,9,10,10,10,6,1.06,10110,1,Costa Rica,1,True
Malta,Type V5,Plasma,ThetaBase Services,1,2,strict,1,False,False,2235,37362,36498,100,10,10,10,10,10,10,1,0.23,37362,1,Niue,1,False
Niue,Type V5,Plasma,ThetaBase Services,1,2,moderate,0,True,False,1819,46124,40486,98,10,10,10,10,9,10,9,2.2,46124,1,Niue,1,False
Uzbekistan,Type V2,Quantum,ThetaBase Services,1,1,strict,1,True,False,1234,37652,9525,100,9,10,9,10,9,9,3,0.89,37652,1,Kiribati,3,True
Barbados,Type V2,Plasma,ThetaBase Services,3,6,strict,4,True,False,5940,8225,68968,89,9,10,9,9,10,8,14,3.11,8225,0.95,Barbados,31,False
Rwanda,Type V5,Quantum,ThetaBase Services,1,2,moderate,1,False,False,2820,3176,38389,100,10,10,10,10,10,10,4,1.08,3176,1,Uzbekistan,1,True
Sao Tome and Principe,Type V5,Plasma,ThetaBase Services,1,2,strict,1,False,False,1845,44205,55253,94,10,10,10,10,9,10,8,1.44,44205,1,Sao Tome and Principe,2,False
Uzbekistan,Type V5,Plasma,ThetaBase Services,1,2,strict,1,False,False,1897,43108,22348,100,10,10,10,10,10,10,6,1.08,43108,1,Vietnam,2,False
Nicaragua,Type V5,Plasma,ThetaBase Services,1,4,strict,1,True,False,2157,4446,26145,93,10,9,9,10,10,9,8,1.61,4446,1,Uganda,58,False
United Kingdom,Type V5,Quantum,ThetaBase Services,1,2,flexible,1,True,False,1637,38668,39177,98,10,10,10,10,10,10,17,3.31,38668,1,Lithuania,1,True
Micronesia,Type V5,Plasma,ThetaBase Services,1,6,strict,3,False,False,2417,10883,37138,90,10,10,10,10,10,9,4,0.83,10883,1,Niger,8,True
United Kingdom,Type V5,Quantum,ThetaBase Services,1,2,moderate,1,False,False,1520,33336,13996,100,10,10,10,10,10,10,1,0.43,33336,0.75,Nicaragua,1,False
Malta,Type V5,Plasma,ThetaBase Services,2,3,strict,1,True,False,2417,21548,23762,100,9,9,10,10,9,10,2,0.38,21548,0.43,Brazil,1,False
Nicaragua,Type V5,Plasma,ThetaBase Services,1,2,moderate,1,False,False,1975,3888,76665,99,10,10,10,10,10,10,19,3.68,3888,1,Isle of Man,1,False
United Kingdom,Type F5,Quantum,ThetaBase Services,1,2,flexible,1,True,False,1442,39919,41833,94,10,10,10,10,10,10,11,1.93,39919,0.9,Guinea,3,True
Malta,Type V5,Quantum,ThetaBase Services,1,1,moderate,1,False,False,1195,9169,9064,95,10,10,10,10,9,10,16,2.96,9169,0.9,Guernsey,1,False
United Kingdom,Type V5,Quantum,ThetaBase Services,1,2,flexible,1,False,False,1520,41257,37838,100,10,10,10,10,10,10,5,1.03,41257,1,Monaco,1,False
Indonesia,Type V5,Plasma,ThetaBase Services,1,2,strict,1,False,False,2820,5891,74598,100,10,10,10,10,10,10,1,0.2,5891,1,Faroe Islands,1,True
United Kingdom,Type V5,Plasma,ThetaBase Services,1,2,moderate,1,False,False,1403,23874,44975,87,9,10,10,9,10,10,6,1.35,23874,1,Denmark,1,False
Barbados,Type V5,Plasma,ThetaBase Services,2,8,strict,4,False,False,2430,23143,36842,100,10,8,10,10,10,10,1,0.26,23143,0.65,Bouvet Island (Bouvetoya),14,False
Bosnia and Herzegovina,Type F5,Quantum,ThetaBase Services,1,1,moderate,1,False,False,1156,15943,13413,100,10,10,10,10,8,8,1,0.27,15943,1,Puerto Rico,2,False
Rwanda,Type V5,Plasma,ThetaBase Services,2,4,strict,2,False,False,2560,28828,33938,100,10,10,10,10,10,10,4,0.92,28828,1,Isle of Man,198,True
United Kingdom,Type V5,Plasma,ThetaBase Services,1,4,strict,1,False,False,1910,28828,65610,90,9,9,10,10,10,9,5,1.27,28828,1,Isle of Man,198,True
Malta,Type V5,Plasma,ThetaBase Services,1,4,strict,2,True,False,2430,36363,39008,97,10,10,10,9,10,9,19,4.56,36363,0.82,Marshall Islands,5,False
Uzbekistan,Type V5,Plasma,ThetaBase Services,2,6,strict,3,True,False,3626,3389,27893,100,10,9,9,10,10,9,3,0.65,3389,1,Estonia,13,False
Malta,Type V5,Plasma,ThetaBase Services,2,5,strict,3,True,False,3210,13641,64496,90,9,8,10,9,9,8,6,1.26,13641,0.85,Mauritania,23,False
Barbados,Type V5,Plasma,ThetaBase Services,1,4,strict,2,True,False,2950,18031,76000,80,5,9,10,9,9,8,3,1.41,18031,1,Reunion,4,False
Rwanda,Type V5,Plasma,ThetaBase Services,1,4,moderate,2,False,False,1949,15761,15333,87,10,10,10,8,9,10,3,1.41,15761,1,Nicaragua,1,False
Barbados,Type V5,Plasma,ThetaBase Services,2,5,strict,1,True,False,2820,18031,41697,100,10,10,10,10,10,10,1,0.46,18031,1,Reunion,4,False
Sao Tome and Principe,Type V5,Quantum,ThetaBase Services,1,2,strict,1,True,False,1351,1564,18049,80,10,8,10,8,8,8,4,0.72,1564,1,Indonesia,12,False
Russian Federation,Type V5,Plasma,ThetaBase Services,2,4,strict,2,False,False,2898,24033,12809,89,10,9,8,10,9,9,9,1.61,24033,1,Uganda,45,False
Micronesia,Type V5,Plasma,ThetaBase Services,2,4,flexible,2,True,False,2820,27056,36740,98,10,10,10,10,10,9,19,5.59,27056,1,Kenya,4,False
Rwanda,Type V5,Plasma,ThetaBase Services,1,2,strict,1,False,False,2066,6894,36944,40,6,2,2,2,6,4,1,0.18,6894,0.8,Estonia,47,True
United Kingdom,Type V5,Quantum,ThetaBase Services,2,6,moderate,3,False,False,3600,49904,19898,95,10,10,9,9,10,9,4,0.81,49904,1,Senegal,1,False
Sao Tome and Principe,Type V5,Plasma,ThetaBase Services,2,4,moderate,3,False,False,3470,18077,59695,100,10,10,10,10,10,10,1,0.86,18077,1,Sao Tome and Principe,139,False
Rwanda,Type V5,Quantum,ThetaBase Services,1,2,flexible,1,True,False,1390,20114,41613,96,10,9,10,10,10,9,6,1.12,20114,1,Croatia,1,True
Barbados,Type V5,Plasma,ThetaBase Services,0,2,moderate,1,False,False,2196,8367,6679,94,10,9,9,10,10,10,10,2.1,8367,1,Nicaragua,1,False
Rwanda,Type V5,Plasma,ThetaBase Services,2,6,strict,2,False,False,1260,5262,30218,93,9,9,10,10,9,9,3,0.71,5262,1,Croatia,1,True
Isle of Man,Type V5,Plasma,ThetaBase Services,2,5,moderate,2,True,False,2755,8355,39240,85,9,10,10,10,9,10,4,0.78,8355,0.87,Togo,16,False
Rwanda,Type V5,Quantum,ThetaBase Services,1,2,flexible,1,False,False,1325,26689,19159,91,10,8,10,10,10,9,9,2.01,26689,0.8,Svalbard & Jan Mayen Islands,1,False
Micronesia,Type E3,Quantum,ThetaBase Services,1,1,moderate,0,False,False,1715,48994,68119,89,10,9,10,10,9,9,7,1.44,48994,1,Rwanda,1,False
United Kingdom,Type V5,Plasma,ThetaBase Services,2,4,moderate,2,False,False,2833,1711,997,100,10,10,10,10,8,10,1,1,1711,1,Jersey,1,False
Nicaragua,Type V5,Quantum,ThetaBase Services,1,2,strict,1,True,False,2170,41991,6477,97,10,10,9,10,10,9,15,2.9,41991,1,Mexico,1,True
Barbados,Type V5,Plasma,ThetaBase Services,2,6,strict,3,False,False,2950,3314,76265,91,10,9,9,10,10,9,11,2.19,3314,1,Slovakia (Slovak Republic),10,False
Bouvet Island (Bouvetoya),Type V5,Plasma,ThetaBase Services,1,4,moderate,1,True,False,2001,45133,11596,90,10,9,10,10,10,9,12,2.9,45133,0.77,Chile,1,False
Barbados,Type V5,Plasma,ThetaBase Services,2,2,flexible,2,False,False,2196,410,35848,97,10,10,10,10,9,10,6,1.38,410,1,Bouvet Island (Bouvetoya),1,False
Rwanda,Type V5,Plasma,ThetaBase Services,1,6,flexible,1,False,False,2430,17210,31034,94,10,10,10,10,10,9,20,4.29,17210,1,Maldives,2,False
Barbados,Type G0,Quantum,ThetaBase Services,1,3,strict,2,True,False,2170,15693,27753,87,9,9,10,9,10,9,26,5.2,15693,1,Vietnam,6,False
Micronesia,Type V5,Plasma,ThetaBase Services,2,4,strict,2,False,False,6070,18077,48929,92,10,9,9,10,9,9,10,1.96,18077,1,Sao Tome and Principe,139,False
Micronesia,Type V5,Plasma,ThetaBase Services,1,4,strict,1,True,False,2430,10883,19895,87,9,9,8,9,9,9,14,2.88,10883,1,Niger,8,True
Russian Federation,Type V5,Quantum,ThetaBase Services,1,2,flexible,1,True,False,1507,29226,46851,80,9,8,10,10,10,9,2,0.38,29226,1,Russian Federation,1,False
Barbados,Type V5,Plasma,ThetaBase Services,1,3,strict,1,False,False,2690,4330,11721,100,10,8,10,10,10,8,1,0.21,4330,0.94,Ukraine,60,True
Bouvet Island (Bouvetoya),Type V5,Plasma,ThetaBase Services,2,4,strict,2,False,False,2820,24033,48368,100,10,10,10,10,10,10,1,0.19,24033,1,Uganda,45,False
Sao Tome and Principe,Type V5,Plasma,ThetaBase Services,0,2,flexible,1,True,False,1676,13396,13918,90,9,6,10,9,9,10,2,0.43,13396,1,Uruguay,1,False
Rwanda,Type V5,Quantum,ThetaBase Services,1,1,flexible,1,True,False,1260,5231,43299,80,10,8,10,10,10,10,2,0.37,5231,1,Nicaragua,1,False
Barbados,Type V5,Plasma,ThetaBase Services,2,5,strict,3,False,False,3600,43540,9502,100,8,8,10,10,10,8,1,0.22,43540,0.72,Bosnia and Herzegovina,25,False
Gambia,Type V5,Plasma,ThetaBase Services,3,5,strict,3,True,False,1780,23855,63054,87,9,9,10,10,9,9,15,3.1,23855,0.94,France,2,True
United Kingdom,Type F5,Quantum,ThetaBase Services,1,4,moderate,2,True,False,1390,44708,15101,97,10,10,10,10,9,10,31,5.81,44708,1,Gibraltar,1,False
United Kingdom,Type V5,Plasma,ThetaBase Services,2,6,strict,3,False,False,2625,24603,41072,95,10,10,10,10,10,9,12,2.35,24603,1,Senegal,1,False
Estonia,Type F5,Quantum,ThetaBase Services,1,2,strict,1,True,False,1455,1616,58259,99,10,10,10,10,9,9,33,6.11,1616,1,Zimbabwe,1,True
United Kingdom,Type V2,Quantum,ThetaBase Services,1,2,flexible,1,False,False,1637,3065,62502,100,10,8,10,10,10,10,1,0.23,3065,1,Tunisia,1,True
United Kingdom,Type F5,Plasma,ThetaBase Services,3,7,moderate,3,False,False,2105,31437,70252,100,10,10,10,10,9,10,8,1.45,31437,0.9,Denmark,1,False
Malta,Type V5,Plasma,ThetaBase Services,1,3,flexible,2,False,False,2235,46607,50910,94,10,10,10,10,10,9,7,1.51,46607,1,Brazil,4,False
Sao Tome and Principe,Type F5,Plasma,ThetaBase Services,5,10,strict,7,False,False,3210,28828,31718,93,9,9,9,10,10,9,6,1.33,28828,1,Isle of Man,198,True
Barbados,Type V5,Plasma,ThetaBase Services,1,4,moderate,3,False,False,1780,25662,46664,95,10,10,10,10,9,9,11,2.08,25662,1,Bouvet Island (Bouvetoya),1,False
Malta,Type V5,Plasma,ThetaBase Services,1,2,strict,1,False,False,1910,28828,16332,91,10,10,10,10,10,9,13,2.87,28828,1,Isle of Man,198,True
Niue,Type V5,Quantum,ThetaBase Services,1,1,flexible,1,True,False,1260,36002,10571,97,9,9,10,10,10,9,7,1.3,36002,1,Niue,1,False
Estonia,Type F5,Plasma,ThetaBase Services,3,5,strict,5,False,False,3210,31889,60827,100,10,10,10,10,10,10,1,0.29,31889,1,Zimbabwe,1,True
Russian Federation,Type V5,Plasma,ThetaBase Services,2,4,moderate,2,False,False,2755,24252,44176,86,9,9,8,10,10,9,10,2.24,24252,0.8,Tonga,2,False
Barbados,Type G0,Quantum,ThetaBase Services,1,4,strict,2,True,False,2170,15693,42037,93,9,9,10,10,10,9,17,3.29,15693,1,Vietnam,6,False
Barbados,Type G0,Quantum,ThetaBase Services,1,3,strict,2,True,False,2170,15693,3271,90,10,10,10,10,10,9,39,7.6,15693,1,Vietnam,6,False
Barbados,Type G0,Quantum,ThetaBase Services,1,3,strict,2,True,False,2170,15693,55894,93,10,10,10,10,10,10,20,4,15693,1,Vietnam,6,False
Barbados,Type G0,Quantum,ThetaBase Services,1,2,strict,1,True,False,1910,15693,42192,92,9,9,10,10,10,9,13,2.57,15693,1,Vietnam,6,False
Russian Federation,Type V5,Plasma,ThetaBase Services,1,4,moderate,1,False,False,1780,29322,21320,98,9,10,9,10,10,10,10,1.96,29322,1,Gambia,1,False
Sao Tome and Principe,Type V5,Plasma,ThetaBase Services,2,4,moderate,2,False,False,2950,30052,65539,100,10,10,10,10,10,10,1,0.43,30052,1,Turkmenistan,1,False
Russian Federation,Type V5,Quantum,ThetaBase Services,1,2,strict,1,True,False,2820,40264,60575,99,10,10,10,10,10,10,19,3.73,40264,1,Russian Federation,1,False
Anguilla,Type G0,Plasma,ThetaBase Services,2,4,flexible,3,False,False,1754,2673,40009,93,10,9,10,10,9,8,3,0.87,2673,0.93,Anguilla,2,False
United Kingdom,Type V5,Plasma,ThetaBase Services,1,2,moderate,1,False,False,1962,22050,75958,93,10,9,9,9,10,10,3,0.87,22050,1,Peru,2,False
Sao Tome and Principe,Type V5,Quantum,ThetaBase Services,1,2,flexible,1,True,False,1390,18629,25382,100,9,9,10,10,10,10,4,0.83,18629,1,Sao Tome and Principe,3,False
United Kingdom,Type V5,Plasma,ThetaBase Services,1,2,flexible,1,False,False,1325,26875,65243,99,10,9,10,10,10,10,14,2.75,26875,1,Tanzania,1,False
United Kingdom,Type V5,Plasma,ThetaBase Services,0,2,moderate,1,True,False,1754,31748,15891,100,10,10,10,9,10,10,5,1.08,31748,1,Lithuania,1,True
United Kingdom,Type V5,Plasma,ThetaBase Services,2,4,flexible,2,True,False,3015,21060,70788,95,10,10,10,10,10,10,18,3.75,21060,1,Tunisia,1,False
Malta,Type F5,Quantum,ThetaBase Services,1,2,moderate,1,True,False,1650,49579,16058,98,10,10,10,10,10,10,25,4.84,49579,0.9,Marshall Islands,2,True
Nicaragua,Type V5,Plasma,ThetaBase Services,1,2,moderate,1,False,False,1832,30286,6891,89,9,10,9,9,10,9,9,2.14,30286,1,Montserrat,39,False
Barbados,Type V5,Plasma,ThetaBase Services,2,4,moderate,2,False,False,2755,30286,52474,92,10,8,9,10,8,9,11,2.31,30286,1,Montserrat,39,False
Barbados,Type V5,Plasma,ThetaBase Services,3,5,moderate,3,False,False,3730,30286,75203,94,10,10,10,10,9,9,13,2.58,30286,1,Montserrat,39,False
United Kingdom,Type V5,Plasma,ThetaBase Services,2,9,strict,5,False,False,3457,9354,70533,91,10,9,10,10,10,9,15,3,9354,1,Spain,12,False
Malta,Type V5,Plasma,ThetaBase Services,1,4,strict,2,False,False,2560,30286,6499,95,10,10,9,10,10,9,13,3.94,30286,1,Montserrat,39,False
Barbados,Type V5,Plasma,ThetaBase Services,1,2,flexible,1,True,False,3470,18315,60867,100,10,10,10,10,10,10,1,0.2,18315,1,Bosnia and Herzegovina,1,False
Malta,Type V5,Quantum,ThetaBase Services,1,2,strict,1,True,False,1325,19758,12251,100,9,10,10,10,10,10,4,0.78,19758,1,Marshall Islands,1,False
Barbados,Type V5,Plasma,ThetaBase Services,2,4,strict,2,True,False,2066,27774,1968,60,8,7,7,7,7,5,5,1.47,27774,0.78,Vietnam,15,False
Barbados,Type V5,Plasma,ThetaBase Services,2,4,strict,3,True,False,3275,25344,48613,60,6,6,10,10,6,2,1,0.48,25344,0.9,Faroe Islands,8,False
Barbados,Type V5,Plasma,ThetaBase Services,2,6,strict,3,True,False,3470,25344,18803,80,10,6,10,10,10,8,1,0.4,25344,0.9,Faroe Islands,8,False
Barbados,Type V5,Plasma,ThetaBase Services,2,4,strict,3,True,False,3275,25344,2970,100,10,10,10,6,10,10,1,1,25344,0.9,Faroe Islands,8,False
Micronesia,Type V5,Plasma,ThetaBase Services,2,6,moderate,3,False,False,3145,16173,52386,96,10,10,9,10,10,10,14,2.75,16173,1,Rwanda,1,False
Malta,Type V5,Plasma,ThetaBase Services,1,2,flexible,1,False,False,1650,330,24417,85,9,8,9,9,9,9,11,2.84,330,1,United Kingdom,1,False
Barbados,Type V5,Plasma,ThetaBase Services,2,6,moderate,2,False,False,4770,30286,40048,86,9,9,10,10,9,8,14,2.73,30286,1,Montserrat,39,False
Nicaragua,Type V5,Plasma,ThetaBase Services,1,4,strict,2,True,False,2417,38406,64725,87,9,9,10,10,10,9,9,4.66,38406,0.96,Russian Federation,6,True
Nicaragua,Type F5,Plasma,ThetaBase Services,3,9,strict,4,False,False,3847,24026,31196,80,8,7,9,9,9,9,3,0.83,24026,0.98,Cape Verde,69,True
Barbados,Type V5,Plasma,ThetaBase Services,2,4,strict,2,True,False,2950,8225,40813,91,9,9,9,9,9,8,7,1.49,8225,0.95,Barbados,31,False
United Kingdom,Type F5,Plasma,ThetaBase Services,3,6,moderate,3,False,False,3340,30286,56277,100,10,10,10,10,10,10,4,0.89,30286,1,Montserrat,39,False
Malta,Type V5,Plasma,ThetaBase Services,2,3,moderate,2,False,False,2365,30286,67675,90,10,9,10,10,9,10,2,0.47,30286,1,Montserrat,39,False
Wallis and Futuna,Type F5,Plasma,ThetaBase Services,3,6,moderate,3,False,False,2625,30286,54975,100,10,10,10,9,9,10,3,0.6,30286,1,Montserrat,39,False
Niue,Type F5,Quantum,ThetaBase Services,1,2,flexible,1,True,False,1299,41254,24595,88,10,8,10,10,8,10,5,0.99,41254,1,Niue,1,False
Kiribati,Type F5,Plasma,ThetaBase Services,3,6,strict,3,False,False,2690,28828,12614,91,9,10,9,9,10,9,11,2.26,28828,1,Isle of Man,198,True
Rwanda,Type V5,Plasma,ThetaBase Services,2,4,moderate,2,False,False,2365,30286,25144,78,9,9,9,9,9,8,9,1.89,30286,1,Montserrat,39,False
Faroe Islands,Type F5,Plasma,ThetaBase Services,4,8,strict,8,False,False,2820,4330,54707,100,9,9,9,9,9,9,2,1.87,4330,0.94,Ukraine,60,True
Micronesia,Type V5,Nuclear,ThetaBase Services,1,2,flexible,1,False,False,1325,16042,9326,100,10,9,10,10,10,10,6,1.17,16042,0,Rwanda,2,False
Wallis and Futuna,Type V5,Plasma,ThetaBase Services,1,4,strict,2,False,False,2417,657,73146,100,10,10,10,10,10,10,5,1.36,657,1,Marshall Islands,2,False
United Kingdom,Type V5,Quantum,ThetaBase Services,1,2,strict,1,True,False,1585,39812,6212,97,10,10,10,10,10,10,64,11.93,39812,1,Nicaragua,6,True
United Kingdom,Type V5,Quantum,ThetaBase Services,1,2,strict,1,True,False,1585,39812,50454,96,10,10,10,10,10,9,52,9.81,39812,1,Nicaragua,6,True
Estonia,Type V5,Plasma,ThetaBase Services,0,4,strict,2,True,False,1598,44169,67050,80,8,4,8,8,10,6,1,0.22,44169,0.97,Portugal,39,False
Rwanda,Type V5,Plasma,ThetaBase Services,2,7,flexible,2,True,False,2378,23972,64108,90,9,9,10,10,9,9,10,4.17,23972,1,Zimbabwe,2,True
Micronesia,Type V5,Plasma,ThetaBase Services,2,6,strict,2,False,False,2430,14318,40986,91,9,10,9,10,10,9,7,1.35,14318,0.95,China,2,False
Bouvet Island (Bouvetoya),Type V5,Plasma,ThetaBase Services,1,2,moderate,2,False,False,2300,30286,63389,60,8,8,6,6,8,8,2,0.44,30286,1,Montserrat,39,False
Estonia,Type F5,Quantum,ThetaBase Services,1,4,flexible,2,True,False,1182,11946,4726,80,8,7,9,9,9,8,7,1.32,11946,0.89,Zimbabwe,2,False
Rwanda,Type V5,Plasma,ThetaBase Services,2,4,moderate,2,False,False,2755,30286,70361,84,9,8,10,9,9,9,9,2.65,30286,1,Montserrat,39,False
Malta,Type V5,Plasma,ThetaBase Services,2,4,strict,2,True,False,2430,4575,7599,85,9,9,9,8,9,9,8,2.18,4575,1,Pakistan,3,False
Kiribati,Type V5,Quantum,ThetaBase Services,0,2,moderate,1,True,False,1390,2112,54831,100,10,10,10,10,10,10,49,9.3,2112,1,Nicaragua,2,False
Barbados,Type V5,Plasma,ThetaBase Services,2,5,strict,2,True,False,4120,42286,71372,98,10,10,10,10,10,9,13,3.12,42286,0.94,Vietnam,9,True
Bouvet Island (Bouvetoya),Type V5,Plasma,Warwick Technology Multinational,1,3,strict,1,False,False,1871,32161,56389,100,10,10,10,10,9,10,4,0.83,32161,1,Nicaragua,5,True
Russian Federation,Type V5,Plasma,ThetaBase Services,1,2,moderate,1,False,False,1910,18362,30533,90,10,10,10,10,10,9,4,0.83,18362,1,Uganda,5,False
Malta,Type V5,Plasma,ThetaBase Services,3,5,moderate,3,False,False,4120,30286,21295,100,10,10,10,10,10,10,2,0.41,30286,1,Montserrat,39,False
Malta,Type V5,Plasma,ThetaBase Services,2,4,moderate,2,False,False,2300,2732,33075,87,10,10,9,9,9,9,7,1.58,2732,1,Turkmenistan,4,False
Barbados,Type V5,Plasma,ThetaBase Services,3,8,strict,7,False,False,4770,24118,15180,93,9,9,8,10,10,9,6,1.28,24118,0.98,Ghana,21,True
Barbados,Type V5,Plasma,ThetaBase Services,2,4,moderate,2,False,False,3210,30286,8022,80,9,8,10,8,10,8,7,1.38,30286,1,Montserrat,39,False
United Kingdom,Type V5,Quantum,ThetaBase Services,1,2,strict,1,True,False,1585,39812,40138,95,10,10,10,10,10,9,38,7.76,39812,1,Nicaragua,6,True
Gambia,Type V5,Plasma,ThetaBase Services,2,6,strict,5,True,False,2300,11913,66075,90,10,10,10,10,8,10,4,1.74,11913,1,Gambia,5,False
Russian Federation,Type V5,Plasma,ThetaBase Services,1,2,flexible,2,False,False,2105,35213,29549,97,10,10,10,10,10,10,6,1.36,35213,0.83,Russian Federation,1,False
Niue,Type V5,Quantum,ThetaBase Services,1,2,moderate,1,False,False,1520,25308,48636,87,9,9,10,10,9,10,4,0.78,25308,1,Guinea,1,True
Micronesia,Type V5,Plasma,ThetaBase Services,1,2,strict,1,False,False,2235,27819,31494,97,10,10,9,10,10,10,12,3.05,27819,1,Kenya,1,False
Pakistan,Type F5,Quantum,ThetaBase Services,4,1,flexible,1,True,False,1195,48106,47415,93,10,10,10,9,9,9,4,1.17,48106,1,Cocos (Keeling) Islands,1,False
Rwanda,Type V5,Quantum,ThetaBase Services,1,2,strict,1,True,False,1585,17529,72424,97,10,10,10,10,9,9,6,1.18,17529,1,Turkmenistan,1,False
Barbados,Type V5,Plasma,ThetaBase Services,2,4,strict,2,False,False,3470,12802,19329,96,10,9,10,10,10,9,14,2.84,12802,1,Niger,3,True
Rwanda,Type V5,Plasma,ThetaBase Services,2,5,moderate,2,False,False,2300,26238,74634,100,10,9,10,10,10,10,9,2.84,26238,1,Turkmenistan,2,True
Rwanda,Type F5,Plasma,ThetaBase Services,3,5,moderate,3,False,False,3470,30286,19129,92,10,9,10,10,10,9,5,1.28,30286,1,Montserrat,39,False
United Kingdom,Type V5,Plasma,ThetaBase Services,2,6,moderate,2,False,False,2755,30286,14468,89,9,8,10,10,9,8,9,2.11,30286,1,Montserrat,39,False
Bouvet Island (Bouvetoya),Type V5,Plasma,ThetaBase Services,2,4,strict,2,False,False,4120,24033,54348,94,9,9,10,9,10,9,11,4.85,24033,1,Uganda,45,False
Barbados,Type V5,Plasma,ThetaBase Services,1,2,flexible,1,False,False,2560,39109,74917,100,10,10,10,10,10,10,1,1,39109,0.77,Ukraine,24,True
Russian Federation,Type V5,Plasma,ThetaBase Services,2,5,strict,3,True,False,2820,41604,42527,73,7,7,7,7,9,7,4,1.01,41604,1,Tonga,4,False
Russian Federation,Type V5,Quantum,ThetaBase Services,1,1,flexible,1,False,False,2170,1132,14950,100,9,10,10,10,10,9,2,0.94,1132,0.88,Tonga,1,False
Isle of Man,Type V5,Plasma,ThetaBase Services,2,6,moderate,3,True,False,2820,8355,9610,90,9,9,10,10,10,9,2,0.45,8355,0.87,Togo,16,False
Anguilla,Type Z6,Plasma,ThetaBase Services,1,3,moderate,2,False,False,1741,24103,21679,85,10,8,10,10,9,10,6,2.07,24103,1,United Kingdom,3,False
Barbados,Type V5,Plasma,ThetaBase Services,2,4,strict,2,False,False,3080,30286,55123,95,9,9,10,10,10,9,12,2.47,30286,1,Montserrat,39,False
Micronesia,Type G0,Plasma,ThetaBase Services,1,4,strict,2,True,False,2430,11567,44493,100,10,10,10,10,10,10,1,0.34,11567,1,Niger,31,True
United Kingdom,Type F5,Quantum,ThetaBase Services,1,2,strict,1,False,False,1520,36803,12117,80,8,8,8,10,8,8,1,0.49,36803,1,Gibraltar,2,True
Nicaragua,Type V5,Plasma,ThetaBase Services,3,5,moderate,3,False,False,2560,20150,17095,80,8,9,8,9,9,8,5,1.12,20150,1,Jersey,1,False
Malta,Type V5,Plasma,ThetaBase Services,1,2,strict,1,True,False,2157,48162,55639,100,10,10,10,10,10,10,4,1.79,48162,1,Marshall Islands,1,False
Barbados,Type V5,Plasma,ThetaBase Services,2,4,moderate,2,False,False,2365,48701,38196,60,8,6,10,8,10,10,1,0.24,48701,1,Tonga,1,False
Niue,Type V5,Plasma,ThetaBase Services,2,2,flexible,1,True,False,1715,45429,65115,95,10,9,10,10,9,10,4,0.94,45429,1,Niue,1,False
United Kingdom,Type V5,Plasma,ThetaBase Services,1,2,strict,1,False,False,2105,29745,73732,72,9,7,10,9,9,7,5,1.7,29745,0.9,Andorra,1,False
Bouvet Island (Bouvetoya),Type V5,Plasma,ThetaBase Services,3,6,strict,3,False,False,4120,24033,55399,60,4,4,10,10,10,10,1,1,24033,1,Uganda,45,False
Bouvet Island (Bouvetoya),Type V5,Plasma,ThetaBase Services,1,4,strict,2,False,False,3210,24033,75396,80,10,8,10,10,10,10,1,1,24033,1,Uganda,45,False
Russian Federation,Type V5,Plasma,ThetaBase Services,2,4,strict,2,False,False,3210,24033,72593,100,10,10,10,10,10,10,1,0.19,24033,1,Uganda,45,False
Russian Federation,Type V5,Plasma,ThetaBase Services,1,4,flexible,3,True,False,2339,35219,16442,80,9,9,9,9,10,8,12,3.96,35219,0.97,Tonga,4,False
Nicaragua,Type F5,Plasma,ThetaBase Services,2,4,strict,3,False,False,2170,28828,734,88,9,8,9,9,10,8,5,1.03,28828,1,Isle of Man,198,True
Rwanda,Type V5,Quantum,ThetaBase Services,1,1,moderate,1,True,False,1260,26936,59406,91,9,9,9,10,10,9,8,1.71,26936,1,Togo,2,False
Barbados,Type V5,Plasma,ThetaBase Services,1,4,strict,2,False,False,3145,30286,29890,85,10,8,9,9,10,9,11,2.26,30286,1,Montserrat,39,False
United Kingdom,Type V5,Plasma,ThetaBase Services,2,4,flexible,2,False,False,1260,37247,75124,100,10,10,10,10,10,10,1,0.41,37247,1,Tanzania,3,False
Nicaragua,Type U1,Quantum,ThetaBase Services,1,2,moderate,1,True,False,2027,25729,38903,80,9,10,10,10,10,7,2,0.68,25729,1,Cuba,2,False
Bouvet Island (Bouvetoya),Type F5,Quantum,ThetaBase Services,1,2,moderate,1,True,False,1481,4515,9328,99,10,10,10,10,10,10,19,3.73,4515,1,Gambia,2,False
Indonesia,Type F5,Quantum,ThetaBase Services,0,1,moderate,1,True,False,1312,21607,30257,96,10,9,10,10,10,9,9,1.76,21607,0.9,France,3,True
Brazil,Type F5,Quantum,ThetaBase Services,2,4,flexible,4,True,False,2040,44385,34255,75,7,9,7,7,7,7,4,0.86,44385,0.5,Vanuatu,1,False
Malta,Type V5,Plasma,ThetaBase Services,1,5,strict,4,True,False,2105,8770,69285,90,9,10,9,10,10,9,7,1.98,8770,1,El Salvador,3,False
Costa Rica,Type V5,Plasma,ThetaBase Services,2,4,strict,2,False,False,1910,28828,17902,80,9,8,10,10,9,8,5,1.04,28828,1,Isle of Man,198,True
Malta,Type V5,Plasma,ThetaBase Services,1,2,strict,1,False,False,2170,11904,15899,90,8,7,7,10,8,8,3,0.58,11904,1,Nauru,1,False
Nicaragua,Type V5,Plasma,ThetaBase Services,2,7,strict,3,False,False,3327,24026,56794,93,9,10,9,10,10,9,6,2.54,24026,0.98,Cape Verde,69,True
Rwanda,Type V5,Plasma,ThetaBase Services,1,2,strict,1,True,False,2300,24844,5059,89,9,9,10,9,9,9,31,6,24844,1,Uzbekistan,6,False
Barbados,Type V5,Plasma,ThetaBase Services,1,2,strict,1,True,False,1923,27774,54782,84,9,10,8,7,10,9,5,0.97,27774,0.78,Vietnam,15,False
Malta,Type V5,Plasma,ThetaBase Services,1,4,moderate,1,False,False,2040,4794,60303,100,10,9,9,10,10,10,2,0.9,4794,1,Marshall Islands,1,False
United Kingdom,Type V5,Quantum,ThetaBase Services,1,2,moderate,1,False,False,1208,49105,62358,100,10,9,10,10,10,10,3,0.78,49105,1,Malta,3,False
Sao Tome and Principe,Type V5,Quantum,ThetaBase Services,1,2,flexible,1,True,False,1767,50089,1818,83,8,8,8,9,9,9,7,1.42,50089,1,Isle of Man,2,False
Barbados,Type V5,Plasma,ThetaBase Services,1,3,strict,1,False,False,2781,4330,47948,80,8,10,10,10,10,10,1,0.32,4330,0.94,Ukraine,60,True
Barbados,Type V5,Plasma,ThetaBase Services,1,3,strict,2,False,False,2820,4330,63741,80,8,8,10,10,10,10,1,0.28,4330,0.94,Ukraine,60,True
Russian Federation,Type V5,Quantum,ThetaBase Services,1,2,flexible,1,False,False,1910,12927,32645,100,10,10,10,10,10,10,2,0.4,12927,1,Russian Federation,1,True
Russian Federation,Type V2,Quantum,ThetaBase Services,1,1,moderate,1,True,False,1390,39923,26780,98,10,10,10,10,9,9,11,2.37,39923,1,Russian Federation,2,False
Niue,Type V5,Plasma,ThetaBase Services,1,4,strict,2,False,False,1780,28828,29168,100,10,9,10,9,9,9,4,1.3,28828,1,Isle of Man,198,True
Sao Tome and Principe,Type F5,Plasma,ThetaBase Services,3,6,moderate,4,False,False,3340,18077,40964,100,10,10,10,10,10,10,4,2.26,18077,1,Sao Tome and Principe,139,False
Micronesia,Type V5,Plasma,ThetaBase Services,2,4,moderate,3,False,False,2950,30286,45430,77,8,8,9,7,10,7,7,1.78,30286,1,Montserrat,39,False
Costa Rica,Type F5,Quantum,ThetaBase Services,1,1,flexible,1,True,False,1130,30080,64986,80,9,6,9,9,7,8,4,0.79,30080,0.88,Pakistan,1,False
United Kingdom,Type F5,Quantum,ThetaBase Services,1,2,strict,1,True,False,1585,34532,72075,80,10,10,10,10,10,10,3,0.81,34532,1,Monaco,1,False
Kenya,Type V5,Quantum,ThetaBase Services,2,2,strict,1,True,False,1325,13854,71222,97,10,10,10,10,10,10,7,1.43,13854,1,Portugal,1,False
Barbados,Type V5,Quantum,ThetaBase Services,1,3,strict,2,True,False,1650,41518,59156,94,10,10,10,10,10,9,7,1.43,41518,1,Montserrat,13,True
Russian Federation,Type V5,Plasma,ThetaBase Services,1,3,flexible,0,False,False,1975,2105,18190,90,9,9,10,9,10,9,4,2.22,2105,1,Tonga,1,False
Malta,Type V5,Plasma,ThetaBase Services,2,4,moderate,2,False,False,2118,28367,19481,98,10,10,10,10,10,10,8,2.89,28367,1,Marshall Islands,1,False
Micronesia,Type V5,Plasma,ThetaBase Services,1,4,moderate,2,True,False,2300,17502,4989,100,10,10,10,10,10,10,2,0.41,17502,0.8,Netherlands,1,False
Estonia,Type V5,Plasma,ThetaBase Services,0,2,flexible,1,True,False,1429,3650,18370,93,10,9,10,10,8,9,14,4.38,3650,1,Zimbabwe,1,True
Niue,Type V5,Plasma,ThetaBase Services,1,4,strict,1,True,False,1767,32360,38551,93,10,10,10,9,9,10,3,2.2,32360,1,Niue,1,True
Faroe Islands,Type F5,Quantum,ThetaBase Services,1,1,strict,1,True,False,1390,17051,19939,100,10,10,10,10,10,10,6,1.32,17051,1,Micronesia,1,False
Malta,Type F5,Plasma,ThetaBase Services,2,4,strict,2,False,False,2040,22127,18638,100,10,10,10,10,10,9,2,0.78,22127,1,United Kingdom,1,False
Bouvet Island (Bouvetoya),Type V5,Plasma,ThetaBase Services,2,4,moderate,2,False,False,3860,28703,18678,94,10,10,10,10,10,9,20,4.08,28703,1,Uzbekistan,2,False
Bouvet Island (Bouvetoya),Type V5,Plasma,ThetaBase Services,2,4,moderate,2,True,False,2807,48791,69451,83,9,8,9,10,9,8,12,2.73,48791,0.97,Uzbekistan,5,True
Bouvet Island (Bouvetoya),Type V7,Quantum,ThetaBase Services,1,2,moderate,1,False,False,1416,15695,71607,94,10,10,10,10,10,10,25,5.24,15695,1,Malawi,2,True
Micronesia,Type L7,Quantum,ThetaBase Services,1,2,strict,1,False,False,2495,48954,44947,99,10,10,10,10,10,10,25,6.1,48954,1,Montserrat,8,True
Estonia,Type V5,Quantum,ThetaBase Services,1,2,strict,1,True,False,1390,37574,38934,100,10,10,10,10,9,10,2,0.73,37574,1,Zimbabwe,2,True
United Kingdom,Type V2,Quantum,ThetaBase Services,1,1,flexible,0,True,False,1130,12848,8793,100,10,10,10,10,10,10,1,0.94,12848,1,Denmark,2,False
United Kingdom,Type V2,Quantum,ThetaBase Services,1,1,flexible,1,False,False,1156,12848,51023,95,10,10,10,10,9,9,4,0.86,12848,1,Denmark,2,False
Malta,Type V5,Quantum,ThetaBase Services,1,2,flexible,1,True,False,1260,15452,40434,90,9,9,9,9,9,9,12,2.45,15452,0.9,Niue,2,False
El Salvador,Type F5,Quantum,ThetaBase Services,1,2,flexible,2,False,False,1260,33933,17178,95,10,10,10,10,9,10,12,2.61,33933,1,Papua New Guinea,3,False
Russian Federation,Type G0,Plasma,ThetaBase Services,2,5,strict,2,True,False,3015,37646,44915,90,10,10,8,10,9,9,3,0.93,37646,1,Estonia,60,False
Barbados,Type G0,Plasma,ThetaBase Services,1,1,strict,1,False,False,1845,17789,3670,100,10,10,10,10,10,10,1,0.24,17789,0.94,Reunion,6,False
Malta,Type V2,Plasma,ThetaBase Services,5,8,moderate,5,False,False,4770,18077,38253,100,10,10,10,10,10,10,2,1.02,18077,1,Sao Tome and Principe,139,False
Barbados,Type V5,Plasma,ThetaBase Services,2,4,moderate,2,False,False,2482,30286,59155,88,9,9,10,10,10,9,12,2.67,30286,1,Montserrat,39,False
Anguilla,Type F5,Quantum,ThetaBase Services,1,2,moderate,1,False,False,1364,24565,30745,100,10,10,10,10,9,10,2,0.8,24565,1,Anguilla,4,False
Malta,Type V7,Plasma,ThetaBase Services,2,4,strict,2,False,False,3015,26652,39516,100,10,9,9,9,10,10,3,0.92,26652,0.97,Pakistan,6,False
Barbados,Type V5,Plasma,ThetaBase Services,2,7,strict,3,False,False,2300,23143,60810,75,8,7,9,9,9,7,4,1.19,23143,0.65,Bouvet Island (Bouvetoya),14,False
Gambia,Type F5,Quantum,ThetaBase Services,1,2,flexible,2,False,False,1325,28255,58373,60,5,4,7,9,9,5,2,0.51,28255,0.75,Somalia,1,False
Malta,Type F5,Plasma,ThetaBase Services,2,4,moderate,2,False,False,2820,18077,58810,100,10,10,10,10,8,10,5,1.15,18077,1,Sao Tome and Principe,139,False
Isle of Man,Type F5,Quantum,ThetaBase Services,1,2,flexible,1,True,False,1455,35250,62072,100,10,10,10,10,10,10,3,0.64,35250,1,Togo,1,False
Uzbekistan,Type F5,Plasma,ThetaBase Services,3,8,strict,4,True,False,2820,8956,74237,97,10,10,10,10,10,10,21,4.7,8956,1,Kiribati,1,False
Sao Tome and Principe,Type V5,Plasma,ThetaBase Services,1,2,moderate,1,False,False,2495,30286,64488,100,10,10,10,10,10,10,1,0.29,30286,1,Montserrat,39,False
United Kingdom,Type V5,Quantum,ThetaBase Services,1,2,flexible,1,True,False,1520,12117,75770,100,10,10,10,10,9,10,4,1.15,12117,1,Monaco,1,False
Nicaragua,Type V5,Plasma,ThetaBase Services,2,4,moderate,2,False,False,2495,30286,13674,88,8,8,9,9,9,9,5,1.24,30286,1,Montserrat,39,False
Rwanda,Type V5,Plasma,ThetaBase Services,2,6,strict,3,True,False,1897,29123,39299,93,9,9,9,10,9,10,6,2.43,29123,1,Zimbabwe,16,True
Bouvet Island (Bouvetoya),Type V5,Plasma,ThetaBase Services,2,4,moderate,2,False,False,2560,30286,43405,82,9,9,9,9,8,8,9,2.01,30286,1,Montserrat,39,False
Malta,Type V5,Plasma,ThetaBase Services,2,8,strict,4,True,False,4380,33873,73950,87,9,10,9,8,8,9,9,2.73,33873,1,Turks and Caicos Islands,8,True
Malta,Type V5,Plasma,ThetaBase Services,1,1,moderate,1,False,False,2170,39378,58720,90,9,7,10,10,9,9,2,0.77,39378,1,Brazil,1,False
Barbados,Type V5,Plasma,ThetaBase Services,3,6,strict,3,False,False,3470,13553,10782,85,9,9,9,10,9,8,15,4.21,13553,0.93,Vietnam,5,False
Barbados,Type G0,Quantum,ThetaBase Services,1,2,strict,1,True,False,2001,15693,65891,86,9,9,10,10,10,9,10,2.42,15693,1,Vietnam,6,False
Barbados,Type V5,Plasma,ThetaBase Services,2,4,strict,2,False,False,5420,49504,72947,76,9,9,9,9,10,8,10,2.26,49504,1,Guinea,2,False
Russian Federation,Type V5,Quantum,ThetaBase Services,1,2,flexible,1,True,False,1390,27970,34801,80,9,10,10,10,9,9,3,0.67,27970,1,Niue,2,True
Nicaragua,Type F5,Quantum,ThetaBase Services,1,2,strict,1,True,False,1377,4446,68983,83,9,7,10,9,10,9,13,3.02,4446,1,Uganda,58,False
Nicaragua,Type V5,Plasma,ThetaBase Services,1,4,flexible,1,True,False,2235,44659,67877,98,10,10,9,10,10,10,12,4,44659,1,Pakistan,1,False
Russian Federation,Type V5,Plasma,ThetaBase Services,1,4,moderate,1,True,False,1780,43002,53533,80,9,6,10,10,9,8,3,0.72,43002,1,Gambia,1,False
Anguilla,Type F5,Quantum,ThetaBase Services,1,1,flexible,1,False,False,1182,44441,43844,100,10,10,10,10,8,10,2,0.61,44441,1,United Kingdom,1,True
Malta,Type V5,Plasma,ThetaBase Services,1,2,flexible,1,False,False,1715,24568,35997,100,10,10,10,10,10,10,10,2.56,24568,1,Brazil,1,False
Bouvet Island (Bouvetoya),Type F5,Quantum,ThetaBase Services,1,2,strict,1,True,False,1325,35123,41561,100,10,10,10,10,10,10,7,1.51,35123,1,Chile,1,False
Barbados,Type V5,Plasma,ThetaBase Services,2,4,moderate,2,False,False,3210,30286,73774,80,8,9,8,9,9,7,4,0.98,30286,1,Montserrat,39,False
Nicaragua,Type V5,Plasma,ThetaBase Services,2,4,moderate,2,False,False,2950,30286,16295,83,9,8,10,9,10,8,13,3.05,30286,1,Montserrat,39,False
Bouvet Island (Bouvetoya),Type V5,Quantum,ThetaBase Services,1,2,flexible,1,False,False,1780,34243,62756,96,10,9,10,10,10,10,19,3.93,34243,0.95,Uzbekistan,1,False
Nicaragua,Type V5,Quantum,ThetaBase Services,1,2,flexible,1,False,False,1715,13160,9390,100,10,10,10,10,10,9,3,0.82,13160,1,Cape Verde,5,True
Russian Federation,Type F5,Plasma,ThetaBase Services,0,2,flexible,1,True,False,1910,41762,55278,100,10,10,10,10,10,8,1,0.24,41762,1,Russian Federation,1,False
Barbados,Type V5,Plasma,ThetaBase Services,2,4,strict,2,True,False,3210,16292,32697,100,10,10,10,10,10,9,7,2,16292,0.83,Reunion,1,False
Nicaragua,Type V5,Plasma,ThetaBase Services,3,12,strict,7,True,False,3080,48786,56841,75,8,8,10,10,9,8,16,4.62,48786,0.9,Pakistan,1,False
Micronesia,Type V5,Quantum,ThetaBase Services,1,2,flexible,1,True,False,1910,6026,73557,92,10,10,10,10,10,9,36,7.88,6026,1,Rwanda,1,True
Bouvet Island (Bouvetoya),Type V5,Quantum,ThetaBase Services,1,2,flexible,1,True,False,1585,29578,12245,100,10,10,10,10,10,10,1,0.29,29578,1,Chile,2,False
Niue,Type F5,Quantum,ThetaBase Services,1,1,moderate,1,False,False,1195,40620,10926,100,10,10,10,10,10,10,11,2.36,40620,1,Guinea,2,False
Malta,Type V5,Quantum,ThetaBase Services,1,2,flexible,1,False,False,1377,16107,73782,100,10,10,10,10,10,10,3,2.37,16107,1,Brazil,1,True
Costa Rica,Type V5,Plasma,ThetaBase Services,1,2,flexible,1,True,False,2274,12999,56956,98,10,10,10,10,9,10,19,4.35,12999,1,Micronesia,1,False
Barbados,Type V5,Plasma,ThetaBase Services,2,6,flexible,2,True,False,4315,3524,59537,93,10,9,10,10,10,9,8,2.42,3524,1,Ghana,5,False
Barbados,Type V5,Plasma,ThetaBase Services,0,2,flexible,1,True,False,1910,49565,49982,67,9,9,10,9,10,8,3,0.7,49565,0.92,Uganda,14,False
Nicaragua,Type F5,Plasma,ThetaBase Services,3,6,flexible,3,False,False,1260,10689,44203,100,10,10,10,10,10,10,2,0.45,10689,1,Isle of Man,1,True
Barbados,Type V5,Plasma,ThetaBase Services,2,5,moderate,2,True,False,2495,10809,17206,96,10,10,10,10,10,9,11,2.58,10809,1,Bosnia and Herzegovina,4,False
Barbados,Type V2,Plasma,ThetaBase Services,1,2,moderate,1,False,False,5355,23238,35451,100,10,10,10,10,10,9,2,0.97,23238,1,Reunion,2,True
Barbados,Type V5,Plasma,ThetaBase Services,0,2,moderate,1,False,False,2027,49565,55141,87,9,9,9,8,10,9,12,2.73,49565,0.92,Uganda,14,False
Bouvet Island (Bouvetoya),Type F5,Plasma,ThetaBase Services,2,4,moderate,2,False,False,1923,24252,11472,100,10,10,10,10,10,10,1,0.79,24252,0.8,Tonga,2,False
Barbados,Type V5,Quantum,ThetaBase Services,1,2,flexible,1,False,False,2027,49565,73590,73,8,9,9,8,10,8,3,0.76,49565,0.92,Uganda,14,False
United Kingdom,Type V5,Quantum,ThetaBase Services,1,2,strict,1,True,False,1702,37595,39100,100,8,10,10,10,10,10,2,0.52,37595,0.9,Lithuania,4,False
Barbados,Type V5,Plasma,ThetaBase Services,1,4,moderate,2,True,False,2820,9345,48312,91,10,10,9,9,10,9,7,2.08,9345,1,Bosnia and Herzegovina,4,False
Malta,Type V7,Plasma,ThetaBase Services,4,9,moderate,4,True,False,3210,48980,1138,96,10,10,10,9,9,10,14,5.75,48980,1,Mauritania,2,False
Uzbekistan,Type V5,Plasma,ThetaBase Services,2,4,strict,2,False,False,2170,4920,42596,98,10,9,10,10,10,10,11,2.89,4920,0.98,Estonia,8,False
Uzbekistan,Type V2,Plasma,ThetaBase Services,3,6,strict,3,True,False,2105,19682,24493,93,10,9,10,10,9,10,14,3.31,19682,1,Faroe Islands,15,True
Estonia,Type F5,Plasma,ThetaBase Services,2,3,moderate,2,False,False,1520,25543,12429,100,10,10,10,9,10,10,7,1.6,25543,0.89,Zimbabwe,1,True
Barbados,Type V5,Plasma,ThetaBase Services,1,5,strict,1,True,False,2196,1207,59337,86,9,8,9,9,9,9,14,3.5,1207,1,Nicaragua,7,False
Barbados,Type V5,Plasma,ThetaBase Services,0,4,strict,2,True,False,2807,48698,24981,92,10,10,10,9,10,9,28,6.77,48698,0.9,Vietnam,3,False
Barbados,Type V5,Plasma,ThetaBase Services,0,3,strict,2,True,False,2807,48698,74828,86,9,10,10,10,10,8,35,8.27,48698,0.9,Vietnam,3,False
Barbados,Type V5,Plasma,ThetaBase Services,0,2,strict,1,True,False,2807,48698,5700,96,10,10,10,10,10,9,20,4.96,48698,0.9,Vietnam,3,False
Niue,Type V5,Plasma,ThetaBase Services,0,2,flexible,1,False,False,2040,17061,48149,80,9,8,10,10,10,8,4,1.54,17061,1,Niue,2,False
United Kingdom,Type V5,Plasma,ThetaBase Services,1,2,strict,1,False,False,2417,39467,56801,91,9,9,10,10,10,9,13,2.91,39467,1,Nicaragua,4,True
Gambia,Type V5,Plasma,ThetaBase Services,1,4,strict,2,False,False,1910,28828,48585,90,10,9,10,10,9,10,2,1.46,28828,1,Isle of Man,198,True
Malta,Type V5,Plasma,ThetaBase Services,2,4,strict,2,False,False,2040,48869,67134,80,10,10,8,10,10,10,2,0.71,48869,1,Slovakia (Slovak Republic),22,False
Rwanda,Type V5,Plasma,ThetaBase Services,2,6,strict,3,True,False,2157,29123,65699,91,10,9,10,10,10,10,9,3.33,29123,1,Zimbabwe,16,True
Russian Federation,Type V5,Quantum,ThetaBase Services,1,2,flexible,1,False,False,1507,36899,29592,100,10,10,10,10,10,10,2,0.43,36899,0.75,Saint Helena,2,True
Micronesia,Type F5,Plasma,ThetaBase Services,3,6,strict,4,False,False,8020,36731,18375,100,10,10,10,10,10,10,4,1.85,36731,1,Nicaragua,7,False
Gambia,Type F5,Quantum,ThetaBase Services,1,2,flexible,1,False,False,1325,28123,18922,97,10,10,10,10,9,10,6,2.43,28123,1,Gambia,1,False
Gambia,Type V5,Plasma,ThetaBase Services,2,4,strict,2,True,False,1715,27597,34407,88,9,10,10,10,9,9,13,4.33,27597,1,Portugal,7,True
Nicaragua,Type V5,Plasma,ThetaBase Services,1,4,strict,1,True,False,2105,3961,39596,98,10,10,10,10,9,10,21,7.08,3961,1,Fiji,8,False
Malta,Type V5,Plasma,ThetaBase Services,2,4,moderate,2,False,False,2690,18077,35583,100,10,9,10,10,8,10,2,0.62,18077,1,Sao Tome and Principe,139,False
Barbados,Type V5,Plasma,ThetaBase Services,2,4,strict,2,True,False,2326,27774,21089,70,8,9,7,8,10,9,2,0.66,27774,0.78,Vietnam,15,False
Rwanda,Type Z6,Plasma,ThetaBase Services,3,7,flexible,5,True,False,3470,49542,43538,87,10,9,10,10,10,9,4,0.98,49542,1,Turkmenistan,2,False
Nicaragua,Type V5,Plasma,ThetaBase Services,1,3,flexible,2,False,False,2001,14565,59801,80,9,7,9,9,10,8,5,2.21,14565,0.8,Isle of Man,1,False
Malta,Type V5,Plasma,ThetaBase Services,1,4,flexible,1,False,False,1676,23938,53330,100,10,10,10,10,10,10,1,0.34,23938,1,Guernsey,1,False
Estonia,Type V5,Plasma,ThetaBase Services,2,4,strict,2,True,False,1715,37574,26733,100,10,9,10,10,9,10,3,0.91,37574,1,Zimbabwe,2,True
Barbados,Type V5,Plasma,ThetaBase Services,2,6,strict,2,True,False,5095,13641,37134,91,10,9,10,8,10,9,9,2.43,13641,0.85,Mauritania,23,False
Malta,Type V5,Plasma,ThetaBase Services,1,4,flexible,1,True,False,2430,13641,48778,89,9,10,9,9,10,9,7,2.02,13641,0.85,Mauritania,23,False
Kiribati,Type V5,Nuclear,ThetaBase Services,1,4,flexible,2,True,False,1390,38979,20078,98,10,9,10,10,9,10,12,2.69,38979,1,Nicaragua,1,False
Russian Federation,Type V5,Plasma,ThetaBase Services,1,3,strict,2,False,False,2560,30286,14052,84,9,9,9,10,10,8,10,2.34,30286,1,Montserrat,39,False
Sao Tome and Principe,Type V5,Plasma,ThetaBase Services,1,2,moderate,1,False,False,1585,30286,47101,92,9,9,10,9,10,9,13,3.07,30286,1,Montserrat,39,False
Russian Federation,Type X3,Quantum,ThetaBase Services,1,1,strict,1,False,False,1455,10370,23991,100,10,10,10,10,10,10,7,1.96,10370,1,Russian Federation,2,False
Nicaragua,Type V5,Quantum,ThetaBase Services,4,2,strict,1,True,False,1390,37778,17907,81,8,8,8,9,10,9,24,5.22,37778,0.92,Tonga,24,False
Gambia,Type W5,Plasma,ThetaBase Services,2,4,moderate,2,True,False,1351,2037,8301,91,10,8,9,9,9,10,8,2.67,2037,0.8,Gambia,1,False
Costa Rica,Type F5,Quantum,ThetaBase Services,1,1,strict,1,False,False,1143,28965,51330,100,10,10,10,10,10,10,3,0.76,28965,0.9,Pakistan,2,False
Brazil,Type V2,Quantum,ThetaBase Services,1,2,flexible,1,True,False,1260,39915,904,100,10,9,10,10,9,10,2,0.49,39915,1,Vanuatu,1,False
Nicaragua,Type V5,Plasma,ThetaBase Services,1,4,strict,1,True,False,1767,4446,53584,100,10,10,10,10,10,10,2,0.67,4446,1,Uganda,58,False
Nicaragua,Type V5,Plasma,ThetaBase Services,1,4,strict,1,True,False,1767,4446,34405,100,10,10,10,10,10,10,2,0.44,4446,1,Uganda,58,False
Barbados,Type G0,Plasma,ThetaBase Services,1,2,strict,1,True,False,4640,42286,29608,96,10,10,10,10,10,8,5,1.14,42286,0.94,Vietnam,9,True
Barbados,Type F5,Quantum,ThetaBase Services,2,2,strict,1,True,False,1390,37778,43329,75,8,7,8,9,10,8,24,5.5,37778,0.92,Tonga,24,False
Niue,Type V5,Quantum,ThetaBase Services,4,2,strict,1,True,False,1455,37778,67868,85,9,8,10,10,10,9,21,4.63,37778,0.92,Tonga,24,False
Nicaragua,Type V5,Quantum,ThetaBase Services,1,2,strict,1,True,False,1325,37778,14956,73,8,7,8,9,10,8,24,5.14,37778,0.92,Tonga,24,False
Estonia,Type F5,Plasma,ThetaBase Services,2,5,strict,2,False,False,2170,45054,41519,100,10,6,10,10,10,10,2,0.8,45054,0.7,Zimbabwe,1,True
United Kingdom,Type V5,Quantum,ThetaBase Services,1,2,flexible,1,True,False,1260,25352,37100,100,10,9,10,10,10,10,2,0.72,25352,1,Monaco,3,True
Niue,Type V5,Plasma,ThetaBase Services,1,2,strict,1,False,False,1715,43047,58406,100,10,10,10,10,10,10,1,1,43047,1,Guinea,2,True
Nicaragua,Type V5,Plasma,ThetaBase Services,2,4,strict,2,True,False,3730,29898,13506,100,10,10,10,10,10,10,9,3.14,29898,1,Jersey,1,False
Malta,Type E3,Plasma,ThetaBase Services,1,2,flexible,1,True,False,1390,29931,58958,98,10,10,10,10,10,10,33,7.67,29931,1,Brazil,1,False
Bouvet Island (Bouvetoya),Type W4,Quantum,ThetaBase Services,1,1,strict,1,True,False,1650,27507,74656,100,8,8,10,10,8,10,1,1,27507,1,Lebanon,2,False
Rwanda,Type V2,Quantum,ThetaBase Services,1,2,moderate,1,True,False,1455,15860,4511,90,9,9,10,9,9,9,21,4.74,15860,1,Maldives,11,False
Rwanda,Type F5,Quantum,ThetaBase Services,1,2,moderate,1,True,False,1520,15860,68189,81,9,8,10,10,9,9,17,3.78,15860,1,Maldives,11,False
Rwanda,Type V2,Quantum,ThetaBase Services,1,2,moderate,2,True,False,1455,15860,53725,82,9,8,10,9,9,8,30,6.67,15860,1,Maldives,11,False
Rwanda,Type V2,Quantum,ThetaBase Services,1,2,moderate,1,True,False,1520,15860,4396,88,9,9,9,9,10,9,24,5.29,15860,1,Maldives,11,False
Rwanda,Type V2,Quantum,ThetaBase Services,1,2,moderate,1,True,False,1455,15860,40879,86,9,8,10,9,9,9,27,6.28,15860,1,Maldives,11,False
Rwanda,Type V2,Quantum,ThetaBase Services,1,2,moderate,1,True,False,1455,15860,61836,84,9,9,9,9,9,9,18,4.54,15860,1,Maldives,11,False
Rwanda,Type V2,Quantum,ThetaBase Services,1,2,moderate,1,True,False,1494,15860,47541,88,10,8,10,10,10,9,17,4.32,15860,1,Maldives,11,False
Rwanda,Type V2,Quantum,ThetaBase Services,1,2,moderate,1,True,False,1416,15860,44205,88,10,9,10,10,10,9,23,5.23,15860,1,Maldives,11,False
Rwanda,Type V2,Quantum,ThetaBase Services,1,2,moderate,1,True,False,1260,15860,20150,76,9,8,10,9,9,8,16,3.97,15860,1,Maldives,11,False
Indonesia,Type F5,Quantum,ThetaBase Services,0,1,flexible,1,False,False,1195,29680,60125,75,7,7,9,10,9,9,4,1.26,29680,0.88,Faroe Islands,2,False
Costa Rica,Type F5,Plasma,ThetaBase Services,4,8,strict,5,False,False,2495,17198,34194,98,10,10,10,10,9,10,11,2.6,17198,1,Gambia,1,False
Brazil,Type E3,Quantum,ThetaBase Services,1,1,moderate,1,True,False,1130,26521,22354,95,10,10,10,10,10,10,8,2.42,26521,1,Vanuatu,1,False
Rwanda,Type V2,Plasma,ThetaBase Services,3,6,strict,3,True,False,2170,8656,28282,100,10,10,10,10,10,10,17,3.72,8656,1,Venezuela,1,False
Bouvet Island (Bouvetoya),Type V5,Plasma,ThetaBase Services,2,4,strict,2,True,False,2300,28515,42929,100,10,10,10,10,10,9,6,1.54,28515,1,Lebanon,1,True
Barbados,Type V5,Plasma,ThetaBase Services,2,6,flexible,2,True,False,3210,35640,53914,73,7,7,10,10,10,7,3,0.89,35640,1,Uganda,3,False
Anguilla,Type V5,Plasma,ThetaBase Services,0,1,flexible,1,True,False,2170,42762,76932,95,10,8,10,9,10,10,4,0.91,42762,1,United Kingdom,1,False
Nicaragua,Type V5,Plasma,ThetaBase Services,0,3,strict,2,True,False,1910,3940,75943,85,9,9,9,9,9,8,12,2.98,3940,1,Pakistan,2,False
Malta,Type F5,Plasma,ThetaBase Services,3,4,moderate,3,False,False,2391,37215,29785,80,8,10,10,8,8,8,1,0.88,37215,1,Indonesia,4,True
United Kingdom,Type V5,Plasma,ThetaBase Services,2,5,strict,3,False,False,2365,36688,4301,67,7,7,8,9,9,7,3,0.88,36688,1,Lithuania,1,False
Nicaragua,Type G0,Plasma,ThetaBase Services,1,4,strict,1,False,False,3015,24128,50589,90,9,10,9,9,8,9,5,1.1,24128,0.54,Suriname,9,True
Russian Federation,Type V5,Plasma,ThetaBase Services,2,4,moderate,2,False,False,3080,1582,40915,100,10,10,10,10,10,9,9,3.86,1582,1,Russian Federation,1,False
Rwanda,Type V5,Plasma,ThetaBase Services,1,4,strict,1,True,False,2690,13641,58795,88,9,9,7,8,10,9,10,2.46,13641,0.85,Mauritania,23,False
Anguilla,Type F5,Quantum,ThetaBase Services,1,3,flexible,3,True,False,1520,11125,25157,87,9,9,9,9,9,9,11,2.64,11125,1,Nicaragua,12,True
United Kingdom,Type V5,Plasma,ThetaBase Services,1,3,strict,1,False,False,1975,1901,56312,87,9,10,10,10,8,9,3,0.88,1901,1,El Salvador,1,False
Rwanda,Type V5,Plasma,ThetaBase Services,1,2,strict,1,True,False,2495,11907,23534,92,10,10,10,10,10,8,7,1.53,11907,1,Uzbekistan,1,False
Rwanda,Type V2,Plasma,ThetaBase Services,3,8,strict,4,True,False,4120,10697,72245,100,10,10,10,10,10,10,1,0.57,10697,1,Uzbekistan,3,True
United Kingdom,Type V5,Quantum,ThetaBase Services,1,2,moderate,1,True,False,1390,42096,1683,100,10,10,10,10,10,10,5,1.14,42096,1,Senegal,1,False
Bouvet Island (Bouvetoya),Type V5,Quantum,ThetaBase Services,1,2,flexible,1,False,False,1286,6191,6761,100,10,10,10,10,10,10,2,0.48,6191,1,Uzbekistan,2,True
Estonia,Type V2,Plasma,ThetaBase Services,3,5,flexible,3,False,False,1702,32915,13252,100,10,10,10,10,10,10,3,0.93,32915,1,Zimbabwe,1,True
Faroe Islands,Type G0,Quantum,ThetaBase Services,0,4,moderate,4,True,False,1910,21240,3970,87,9,9,5,7,9,9,3,0.87,21240,0.94,Niger,130,False
Faroe Islands,Type G0,Quantum,ThetaBase Services,0,4,moderate,4,True,False,1910,21240,40791,80,9,9,8,10,10,9,4,1.58,21240,0.94,Niger,130,False
Faroe Islands,Type G0,Quantum,ThetaBase Services,0,4,moderate,4,True,False,1910,21240,14346,100,10,10,10,8,9,10,3,1.17,21240,0.94,Niger,130,False
Faroe Islands,Type G0,Quantum,ThetaBase Services,0,4,moderate,4,True,False,1910,21240,36651,20,4,4,6,6,4,2,1,0.61,21240,0.94,Niger,130,False
Faroe Islands,Type G0,Quantum,ThetaBase Services,0,4,moderate,4,True,False,1910,21240,4000,84,9,9,9,9,9,9,11,3.98,21240,0.94,Niger,130,False
Faroe Islands,Type G0,Quantum,ThetaBase Services,0,4,moderate,4,True,False,2040,21240,34210,20,2,2,2,2,2,2,1,0.25,21240,0.94,Niger,130,False
Faroe Islands,Type G0,Quantum,ThetaBase Services,0,4,moderate,4,True,False,2040,21240,42835,70,6,5,10,10,10,7,2,0.79,21240,0.94,Niger,130,False
Faroe Islands,Type G0,Quantum,ThetaBase Services,0,4,moderate,4,True,False,2040,21240,59820,100,10,10,10,10,10,10,1,1,21240,0.94,Niger,130,False
Niue,Type G0,Plasma,ThetaBase Services,0,2,moderate,2,True,False,1585,21240,59478,50,5,5,9,6,4,5,2,0.48,21240,0.94,Niger,130,False
Nicaragua,Type G0,Plasma,ThetaBase Services,2,5,strict,2,True,False,3795,24128,36438,80,9,10,8,9,10,9,4,0.94,24128,0.54,Suriname,9,True
Niue,Type G0,Plasma,ThetaBase Services,0,2,moderate,2,True,False,1585,21240,28469,65,6,7,9,10,6,6,4,1.01,21240,0.94,Niger,130,False
Niue,Type G0,Plasma,ThetaBase Services,0,2,moderate,2,True,False,1780,21240,49961,80,8,8,6,8,8,9,2,0.51,21240,0.94,Niger,130,False
Niue,Type G0,Plasma,ThetaBase Services,0,2,moderate,2,True,False,1780,21240,11500,70,9,7,10,10,10,10,2,0.51,21240,0.94,Niger,130,False
Uzbekistan,Type F5,Quantum,ThetaBase Services,1,2,moderate,0,True,False,1260,13042,13898,94,9,9,10,10,10,10,10,2.27,13042,1,Costa Rica,5,False
Uzbekistan,Type V2,Quantum,ThetaBase Services,1,2,strict,1,False,False,1650,26406,70010,100,10,10,10,10,10,10,4,0.99,26406,1,Kiribati,2,False
Costa Rica,Type V5,Plasma,ThetaBase Services,1,3,moderate,2,False,False,1780,2862,51550,100,10,10,10,10,9,10,7,1.68,2862,1,Vanuatu,1,False
Barbados,Type V5,Plasma,ThetaBase Services,2,5,strict,2,False,False,2482,12173,47671,100,10,6,10,8,10,10,1,0.47,12173,1,Uganda,9,False
Nicaragua,Type F5,Quantum,ThetaBase Services,1,2,strict,1,True,False,1247,4446,58551,83,9,8,9,9,9,7,6,2.05,4446,1,Uganda,58,False
Chad,Type F5,Quantum,ThetaBase Services,1,2,flexible,1,False,False,1130,13441,49833,100,10,9,10,10,7,9,3,1.23,13441,1,Togo,2,False
Malta,Type V5,Quantum,ThetaBase Services,1,1,flexible,1,False,False,1520,46607,44311,100,10,10,10,10,10,10,1,1,46607,1,Brazil,4,False
Barbados,Type V5,Plasma,ThetaBase Services,1,3,moderate,1,False,False,2404,49565,1167,86,10,8,10,8,10,8,10,2.68,49565,0.92,Uganda,14,False
Barbados,Type V5,Plasma,ThetaBase Services,1,2,moderate,1,True,False,2170,10809,65788,92,10,9,10,10,10,10,21,4.88,10809,1,Bosnia and Herzegovina,4,False
Nicaragua,Type V5,Plasma,ThetaBase Services,1,2,strict,1,True,False,2326,27774,38656,100,10,10,10,8,10,10,1,0.48,27774,0.78,Vietnam,15,False
Nicaragua,Type V5,Plasma,ThetaBase Services,1,4,flexible,1,True,False,2430,4575,4417,90,10,10,9,10,9,9,4,0.99,4575,1,Pakistan,3,False
Nicaragua,Type V5,Plasma,ThetaBase Services,3,6,strict,3,False,False,4120,24128,75204,83,8,8,8,8,9,8,7,2.12,24128,0.54,Suriname,9,True
Nicaragua,Type V5,Plasma,ThetaBase Services,1,2,strict,1,False,False,1910,5007,424,100,10,10,10,10,10,10,2,0.57,5007,0.13,Jersey,1,True
Nicaragua,Type V5,Plasma,ThetaBase Services,1,2,strict,1,False,False,2430,45633,8796,95,10,9,10,10,9,9,17,5.73,45633,1,Ecuador,1,False
Malta,Type V5,Plasma,ThetaBase Services,2,4,moderate,2,False,False,2950,34467,18614,73,8,7,5,7,9,7,3,0.78,34467,1,Indonesia,1,False
Bouvet Island (Bouvetoya),Type G0,Plasma,ThetaBase Services,2,5,strict,2,False,False,3457,24128,22578,100,8,8,8,8,10,10,1,0.33,24128,0.54,Suriname,9,True
Russian Federation,Type V7,Quantum,ThetaBase Services,1,2,strict,1,False,False,1416,2476,17149,90,10,9,8,10,10,9,2,0.72,2476,1,Saint Helena,2,True
Barbados,Type V5,Plasma,ThetaBase Services,2,6,moderate,3,False,False,3821,38696,27205,98,10,10,10,10,10,10,11,3.71,38696,1,Slovakia (Slovak Republic),1,False
Anguilla,Type F5,Quantum,ThetaBase Services,1,3,flexible,3,True,False,1455,11125,24176,80,8,8,8,6,8,8,5,1.27,11125,1,Nicaragua,12,True
Indonesia,Type F5,Quantum,ThetaBase Services,1,1,flexible,1,False,False,1247,25352,15956,95,10,9,10,10,9,10,11,2.68,25352,1,Monaco,3,True
Barbados,Type V5,Plasma,ThetaBase Services,0,2,strict,1,False,False,2430,47811,2984,95,10,10,10,10,10,10,13,3.02,47811,1,Vietnam,2,False
Micronesia,Type V5,Quantum,ThetaBase Services,1,4,strict,2,True,False,2157,28954,18272,87,8,8,9,9,8,9,6,1.5,28954,1,Rwanda,4,False
Faroe Islands,Type V5,Plasma,ThetaBase Services,1,2,flexible,1,True,False,1702,9570,62733,96,10,10,10,10,10,10,15,3.6,9570,1,Micronesia,1,False
Rwanda,Type V5,Quantum,ThetaBase Services,1,2,strict,1,True,False,1585,25046,48099,90,9,9,9,9,9,9,41,9.32,25046,1,Maldives,14,False
United Kingdom,Type V5,Plasma,ThetaBase Services,2,4,strict,1,True,False,2820,4575,23740,87,9,9,10,9,10,9,6,1.45,4575,1,Pakistan,3,False
Rwanda,Type V5,Quantum,ThetaBase Services,1,2,strict,1,True,False,1585,25046,2081,85,9,9,9,9,10,9,36,9.08,25046,1,Maldives,14,False
Rwanda,Type V5,Quantum,ThetaBase Services,1,2,strict,1,True,False,1585,25046,14587,84,9,8,9,9,9,9,26,5.86,25046,1,Maldives,14,False
Rwanda,Type V5,Quantum,ThetaBase Services,1,2,strict,1,True,False,1585,25046,16674,86,9,8,9,9,10,9,25,5.81,25046,1,Maldives,14,False
Rwanda,Type V5,Quantum,ThetaBase Services,1,2,strict,1,True,False,1585,25046,58333,82,9,8,9,9,9,9,18,4.39,25046,1,Maldives,14,False
Nicaragua,Type V5,Plasma,ThetaBase Services,0,4,strict,3,False,False,2495,48819,10620,91,9,10,10,10,10,9,21,5.53,48819,0.95,Pakistan,6,False
Barbados,Type V5,Plasma,ThetaBase Services,0,2,strict,1,True,False,2820,2743,46400,60,10,10,10,10,10,8,1,1,2743,0.97,China,23,False
Barbados,Type G0,Plasma,ThetaBase Services,0,2,strict,1,True,False,2820,2743,29224,90,8,10,9,9,9,9,4,2.11,2743,0.97,China,23,False
Nicaragua,Type V5,Plasma,ThetaBase Services,1,2,strict,1,False,False,2430,1199,65816,87,8,10,7,9,10,9,14,3.56,1199,1,Spain,1,False
Malta,Type V5,Plasma,ThetaBase Services,1,3,strict,2,True,False,2430,36363,10352,97,10,9,10,10,9,9,14,3.93,36363,0.82,Marshall Islands,5,False
Niue,Type V5,Quantum,ThetaBase Services,1,2,moderate,1,False,False,1390,45793,66658,100,10,10,10,10,10,10,2,0.94,45793,1,Niue,5,True
Nicaragua,Type V5,Plasma,ThetaBase Services,1,6,strict,1,True,False,1767,4446,2634,87,9,8,10,10,10,9,6,1.58,4446,1,Uganda,58,False
Brazil,Type F5,Quantum,ThetaBase Services,1,1,strict,1,True,False,1195,636,2366,88,9,9,10,10,9,10,21,4.96,636,0.97,Vanuatu,3,False
Nicaragua,Type V5,Plasma,ThetaBase Services,2,6,strict,2,True,False,1897,4446,63337,94,10,10,9,10,10,9,10,2.7,4446,1,Uganda,58,False
Uzbekistan,Type V2,Plasma,ThetaBase Services,2,7,strict,3,False,False,2807,26406,53194,100,10,10,10,10,8,10,1,0.88,26406,1,Kiribati,2,False
Micronesia,Type V5,Plasma,ThetaBase Services,1,2,moderate,1,False,False,2820,5040,41537,100,10,9,10,10,10,8,3,0.82,5040,1,Kenya,1,False
Sao Tome and Principe,Type V5,Plasma,ThetaBase Services,1,6,flexible,4,True,False,3067,41546,72364,100,10,10,10,10,10,10,1,1,41546,1,Mauritania,21,False
Sao Tome and Principe,Type V5,Plasma,ThetaBase Services,1,8,flexible,5,True,False,2885,41546,65706,80,9,10,10,10,8,8,2,0.51,41546,1,Mauritania,21,False
Russian Federation,Type V5,Plasma,ThetaBase Services,1,2,flexible,1,True,False,2105,17303,7999,80,10,10,6,6,10,10,2,0.56,17303,1,Russian Federation,5,True
Russian Federation,Type V5,Plasma,"Banks, Wood and Phillips",1,6,strict,3,True,False,1923,4446,71181,100,10,9,10,10,10,10,2,0.76,4446,1,Uganda,58,False
Russian Federation,Type V5,Plasma,ThetaBase Services,1,6,strict,2,True,False,1845,4446,7070,90,10,10,10,10,9,10,2,0.76,4446,1,Uganda,58,False
Nicaragua,Type V5,Plasma,ThetaBase Services,1,4,strict,1,True,False,1897,4446,38974,93,10,9,10,10,10,9,3,1.25,4446,1,Uganda,58,False
Sao Tome and Principe,Type V5,Plasma,ThetaBase Services,1,4,flexible,2,True,False,1975,21249,1327,96,9,10,9,10,10,9,11,2.92,21249,0.8,Sao Tome and Principe,1,False
Barbados,Type V5,Plasma,ThetaBase Services,2,6,strict,2,False,False,6070,20165,67916,60,7,7,8,9,8,5,2,0.48,20165,0.94,Ukraine,30,False
Niue,Type V5,Plasma,ThetaBase Services,2,4,flexible,3,False,False,1975,42971,2683,100,9,10,10,10,10,10,3,1.8,42971,1,Niue,1,False
Nicaragua,Type V5,Plasma,ThetaBase Services,0,3,strict,2,False,False,2365,48819,52728,86,9,9,9,9,9,8,24,5.85,48819,0.95,Pakistan,6,False
Micronesia,Type V7,Plasma,ThetaBase Services,2,4,flexible,2,True,False,2430,39181,50327,98,10,10,10,10,10,10,9,2.9,39181,1,Niger,1,False
Nicaragua,Type V5,Plasma,ThetaBase Services,0,2,strict,1,False,False,2235,48819,13050,87,9,10,10,10,10,8,69,16.56,48819,0.95,Pakistan,6,False
Malta,Type E3,Plasma,ThetaBase Services,0,3,strict,2,True,False,2040,10348,10697,85,9,9,10,10,10,9,13,3.2,10348,1,Tunisia,1,False
Barbados,Type V5,Plasma,ThetaBase Services,2,4,strict,2,True,False,2430,36312,47708,98,10,10,10,10,9,10,13,4.43,36312,1,Bouvet Island (Bouvetoya),1,False
Barbados,Type V5,Plasma,ThetaBase Services,1,4,moderate,2,True,False,1715,22720,56670,90,8,8,9,8,9,8,3,1.96,22720,0.92,Nicaragua,1,False
Russian Federation,Type V5,Quantum,ThetaBase Services,1,2,flexible,1,True,False,1715,1212,29926,97,10,10,10,10,10,10,15,3.88,1212,1,Tonga,2,False
Russian Federation,Type V7,Quantum,ThetaBase Services,1,2,moderate,1,True,False,1715,1212,8182,96,10,9,9,10,9,10,24,6.21,1212,1,Tonga,2,False
United Kingdom,Type V5,Plasma,ThetaBase Services,3,6,strict,3,True,False,2820,37595,47408,78,9,8,10,10,9,8,13,3.45,37595,0.9,Lithuania,4,False
Barbados,Type V5,Plasma,ThetaBase Services,3,10,strict,3,True,False,7357,28848,18920,97,10,9,10,10,9,9,7,2.04,28848,1,Uganda,9,False
Micronesia,Type V5,Plasma,ThetaBase Services,2,6,strict,2,True,False,2820,4057,9201,100,10,10,10,10,10,10,7,1.78,4057,1,Rwanda,16,False
Micronesia,Type V5,Plasma,ThetaBase Services,2,6,strict,2,True,False,2820,4057,71383,100,10,10,10,10,10,10,2,0.52,4057,1,Rwanda,16,False
Micronesia,Type V5,Plasma,ThetaBase Services,2,6,strict,2,True,False,2820,4057,5282,100,10,10,10,10,10,10,1,0.26,4057,1,Rwanda,16,False
Micronesia,Type V5,Plasma,ThetaBase Services,2,6,strict,2,True,False,2820,4057,45537,100,10,8,10,10,10,10,1,0.59,4057,1,Rwanda,16,False
Indonesia,Type Z6,Plasma,ThetaBase Services,1,2,moderate,2,True,False,1403,29090,74027,98,10,10,10,10,9,10,13,3.64,29090,1,France,1,False
Bouvet Island (Bouvetoya),Type V5,Plasma,ThetaBase Services,3,8,strict,5,True,False,3990,4057,68008,100,10,10,10,10,10,10,3,0.76,4057,1,Rwanda,16,False
Bouvet Island (Bouvetoya),Type V5,Plasma,ThetaBase Services,3,8,strict,5,True,False,3990,4057,52514,100,10,10,10,10,10,10,1,0.27,4057,1,Rwanda,16,False
Barbados,Type V5,Plasma,ThetaBase Services,0,2,strict,0,False,False,2144,29116,40137,92,9,10,10,9,9,9,10,2.8,29116,1,El Salvador,19,True
Bouvet Island (Bouvetoya),Type V5,Plasma,ThetaBase Services,3,8,strict,3,True,False,3990,4057,76144,94,10,9,10,10,10,10,7,1.79,4057,1,Rwanda,16,False
Bouvet Island (Bouvetoya),Type V5,Plasma,ThetaBase Services,3,8,strict,5,True,False,3990,4057,51516,100,10,10,10,10,10,10,4,1.04,4057,1,Rwanda,16,False
Barbados,Type V5,Plasma,ThetaBase Services,2,4,strict,2,True,False,2950,4057,61322,100,10,10,10,10,10,10,2,0.51,4057,1,Rwanda,16,False
Barbados,Type V5,Plasma,ThetaBase Services,2,5,strict,2,True,False,2950,4057,6461,100,10,10,10,10,10,10,9,2.29,4057,1,Rwanda,16,False
Barbados,Type V5,Plasma,ThetaBase Services,2,5,strict,3,True,False,2950,4057,11475,100,8,10,10,10,10,8,1,0.26,4057,1,Rwanda,16,False
Barbados,Type V5,Plasma,ThetaBase Services,2,5,strict,3,True,False,2950,4057,40926,100,10,10,10,10,10,10,1,1,4057,1,Rwanda,16,False
Barbados,Type V5,Plasma,ThetaBase Services,2,5,strict,2,False,False,2560,12173,69195,100,10,10,10,10,10,9,2,0.64,12173,1,Uganda,9,False
Malta,Type Z6,Quantum,ThetaBase Services,2,4,moderate,2,False,False,1338,16649,12853,98,10,9,10,10,10,10,16,5.33,16649,1,Gibraltar,8,False
Niue,Type V5,Plasma,ThetaBase Services,0,2,flexible,1,True,False,1507,1054,7686,74,9,8,10,9,9,8,10,2.78,1054,1,Guinea,20,False
Niue,Type V5,Plasma,ThetaBase Services,0,2,flexible,1,True,False,1598,1054,6399,85,10,9,10,10,9,8,13,3.82,1054,1,Guinea,20,False
Niue,Type V5,Plasma,ThetaBase Services,0,2,flexible,1,True,False,1507,1054,68459,93,9,9,9,10,8,9,11,3.17,1054,1,Guinea,20,False
Niue,Type V5,Plasma,ThetaBase Services,0,2,flexible,1,True,False,1715,1054,24588,80,10,9,10,10,8,9,2,0.59,1054,1,Guinea,20,False
Gambia,Type V5,Plasma,ThetaBase Services,2,4,flexible,2,False,False,3405,16627,14538,100,10,10,10,10,10,10,2,1.03,16627,1,France,1,False
United Kingdom,Type V5,Plasma,ThetaBase Services,1,2,moderate,1,True,False,1910,8579,31109,100,10,10,10,10,10,10,1,1,8579,1,Lithuania,2,False
Rwanda,Type V5,Plasma,ThetaBase Services,0,2,strict,1,False,False,2170,15053,27198,80,10,6,8,10,9,7,3,0.78,15053,0.25,Uzbekistan,1,True
Micronesia,Type V5,Plasma,ThetaBase Services,1,2,moderate,1,True,False,1715,21438,24708,95,10,10,10,10,10,9,11,2.92,21438,1,China,3,False
Niue,Type V5,Plasma,ThetaBase Services,0,2,flexible,1,True,False,1715,1054,63714,80,9,9,10,9,9,8,10,2.75,1054,1,Guinea,20,False
Malta,Type F5,Quantum,ThetaBase Services,1,4,moderate,1,True,False,1338,16649,37002,92,10,9,10,10,9,10,23,8.12,16649,1,Gibraltar,8,False
Nicaragua,Type V5,Plasma,ThetaBase Services,0,4,strict,3,False,False,2495,48819,69657,91,10,10,10,10,10,9,13,3.31,48819,0.95,Pakistan,6,False
Nicaragua,Type V5,Plasma,ThetaBase Services,0,3,strict,2,False,False,2365,48819,29001,86,9,9,9,10,10,9,22,5.5,48819,0.95,Pakistan,6,False
Anguilla,Type V5,Plasma,ThetaBase Services,1,2,flexible,2,False,False,2170,1194,77056,100,10,10,10,10,10,10,2,0.52,1194,1,Anguilla,1,False
Uzbekistan,Type V5,Plasma,ThetaBase Services,2,5,strict,2,False,False,2560,13212,63477,100,10,10,10,10,10,10,2,1.25,13212,1,Zimbabwe,12,True
Russian Federation,Type V5,Plasma,ThetaBase Services,0,2,moderate,1,False,False,1910,18362,15719,94,10,10,9,9,10,9,8,2.09,18362,1,Uganda,5,False
Rwanda,Type V5,Plasma,ThetaBase Services,1,2,strict,1,False,False,1975,25939,37655,100,10,10,10,10,9,9,3,1.27,25939,1,Nauru,2,False
Niue,Type V5,Plasma,ThetaBase Services,0,2,flexible,1,True,False,1585,33372,63819,86,10,8,10,10,9,9,25,6.25,33372,1,Guinea,22,True
Sao Tome and Principe,Type F5,Plasma,ThetaBase Services,5,10,moderate,5,False,False,5030,18077,29619,90,10,10,10,10,9,9,2,0.56,18077,1,Sao Tome and Principe,139,False
Russian Federation,Type V5,Plasma,ThetaBase Services,1,2,moderate,1,True,False,1715,31830,46132,80,9,8,10,9,9,9,6,1.64,31830,1,Tonga,1,False
Niue,Type F5,Quantum,ThetaBase Services,1,2,flexible,1,True,False,1312,33372,37696,91,10,9,10,10,9,10,30,7.56,33372,1,Guinea,22,True
Malta,Type V5,Plasma,ThetaBase Services,0,2,flexible,1,False,False,2820,18518,27719,100,10,10,10,10,10,10,1,0.28,18518,1,El Salvador,1,False
Niue,Type F5,Quantum,ThetaBase Services,1,2,flexible,1,True,False,1312,33372,67684,86,9,9,10,10,9,9,41,9.69,33372,1,Guinea,22,True
Niue,Type V5,Plasma,ThetaBase Services,0,2,flexible,1,True,False,1715,33372,70349,91,10,8,10,10,9,9,18,4.32,33372,1,Guinea,22,True
Rwanda,Type V5,Quantum,ThetaBase Services,2,4,strict,2,True,False,3067,28954,51916,100,10,10,10,10,10,10,1,1,28954,1,Rwanda,4,False
Niue,Type V5,Plasma,ThetaBase Services,0,2,flexible,1,True,False,1715,1054,61795,80,8,9,10,9,9,8,5,1.25,1054,1,Guinea,20,False
Barbados,Type V5,Plasma,ThetaBase Services,2,5,moderate,3,False,False,3236,49133,1092,97,10,10,10,10,10,10,6,1.44,49133,1,Reunion,3,True
United Kingdom,Type V5,Plasma,ThetaBase Services,0,2,strict,1,False,False,2105,39467,44847,100,10,10,10,10,10,10,11,3.47,39467,1,Nicaragua,4,True
Malta,Type V5,Plasma,ThetaBase Services,1,2,flexible,1,False,False,1975,30549,17006,91,9,9,10,10,10,9,7,2.36,30549,1,Mauritania,1,True
Niue,Type F5,Plasma,ThetaBase Services,5,6,moderate,4,False,False,2924,215,61361,100,10,10,10,10,10,10,1,0.26,215,1,Niue,1,False
Malta,Type V5,Plasma,ThetaBase Services,2,5,strict,2,False,False,2690,12173,46893,100,10,10,7,8,10,8,2,0.59,12173,1,Uganda,9,False
Micronesia,Type V5,Plasma,ThetaBase Services,1,2,moderate,1,False,False,2560,14663,32370,70,8,9,6,8,10,8,4,1.12,14663,1,Kenya,1,False
Rwanda,Type V5,Plasma,ThetaBase Services,2,6,strict,3,True,False,1845,29123,63466,70,8,6,10,9,8,7,2,0.73,29123,1,Zimbabwe,16,True
Niue,Type V5,Plasma,ThetaBase Services,0,2,flexible,1,True,False,1715,33372,55831,87,10,9,10,10,9,9,27,6.53,33372,1,Guinea,22,True
Niue,Type V5,Plasma,ThetaBase Services,0,2,flexible,1,True,False,1715,33372,39623,95,10,9,10,10,9,9,30,7.2,33372,1,Guinea,22,True
Niue,Type V5,Plasma,ThetaBase Services,0,2,flexible,1,True,False,1715,33372,31899,90,10,9,10,10,9,9,24,5.9,33372,1,Guinea,22,True
Russian Federation,Type V5,Quantum,ThetaBase Services,1,2,moderate,1,True,False,1520,5409,4841,100,10,10,10,10,10,9,2,1.07,5409,1,Russian Federation,1,False
Malta,Type V5,Plasma,ThetaBase Services,1,4,strict,1,True,False,2560,6223,35075,98,10,10,10,10,10,10,9,4.15,6223,1,Marshall Islands,12,False
Malta,Type V5,Plasma,ThetaBase Services,0,4,strict,1,True,False,2105,6223,39333,80,8,8,9,9,9,8,6,3.33,6223,1,Marshall Islands,12,False
Micronesia,Type V5,Quantum,ThetaBase Services,1,2,moderate,1,True,False,1455,7460,109,92,10,10,10,10,10,10,10,2.52,7460,1,China,1,False
Malta,Type V5,Plasma,ThetaBase Services,0,3,strict,1,True,False,2105,6223,18647,89,9,9,9,10,10,9,15,5.17,6223,1,Marshall Islands,12,False
Malta,Type V5,Plasma,ThetaBase Services,0,2,strict,1,True,False,1975,6223,25782,80,9,8,9,9,9,8,11,5.59,6223,1,Marshall Islands,12,False
Malta,Type V5,Plasma,ThetaBase Services,0,2,strict,1,True,False,2040,6223,22218,84,9,8,10,9,9,8,16,7.27,6223,1,Marshall Islands,12,False
Malta,Type V5,Plasma,ThetaBase Services,0,2,strict,1,True,False,1975,6223,73309,85,9,9,10,10,9,8,13,5.82,6223,1,Marshall Islands,12,False
Bosnia and Herzegovina,Type V5,Plasma,ThetaBase Services,1,2,flexible,1,False,False,2066,45870,55221,100,10,10,10,10,10,10,1,0.31,45870,1,Puerto Rico,2,True
Russian Federation,Type V5,Plasma,ThetaBase Services,2,4,strict,2,False,False,2001,9715,53385,97,10,10,10,10,10,9,6,1.59,9715,1,Russian Federation,1,True
Malta,Type F5,Quantum,ThetaBase Services,1,2,moderate,1,True,False,1312,16649,47031,95,10,9,10,10,9,10,22,6.88,16649,1,Gibraltar,8,False
Malta,Type V5,Plasma,ThetaBase Services,2,4,strict,8,True,False,2105,27652,28988,98,10,10,10,10,9,10,8,2.09,27652,1,El Salvador,5,False
Nicaragua,Type V5,Quantum,ThetaBase Services,1,2,flexible,1,True,False,1975,34723,61302,99,10,10,9,9,10,10,14,4.94,34723,1,Peru,12,False
Bouvet Island (Bouvetoya),Type V5,Plasma,ThetaBase Services,3,9,strict,4,False,False,4757,24026,60739,100,10,10,8,10,10,10,10,3.13,24026,0.98,Cape Verde,69,True
United Kingdom,Type V5,Quantum,ThetaBase Services,1,3,moderate,1,True,False,1130,42741,57330,99,10,10,10,10,9,10,15,4.64,42741,1,Tanzania,1,False
Nicaragua,Type V5,Plasma,ThetaBase Services,2,7,strict,3,False,False,3587,24026,34525,93,10,10,9,10,10,9,3,1.36,24026,0.98,Cape Verde,69,True
Russian Federation,Type V5,Plasma,ThetaBase Services,1,2,moderate,1,False,False,1962,42954,64308,100,10,10,10,10,10,10,4,1.06,42954,1,Finland,1,False
Nicaragua,Type V5,Plasma,ThetaBase Services,2,4,moderate,2,False,False,2040,35786,51082,90,9,8,10,10,7,8,2,0.98,35786,1,Isle of Man,1,False
Faroe Islands,Type V5,Plasma,ThetaBase Services,1,4,flexible,2,False,False,1715,1947,39835,100,10,10,10,10,9,9,3,1.2,1947,1,Micronesia,1,False
Barbados,Type V5,Plasma,ThetaBase Services,3,6,moderate,3,False,False,2703,38552,555,86,9,9,9,10,10,8,14,5,38552,1,Montserrat,1,False
Bouvet Island (Bouvetoya),Type V5,Plasma,ThetaBase Services,1,2,strict,1,True,False,2066,25168,47005,97,9,10,9,10,10,10,7,2.08,25168,1,Chile,1,True
Micronesia,Type V5,Plasma,ThetaBase Services,3,5,strict,3,True,False,3197,28954,73809,78,8,9,9,9,9,8,16,3.97,28954,1,Rwanda,4,False
Bouvet Island (Bouvetoya),Type V5,Plasma,ThetaBase Services,2,7,strict,3,False,False,2560,34096,43894,100,10,10,10,10,10,10,2,0.67,34096,1,Andorra,10,False
Sao Tome and Principe,Type V5,Plasma,ThetaBase Services,3,14,flexible,7,True,False,3847,41546,42486,100,10,10,10,10,10,10,2,1.3,41546,1,Mauritania,21,False
Nicaragua,Type V5,Plasma,ThetaBase Services,1,3,flexible,2,True,False,2170,45425,37929,93,10,10,10,10,10,9,3,1.02,45425,1,Mexico,1,True
Malta,Type V7,Plasma,ThetaBase Services,3,6,strict,5,False,False,2820,23503,26146,100,10,10,10,10,10,10,9,2.45,23503,1,Marshall Islands,1,False
Malta,Type V5,Plasma,ThetaBase Services,2,5,strict,2,False,False,2794,12173,47111,100,10,8,10,10,10,10,1,0.33,12173,1,Uganda,9,False
United Kingdom,Type F5,Quantum,ThetaBase Services,1,2,flexible,2,True,False,1715,9284,43550,92,10,9,10,10,10,9,20,5.41,9284,1,Nicaragua,4,False
Costa Rica,Type F5,Quantum,ThetaBase Services,1,2,flexible,1,False,False,1325,16176,40207,96,10,10,9,9,9,9,14,3.82,16176,1,Christmas Island,1,False
Niue,Type V5,Plasma,ThetaBase Services,1,5,flexible,1,False,False,1910,5806,17596,100,10,10,10,10,10,10,5,2.17,5806,0.9,Niue,2,False
Barbados,Type F5,Plasma,ThetaBase Services,2,6,strict,2,False,False,7370,18886,25372,96,10,10,10,10,10,9,5,1.22,18886,0.95,Vietnam,3,True
Barbados,Type V2,Quantum,ThetaBase Services,1,2,flexible,1,True,False,1585,7557,22194,98,10,10,10,10,10,10,8,2.03,7557,1,Uganda,1,False
Micronesia,Type V5,Plasma,ThetaBase Services,2,4,moderate,2,True,False,2755,27056,10236,100,10,10,10,10,10,10,15,5.06,27056,1,Kenya,4,False
United Kingdom,Type V5,Quantum,ThetaBase Services,1,2,flexible,1,True,False,1429,34724,9267,97,10,9,10,10,10,10,6,2.17,34724,1,Gibraltar,1,False
Wallis and Futuna,Type F5,Plasma,ThetaBase Services,2,4,strict,2,False,False,3210,22600,22121,100,10,10,10,10,10,10,2,1.76,22600,0.83,Malta,2,False
Malta,Type V5,Plasma,ThetaBase Services,0,4,strict,1,True,False,2170,6223,13406,85,9,9,10,10,10,9,19,8.64,6223,1,Marshall Islands,12,False
Malta,Type V5,Plasma,ThetaBase Services,0,4,strict,1,True,False,2105,6223,26131,78,9,8,10,10,10,8,8,3.93,6223,1,Marshall Islands,12,False
Anguilla,Type V5,Plasma,ThetaBase Services,1,3,strict,1,False,False,2040,4014,118,95,10,10,9,10,10,9,8,2.4,4014,1,United Kingdom,1,False
Bouvet Island (Bouvetoya),Type V5,Plasma,ThetaBase Services,2,4,strict,2,True,False,2430,31533,74042,89,9,6,8,9,10,9,9,2.81,31533,1,Malawi,1,False
Nicaragua,Type V5,Plasma,ThetaBase Services,3,9,strict,4,False,False,5277,24026,45123,98,10,10,9,10,10,9,12,4.34,24026,0.98,Cape Verde,69,True
Nicaragua,Type V5,Plasma,ThetaBase Services,1,5,strict,2,False,False,2807,24026,74057,96,10,10,9,10,10,9,11,3.33,24026,0.98,Cape Verde,69,True
Nicaragua,Type V5,Plasma,ThetaBase Services,2,7,moderate,4,True,False,4770,11403,54093,84,8,8,8,9,10,8,10,3.26,11403,0.8,Barbados,3,False
Rwanda,Type G0,Plasma,ThetaBase Services,2,6,flexible,2,False,False,3730,2743,27222,100,9,10,10,10,10,9,2,1.71,2743,0.97,China,23,False
Malta,Type V5,Plasma,ThetaBase Services,0,2,strict,1,True,False,2040,6223,39138,87,9,9,10,10,9,9,19,8.38,6223,1,Marshall Islands,12,False
Malta,Type V5,Plasma,ThetaBase Services,0,2,strict,1,True,False,1975,6223,28982,60,5,7,9,7,7,5,6,3.21,6223,1,Marshall Islands,12,False
Niue,Type V5,Quantum,ThetaBase Services,2,2,moderate,1,True,False,1260,26411,67307,89,9,8,9,9,9,9,7,2.12,26411,1,Niue,1,True
Niue,Type V5,Plasma,ThetaBase Services,2,4,moderate,2,False,False,2560,20238,66763,96,10,10,9,10,10,8,5,1.95,20238,1,Guinea,1,False
Barbados,Type V5,Plasma,ThetaBase Services,2,6,moderate,2,True,False,4497,7255,35673,80,8,8,10,10,10,8,2,0.67,7255,1,Bouvet Island (Bouvetoya),8,True
Bouvet Island (Bouvetoya),Type V2,Quantum,ThetaBase Services,1,1,strict,0,True,False,1182,636,44694,92,10,9,9,10,10,10,26,7.16,636,0.97,Vanuatu,3,False
Indonesia,Type F5,Quantum,ThetaBase Services,1,2,flexible,1,False,False,1520,17941,29696,100,10,10,10,10,8,10,1,1,17941,1,France,1,True
Nicaragua,Type V5,Plasma,ThetaBase Services,0,3,strict,2,False,False,2430,48819,23206,85,10,10,10,9,10,9,8,2.82,48819,0.95,Pakistan,6,False
Niue,Type V5,Plasma,ThetaBase Services,0,2,flexible,1,True,False,1637,1054,17497,82,8,7,10,9,9,8,9,2.65,1054,1,Guinea,20,False
Barbados,Type V5,Plasma,ThetaBase Services,1,4,strict,2,False,False,2885,9354,52268,100,9,8,10,10,10,9,4,1.35,9354,1,Spain,12,False
Faroe Islands,Type F5,Quantum,ThetaBase Services,1,2,moderate,2,False,False,1390,34304,65118,100,8,10,10,6,10,10,1,0.45,34304,0.33,Micronesia,1,False
Malta,Type V5,Plasma,ThetaBase Services,1,2,moderate,1,False,False,2417,13114,49528,100,10,10,10,10,10,9,2,0.72,13114,1,Indonesia,1,False
Bouvet Island (Bouvetoya),Type V5,Plasma,ThetaBase Services,1,2,strict,1,False,False,1897,14810,54027,98,10,9,10,10,9,10,12,3.3,14810,1,Kiribati,1,False
Malta,Type V5,Plasma,ThetaBase Services,2,8,strict,4,True,False,2950,33873,22239,70,8,7,7,8,6,6,4,1.14,33873,1,Turks and Caicos Islands,8,True
Niue,Type F5,Quantum,ThetaBase Services,0,2,flexible,1,True,False,1390,40702,13232,100,10,10,10,10,10,10,2,0.57,40702,0.8,Niue,2,True
Niue,Type F5,Quantum,ThetaBase Services,3,5,moderate,3,False,False,1884,10400,73020,93,10,10,10,10,9,9,3,1,10400,1,Paraguay,4,True
Mexico,Type E3,Plasma,ThetaBase Services,1,3,flexible,1,True,False,1676,2414,18038,100,10,10,10,10,9,10,10,2.91,2414,1,Greenland,1,False
Barbados,Type V5,Plasma,ThetaBase Services,1,3,moderate,1,False,False,2040,40561,38217,88,9,9,10,10,10,9,13,3.42,40561,0.9,Bouvet Island (Bouvetoya),1,True
Faroe Islands,Type V5,Plasma,ThetaBase Services,1,3,moderate,1,False,False,1767,40841,58742,100,10,10,10,10,6,10,2,0.52,40841,1,Micronesia,1,False
Barbados,Type F5,Plasma,ThetaBase Services,5,10,moderate,6,True,False,4770,43834,62599,100,10,9,10,10,9,9,3,1.67,43834,0.99,Uganda,13,False
Russian Federation,Type V5,Plasma,ThetaBase Services,0,4,strict,2,False,False,1728,1013,32013,93,9,10,9,10,10,9,14,4.77,1013,1,Venezuela,4,False
Guinea,Type V5,Plasma,ThetaBase Services,0,4,strict,2,False,False,9554,1013,61119,96,10,10,10,10,10,9,19,5.64,1013,1,Venezuela,4,False
Rwanda,Type V5,Plasma,ThetaBase Services,0,2,flexible,1,False,False,2105,6894,59836,100,10,10,9,9,9,9,3,1.08,6894,0.8,Estonia,47,True
Micronesia,Type V5,Plasma,ThetaBase Services,2,4,moderate,2,False,False,6980,8225,12374,100,10,9,10,9,10,9,5,1.61,8225,0.95,Barbados,31,False
Micronesia,Type V5,Plasma,ThetaBase Services,2,4,strict,3,False,False,3704,49103,41567,94,9,9,10,10,9,9,7,2.5,49103,0.8,Rwanda,5,False
Faroe Islands,Type F5,Plasma,ThetaBase Services,2,4,moderate,2,False,False,1728,14072,36141,88,10,9,10,10,9,9,5,1.55,14072,0.7,Micronesia,1,False
Malta,Type F5,Quantum,ThetaBase Services,4,2,moderate,1,True,False,1520,37778,76492,79,9,8,8,8,9,9,20,5.61,37778,0.92,Tonga,24,False
United Kingdom,Type V5,Plasma,ThetaBase Services,2,4,strict,2,True,False,2625,15707,26903,89,9,9,9,9,9,9,11,3.63,15707,1,Vietnam,4,False
Malta,Type V5,Quantum,ThetaBase Services,1,4,moderate,1,False,False,1520,8654,35423,100,10,10,10,10,10,10,6,2.37,8654,1,Christmas Island,3,False
Barbados,Type V7,Plasma,ThetaBase Services,1,2,moderate,1,True,False,1975,3015,56837,93,10,9,10,10,10,10,8,4.07,3015,1,Nicaragua,3,False
Bouvet Island (Bouvetoya),Type V5,Plasma,ThetaBase Services,3,8,strict,4,True,False,3730,37778,6880,73,9,7,7,7,8,9,3,0.83,37778,0.92,Tonga,24,False
United Kingdom,Type V5,Quantum,ThetaBase Services,1,3,strict,1,True,False,1455,16719,61204,90,10,9,9,10,9,9,5,1.35,16719,1,Denmark,1,False
Barbados,Type V5,Quantum,ThetaBase Services,1,2,strict,1,True,False,1780,49133,67085,100,10,10,10,10,10,10,1,0.25,49133,1,Reunion,3,True
Rwanda,Type V5,Plasma,ThetaBase Services,1,2,strict,1,True,False,2495,49551,5239,100,10,10,10,10,10,10,1,0.48,49551,1,Maldives,1,False
United Kingdom,Type V5,Plasma,ThetaBase Services,0,2,flexible,1,True,False,2430,6225,69606,100,10,10,9,10,10,9,3,1,6225,0.9,Barbados,7,False
Faroe Islands,Type F5,Nuclear,ThetaBase Services,1,2,flexible,1,False,False,1130,40972,5537,100,8,10,10,10,6,8,1,0.48,40972,1,Micronesia,1,False
Russian Federation,Type F5,Quantum,ThetaBase Services,1,2,strict,1,False,False,1715,47479,28524,90,10,9,10,10,9,9,4,1.25,47479,1,Russian Federation,1,True
United Kingdom,Type V5,Quantum,ThetaBase Services,1,3,strict,1,True,False,1715,2322,69886,90,8,9,9,10,10,9,4,1.19,2322,1,Denmark,2,False
United Kingdom,Type V5,Quantum,ThetaBase Services,1,2,flexible,1,True,False,1182,2322,49312,100,10,10,10,10,9,10,4,1.1,2322,1,Denmark,2,False
Niue,Type G0,Plasma,ThetaBase Services,2,6,strict,5,True,False,1975,9693,68467,100,10,10,10,10,10,10,3,1.08,9693,1,Vanuatu,8,False
Nicaragua,Type V5,Quantum,ThetaBase Services,1,3,strict,2,True,False,1117,4446,56488,94,10,10,10,10,10,10,16,4.4,4446,1,Uganda,58,False
Malta,Type V5,Plasma,ThetaBase Services,2,4,strict,2,False,False,2820,2424,16775,100,10,10,10,10,10,10,3,0.93,2424,1,Indonesia,1,False
Micronesia,Type V5,Plasma,ThetaBase Services,0,2,flexible,1,True,False,2222,19811,10636,82,9,8,8,8,10,8,10,3.33,19811,0.9,Nicaragua,21,True
Rwanda,Type V5,Plasma,ThetaBase Services,0,2,moderate,1,True,False,1780,9922,62698,94,9,10,10,10,10,9,7,2.92,9922,1,Papua New Guinea,1,False
Russian Federation,Type V5,Quantum,ThetaBase Services,1,2,strict,1,True,False,1390,37043,22540,85,9,9,8,9,10,9,8,2.24,37043,1,Pakistan,11,False
Rwanda,Type G0,Plasma,ThetaBase Services,2,4,flexible,2,True,False,3990,719,67993,100,10,8,10,10,8,10,1,0.41,719,1,Estonia,1,False
Barbados,Type V5,Quantum,ThetaBase Services,1,2,strict,1,True,False,2014,30336,5842,99,10,10,10,10,10,10,25,6.94,30336,1,Vietnam,2,True
Barbados,Type V5,Quantum,ThetaBase Services,1,2,strict,1,True,False,2118,30336,33656,97,10,10,10,10,10,10,28,7.37,30336,1,Vietnam,2,True
Russian Federation,Type V5,Quantum,ThetaBase Services,1,2,flexible,1,True,False,1481,6048,51618,90,10,9,10,10,10,10,3,0.96,6048,1,Tonga,1,False
Russian Federation,Type V5,Plasma,ThetaBase Services,3,6,flexible,3,True,False,3665,23662,1993,100,10,9,10,10,10,10,6,2.47,23662,1,Vanuatu,3,False
Barbados,Type V5,Plasma,ThetaBase Services,2,6,moderate,2,True,False,3977,7255,20194,100,10,10,10,10,10,10,1,0.41,7255,1,Bouvet Island (Bouvetoya),8,True
Bouvet Island (Bouvetoya),Type V5,Quantum,ThetaBase Services,1,2,flexible,1,False,False,1325,9611,19005,95,10,10,9,9,9,9,4,1.76,9611,0.93,Chad,2,False
Malta,Type V5,Plasma,ThetaBase Services,1,4,moderate,1,False,False,2339,3763,23059,100,10,9,10,10,9,10,7,2.8,3763,1,Mauritania,1,False
United Kingdom,Type V5,Plasma,ThetaBase Services,1,3,moderate,2,False,False,1780,14382,70837,100,10,8,9,10,10,10,4,1.11,14382,0.89,Switzerland,1,False
Bouvet Island (Bouvetoya),Type V5,Plasma,ThetaBase Services,3,6,strict,4,False,False,3340,28828,15951,94,10,10,9,10,10,9,13,3.86,28828,1,Isle of Man,198,True
United Kingdom,Type V2,Quantum,ThetaBase Services,1,2,flexible,1,False,False,1325,22513,41010,100,10,10,10,10,10,9,2,0.88,22513,0.9,Jersey,4,True
Rwanda,Type V5,Quantum,ThetaBase Services,0,2,strict,1,True,False,1260,8409,55885,84,9,7,10,10,10,9,9,3.51,8409,0.98,Maldives,9,False
Micronesia,Type V5,Plasma,ThetaBase Services,1,2,moderate,1,False,False,2170,18077,59504,100,10,10,6,10,10,10,1,0.63,18077,1,Sao Tome and Principe,139,False
Barbados,Type V5,Plasma,ThetaBase Services,1,2,flexible,1,True,False,3197,15567,18544,93,9,10,10,10,10,9,12,3.91,15567,1,Slovakia (Slovak Republic),4,False
United Kingdom,Type V5,Plasma,ThetaBase Services,2,3,moderate,2,False,False,2157,31514,58699,97,10,9,10,10,10,9,6,1.73,31514,0.75,Gibraltar,2,False
Anguilla,Type F5,Quantum,ThetaBase Services,1,1,flexible,1,True,False,1260,13821,13679,100,9,9,10,10,9,9,3,1.58,13821,1,United Kingdom,2,False
Malta,Type V5,Plasma,ThetaBase Services,1,4,strict,2,True,False,1845,44834,20729,95,10,10,10,10,9,10,13,3.94,44834,0.97,Guernsey,4,False
Switzerland,Type E3,Quantum,ThetaBase Services,1,3,strict,2,True,False,1299,49771,21325,95,9,10,9,9,9,9,8,2.73,49771,1,Turks and Caicos Islands,4,False
Malta,Type V5,Plasma,ThetaBase Services,1,4,strict,2,True,False,1897,44834,51021,100,8,10,10,10,8,10,1,1,44834,0.97,Guernsey,4,False
United Kingdom,Type V5,Plasma,ThetaBase Services,1,2,flexible,1,False,False,1910,17637,6052,100,10,10,10,10,10,10,1,1,17637,1,Monaco,1,True
Malta,Type V5,Plasma,ThetaBase Services,1,3,strict,2,True,False,1780,44834,72202,94,9,10,10,10,9,10,13,4.43,44834,0.97,Guernsey,4,False
Bosnia and Herzegovina,Type V5,Plasma,ThetaBase Services,3,4,flexible,4,True,False,2820,3144,48697,20,2,2,2,2,2,2,2,0.54,3144,0,Puerto Rico,1,False
Micronesia,Type V5,Plasma,ThetaBase Services,1,2,strict,1,True,False,2820,49076,64925,98,10,10,10,10,10,10,10,3.61,49076,0.97,Kenya,12,True
Barbados,Type V5,Plasma,ThetaBase Services,1,4,moderate,1,False,False,2820,30286,39295,80,9,7,9,9,10,9,7,2.16,30286,1,Montserrat,39,False
Niue,Type V5,Plasma,ThetaBase Services,1,2,flexible,1,True,False,1819,5975,46903,84,10,9,10,10,9,9,9,2.73,5975,1,Guinea,2,False
United Kingdom,Type V2,Quantum,ThetaBase Services,1,2,strict,1,True,False,1650,2416,21636,100,10,10,10,10,10,10,1,1,2416,1,Guinea,5,False
United Kingdom,Type V5,Quantum,ThetaBase Services,1,2,strict,1,True,False,1338,43175,19787,98,10,10,10,10,9,10,21,7,43175,1,El Salvador,1,False
Nicaragua,Type V5,Plasma,ThetaBase Services,1,4,strict,2,False,False,2365,17413,42630,80,8,9,9,9,10,7,7,3,17413,1,Isle of Man,2,True
Sao Tome and Principe,Type V5,Plasma,ThetaBase Services,2,4,flexible,2,False,False,2027,23261,16880,100,9,10,10,10,10,10,3,0.98,23261,0.86,Jersey,2,False
Barbados,Type V5,Plasma,ThetaBase Services,2,8,moderate,2,True,False,5095,7255,16114,100,10,6,10,10,10,8,1,0.42,7255,1,Bouvet Island (Bouvetoya),8,True
Rwanda,Type V5,Plasma,ThetaBase Services,1,6,strict,3,True,False,2417,25046,33735,85,9,8,9,9,9,9,23,8.62,25046,1,Maldives,14,False
Malta,Type V5,Plasma,ThetaBase Services,0,2,flexible,1,True,False,1585,41741,68690,93,10,10,10,10,10,9,15,3.98,41741,1,Brazil,9,True
Rwanda,Type V5,Plasma,ThetaBase Services,2,5,moderate,3,True,False,2430,7264,30930,90,9,9,10,10,10,10,4,2.18,7264,1,Philippines,9,False
Nicaragua,Type V5,Quantum,ThetaBase Services,1,2,strict,1,True,False,1520,37778,24376,80,9,8,9,9,10,9,14,3.75,37778,0.92,Tonga,24,False
Micronesia,Type V5,Plasma,ThetaBase Services,0,3,flexible,1,True,False,2170,19811,7886,91,9,9,8,9,10,8,10,3.53,19811,0.9,Nicaragua,21,True
Malta,Type V5,Plasma,ThetaBase Services,1,2,moderate,1,False,False,1533,5834,24445,100,9,9,9,9,9,9,3,1.58,5834,1,Marshall Islands,2,False
Barbados,Type V5,Plasma,ThetaBase Services,5,13,flexible,4,True,False,6057,27960,17378,100,9,10,9,10,10,10,4,1.36,27960,0.69,Suriname,6,False
Faroe Islands,Type F5,Quantum,ThetaBase Services,1,2,flexible,1,True,False,1234,35354,49919,100,10,10,10,10,10,10,1,1,35354,1,Micronesia,1,False
Rwanda,Type V5,Plasma,ThetaBase Services,2,4,strict,2,True,False,3210,3389,47620,100,10,10,10,10,10,9,2,1.2,3389,1,Estonia,13,False
Barbados,Type V5,Plasma,ThetaBase Services,3,20,strict,3,True,False,7357,27960,53717,100,10,10,10,10,10,10,2,2,27960,0.69,Suriname,6,False
Uzbekistan,Type V5,Plasma,ThetaBase Services,1,2,strict,1,False,False,1845,32556,62965,20,2,2,2,2,2,2,1,0.41,32556,0.9,Estonia,11,True
Uzbekistan,Type V5,Plasma,ThetaBase Services,1,2,strict,1,False,False,1845,19228,17611,90,10,10,10,10,10,10,4,1.41,19228,1,Svalbard & Jan Mayen Islands,8,False
Nicaragua,Type F5,Quantum,ThetaBase Services,1,3,strict,1,True,False,1247,30435,42886,80,10,10,10,10,10,10,4,1.11,30435,0.99,Cape Verde,41,False
Malta,Type V5,Plasma,ThetaBase Services,1,3,strict,1,False,False,2430,29116,7072,97,10,10,9,10,10,10,6,4,29116,1,El Salvador,19,True
Micronesia,Type G0,Plasma,ThetaBase Services,0,2,strict,2,True,False,2417,21240,62892,80,10,8,10,10,10,8,1,0.42,21240,0.94,Niger,130,False
Micronesia,Type G0,Plasma,ThetaBase Services,0,2,strict,2,True,False,2417,21240,18864,80,10,8,10,8,10,10,1,0.79,21240,0.94,Niger,130,False
Micronesia,Type G0,Plasma,ThetaBase Services,0,2,strict,2,True,False,2417,21240,5672,100,10,10,10,10,10,10,1,1,21240,0.94,Niger,130,False
Micronesia,Type G0,Plasma,ThetaBase Services,0,2,strict,2,True,False,2417,21240,35288,80,6,6,10,9,10,6,2,0.98,21240,0.94,Niger,130,False
Estonia,Type V5,Plasma,ThetaBase Services,0,4,strict,2,True,False,1585,44169,51684,90,10,9,10,10,9,9,6,1.64,44169,0.97,Portugal,39,False
Rwanda,Type V5,Plasma,ThetaBase Services,1,5,strict,3,True,False,2014,16295,9964,89,9,8,10,9,9,9,7,3.89,16295,0.96,Philippines,5,False
Rwanda,Type V5,Plasma,ThetaBase Services,0,4,strict,2,True,False,1780,4856,44352,85,9,9,10,9,9,8,12,5.54,4856,1,Philippines,5,False
Brazil,Type V5,Plasma,ThetaBase Services,0,2,flexible,1,True,False,1494,22376,1386,100,10,10,10,10,9,10,5,1.63,22376,1,Vanuatu,6,False
Rwanda,Type V5,Plasma,ThetaBase Services,2,6,flexible,3,True,False,2820,17101,9707,97,10,10,10,9,10,10,15,4.33,17101,1,Croatia,1,True
Barbados,Type V5,Quantum,ThetaBase Services,1,3,strict,2,True,False,1780,41518,23161,100,10,10,10,10,10,10,3,0.88,41518,1,Montserrat,13,True
Micronesia,Type V5,Plasma,ThetaBase Services,1,2,strict,1,False,False,2430,13212,43439,100,10,10,10,10,10,10,4,1.54,13212,1,Zimbabwe,12,True
Barbados,Type V5,Plasma,ThetaBase Services,0,2,flexible,0,False,False,2014,39109,35751,93,10,10,10,10,10,9,6,2.34,39109,0.77,Ukraine,24,True
Russian Federation,Type V5,Plasma,ThetaBase Services,2,4,flexible,3,False,False,1780,2232,9820,96,10,8,9,9,10,10,5,1.67,2232,1,Russian Federation,1,False
Rwanda,Type V5,Plasma,ThetaBase Services,2,6,strict,3,True,False,1897,29123,72922,100,10,10,10,10,10,10,1,1,29123,1,Zimbabwe,16,True
Rwanda,Type V5,Plasma,ThetaBase Services,2,5,moderate,3,True,False,2027,7264,36262,85,8,8,9,9,9,9,12,3.5,7264,1,Philippines,9,False
Nicaragua,Type F5,Quantum,ThetaBase Services,1,2,strict,1,True,False,1377,30435,38878,90,9,9,10,10,10,9,4,1.2,30435,0.99,Cape Verde,41,False
Nicaragua,Type V5,Plasma,"Banks, Wood and Phillips",1,6,strict,1,True,False,2079,4446,62093,70,9,7,9,10,8,9,2,0.58,4446,1,Uganda,58,False
Rwanda,Type V5,Plasma,ThetaBase Services,1,1,strict,1,False,False,1585,31618,74,80,10,10,10,9,10,9,4,1.4,31618,1,Maldives,1,False
United Kingdom,Type V5,Plasma,ThetaBase Services,2,4,strict,2,False,False,2430,49105,24087,100,10,10,10,10,10,10,2,0.56,49105,1,Malta,3,False
Estonia,Type V5,Plasma,ThetaBase Services,0,4,strict,1,True,False,1520,44169,27512,94,9,9,9,9,9,9,14,3.93,44169,0.97,Portugal,39,False
Malta,Type V5,Plasma,ThetaBase Services,0,2,moderate,1,True,False,1780,36288,75406,100,10,10,10,10,9,10,5,1.55,36288,1,Marshall Islands,1,False
Nicaragua,Type V5,Plasma,ThetaBase Services,2,7,strict,4,True,False,2417,4446,23884,93,10,10,9,10,10,9,3,1.03,4446,1,Uganda,58,False
Nicaragua,Type F5,Quantum,ThetaBase Services,1,2,moderate,1,True,False,1585,17501,47934,99,10,10,10,10,10,10,23,6.9,17501,1,Cape Verde,1,False
United Kingdom,Type F5,Quantum,ThetaBase Services,1,2,flexible,0,False,False,1143,15454,33458,99,10,10,10,10,10,10,18,6.14,15454,1,Denmark,1,False
Estonia,Type V5,Plasma,ThetaBase Services,0,4,strict,3,True,False,1650,44169,15033,90,10,8,10,10,9,9,6,2.31,44169,0.97,Portugal,39,False
Nicaragua,Type V5,Quantum,ThetaBase Services,1,2,flexible,1,False,False,1390,17216,72800,98,10,9,10,10,10,9,11,3.2,17216,1,Ecuador,2,True
Nicaragua,Type V5,Plasma,ThetaBase Services,0,2,moderate,1,False,False,1910,10682,37242,100,10,9,10,10,10,10,2,1.54,10682,1,Isle of Man,1,False
Nicaragua,Type V5,Quantum,ThetaBase Services,1,2,moderate,1,False,False,1650,36119,68215,100,10,10,10,10,10,10,8,2.55,36119,0.62,Isle of Man,1,True
Nicaragua,Type V5,Quantum,ThetaBase Services,1,1,moderate,1,True,False,1520,21632,3887,92,10,8,10,10,10,10,33,10.88,21632,1,Wallis and Futuna,2,False
Rwanda,Type V7,Plasma,ThetaBase Services,1,3,strict,2,True,False,1897,43011,30345,85,9,9,8,7,8,8,14,4.77,43011,1,Wallis and Futuna,6,False
Malta,Type V2,Quantum,ThetaBase Services,1,2,flexible,1,True,False,1494,48710,49290,97,10,10,10,10,10,10,19,5.48,48710,0.8,Libyan Arab Jamahiriya,1,False
Bosnia and Herzegovina,Type F5,Plasma,ThetaBase Services,5,9,moderate,5,True,False,2482,10294,23907,100,10,10,10,10,10,10,3,0.91,10294,1,Puerto Rico,1,False
Micronesia,Type V5,Plasma,ThetaBase Services,2,4,moderate,2,True,False,3652,48277,58829,97,10,10,10,10,10,9,7,3.23,48277,1,Rwanda,4,False
Costa Rica,Type F5,Plasma,ThetaBase Services,2,4,strict,2,True,False,2105,13101,40706,93,10,9,10,10,9,9,3,1.45,13101,1,Jersey,1,True
United Kingdom,Type V5,Plasma,ThetaBase Services,3,6,moderate,3,False,False,1702,34288,24714,97,10,10,9,10,9,10,6,2.57,34288,1,Gibraltar,1,False
Rwanda,Type F5,Quantum,ThetaBase Services,1,2,flexible,1,True,False,1390,41856,14356,60,6,6,4,6,10,6,1,0.45,41856,1,Maldives,13,True
Faroe Islands,Type V5,Plasma,ThetaBase Services,1,2,flexible,1,False,False,1650,7381,7469,100,10,10,10,10,10,10,6,1.96,7381,1,Micronesia,1,False
United Kingdom,Type V5,Quantum,ThetaBase Services,1,1,moderate,0,False,False,1325,26794,73491,94,10,10,10,10,10,10,14,5.38,26794,1,Lithuania,1,False
Niue,Type V5,Plasma,ThetaBase Services,1,4,flexible,2,True,False,1949,5135,1783,90,9,10,10,10,10,10,2,0.9,5135,1,Niue,1,False
Sao Tome and Principe,Type V5,Plasma,ThetaBase Services,2,5,strict,2,False,False,3080,33619,56462,85,8,8,8,9,10,8,4,1.35,33619,1,Sao Tome and Principe,1,False
Barbados,Type V5,Quantum,ThetaBase Services,1,1,strict,1,True,False,1520,455,8024,100,10,10,10,10,10,10,7,5.68,455,1,Uganda,5,False
Barbados,Type V5,Quantum,ThetaBase Services,1,1,strict,1,True,False,1650,3241,71062,100,10,10,10,10,10,10,11,3.3,3241,0.9,Sao Tome and Principe,1,True
Niue,Type V5,Plasma,ThetaBase Services,0,2,flexible,1,True,False,1637,1054,8986,90,10,9,9,10,9,9,10,3.61,1054,1,Guinea,20,False
Russian Federation,Type V5,Plasma,ThetaBase Services,0,2,strict,1,False,False,2300,22117,53281,100,10,10,10,10,10,10,1,0.39,22117,1,Tonga,1,False
Niue,Type V5,Plasma,ThetaBase Services,0,2,flexible,1,True,False,1637,1054,11002,80,9,9,8,10,8,8,5,1.9,1054,1,Guinea,20,False
Barbados,Type V5,Plasma,ThetaBase Services,2,4,strict,2,False,False,1897,30286,35923,98,10,10,10,10,8,9,13,3.82,30286,1,Montserrat,39,False
Malta,Type G0,Plasma,ThetaBase Services,2,5,strict,3,True,False,1845,50025,29994,100,10,8,10,10,10,10,2,0.63,50025,0.4,Bahrain,1,False
Bouvet Island (Bouvetoya),Type V5,Plasma,ThetaBase Services,2,5,strict,2,False,False,2885,4267,39357,100,10,10,10,10,10,10,2,1.62,4267,1,Senegal,22,True
Niue,Type V5,Plasma,ThetaBase Services,0,2,flexible,1,True,False,1637,1054,43173,94,10,9,9,9,9,9,7,2.56,1054,1,Guinea,20,False
Indonesia,Type F5,Plasma,ThetaBase Services,3,8,strict,4,False,False,2807,38698,32007,100,10,10,10,10,10,10,1,0.38,38698,1,France,2,True
Malta,Type V5,Quantum,ThetaBase Services,1,2,flexible,1,False,False,1585,22036,4422,94,10,9,10,10,9,10,7,2.04,22036,1,Mauritania,1,True
Malta,Type V5,Quantum,ThetaBase Services,1,2,moderate,1,True,False,1390,37778,27292,80,9,8,8,8,9,9,12,4.04,37778,0.92,Tonga,24,False
Barbados,Type F5,Quantum,ThetaBase Services,1,2,strict,1,True,False,1455,37778,39565,70,8,7,9,9,10,7,16,5.22,37778,0.92,Tonga,24,False
United Kingdom,Type V5,Plasma,ThetaBase Services,0,2,flexible,1,False,False,1715,7696,36158,80,8,9,9,9,8,9,3,0.97,7696,0.97,Russian Federation,7,True
Niue,Type V5,Plasma,ThetaBase Services,0,2,flexible,1,True,False,1637,1054,51140,100,10,10,10,10,10,8,1,1,1054,1,Guinea,20,False
Uzbekistan,Type F5,Plasma,ThetaBase Services,3,6,strict,3,True,False,2157,28343,7828,95,10,9,10,10,9,10,13,5,28343,1,Costa Rica,1,False
Rwanda,Type V5,Quantum,ThetaBase Services,1,1,strict,1,True,False,1325,8409,68232,80,9,7,9,9,10,8,2,0.78,8409,0.98,Maldives,9,False
Niue,Type V5,Plasma,ThetaBase Services,0,2,flexible,1,True,False,1637,1054,68698,90,10,9,10,10,10,10,2,0.97,1054,1,Guinea,20,False
Faroe Islands,Type V5,Plasma,ThetaBase Services,1,2,moderate,2,True,False,1845,34382,12535,93,9,9,10,10,9,9,12,3.75,34382,1,Micronesia,2,False
Barbados,Type V5,Plasma,ThetaBase Services,0,4,strict,3,False,False,3080,13553,18048,83,10,9,10,10,10,8,7,4.04,13553,0.93,Vietnam,5,False
Isle of Man,Type V5,Plasma,ThetaBase Services,2,6,moderate,2,True,False,2560,8355,19208,90,10,10,10,10,10,10,2,0.65,8355,0.87,Togo,16,False
Nicaragua,Type F5,Plasma,ThetaBase Services,3,6,moderate,3,True,False,3535,45521,13065,100,10,10,10,10,10,10,9,2.76,45521,1,Isle of Man,1,False
Bouvet Island (Bouvetoya),Type V5,Plasma,ThetaBase Services,1,2,strict,1,False,False,2170,24033,35959,100,10,6,10,10,10,10,1,1,24033,1,Uganda,45,False
Isle of Man,Type V5,Plasma,ThetaBase Services,2,6,moderate,2,True,False,2560,8355,40383,95,10,10,10,10,8,9,4,1.15,8355,0.87,Togo,16,False
Uzbekistan,Type V5,Plasma,ThetaBase Services,1,2,moderate,1,False,False,1429,35813,25229,93,10,10,8,9,8,10,6,5,35813,1,Kiribati,1,False
Rwanda,Type V5,Quantum,ThetaBase Services,1,2,strict,1,True,False,1507,8409,43539,80,10,9,8,9,10,9,4,1.17,8409,0.98,Maldives,9,False
Russian Federation,Type V5,Plasma,ThetaBase Services,0,2,strict,1,True,False,1845,36206,65701,67,5,9,5,5,7,5,3,1,36206,0.86,Russian Federation,10,False
Malta,Type V5,Plasma,ThetaBase Services,0,2,strict,1,True,False,1975,6223,17158,95,10,10,10,10,10,9,12,5.54,6223,1,Marshall Islands,12,False
Malta,Type V5,Plasma,ThetaBase Services,0,2,strict,1,True,False,1975,6223,67699,88,8,9,9,10,10,9,13,6.84,6223,1,Marshall Islands,12,False
Rwanda,Type V5,Quantum,ThetaBase Services,1,2,strict,1,True,False,1585,25046,38252,89,10,9,10,10,10,10,17,5.2,25046,1,Maldives,14,False
Malta,Type F5,Quantum,ThetaBase Services,1,2,moderate,1,True,False,1520,37778,58048,74,8,6,8,8,9,8,10,3.13,37778,0.92,Tonga,24,False
Barbados,Type V5,Plasma,ThetaBase Services,1,3,strict,0,False,False,2885,4267,13091,100,10,10,9,10,10,9,5,1.92,4267,1,Senegal,22,True
Micronesia,Type V5,Plasma,ThetaBase Services,2,4,moderate,3,True,False,2690,50051,52951,100,10,9,10,10,10,9,5,3.06,50051,1,Netherlands,5,True
Rwanda,Type V5,Plasma,ThetaBase Services,2,8,flexible,4,False,False,2560,14358,23706,91,10,10,10,10,10,9,20,6.52,14358,1,Maldives,9,False
Micronesia,Type V5,Plasma,ThetaBase Services,2,4,strict,2,False,False,4120,18454,43394,80,6,8,10,10,10,8,1,1,18454,1,Nicaragua,5,True
Gambia,Type F5,Quantum,ThetaBase Services,1,2,flexible,2,False,False,1520,47069,51812,100,9,10,10,10,10,10,3,1.55,47069,1,France,1,False
Estonia,Type V5,Plasma,ThetaBase Services,0,4,strict,2,True,False,1585,44169,33521,88,9,8,9,9,9,8,10,4,44169,0.97,Portugal,39,False
Costa Rica,Type F5,Plasma,ThetaBase Services,1,5,flexible,2,True,False,1780,13033,10698,80,8,6,4,8,10,8,2,1.09,13033,0.8,Moldova,3,True
Barbados,Type V5,Plasma,ThetaBase Services,2,4,moderate,2,False,False,2027,30286,58267,96,10,8,10,10,8,8,5,1.7,30286,1,Montserrat,39,False
Niue,Type V5,Plasma,ThetaBase Services,1,2,flexible,2,True,False,1364,46071,60065,100,10,10,10,10,9,10,2,2,46071,0.89,Niue,2,False
Barbados,Type V5,Plasma,ThetaBase Services,2,4,strict,0,False,False,2170,28828,71310,93,9,10,9,9,10,9,11,4.52,28828,1,Isle of Man,198,True
Barbados,Type V5,Plasma,ThetaBase Services,1,2,strict,1,False,False,2170,28828,63764,93,10,10,9,10,10,9,8,3.53,28828,1,Isle of Man,198,True
Russian Federation,Type V5,Plasma,ThetaBase Services,3,8,flexible,3,True,False,3405,15616,28823,100,10,10,9,10,10,10,3,1.06,15616,0.83,Tonga,1,False
Niue,Type V5,Quantum,ThetaBase Services,1,2,flexible,1,False,False,1260,17954,65593,95,10,10,10,10,10,10,4,1.24,17954,1,Niue,1,False
Barbados,Type V5,Plasma,ThetaBase Services,3,8,strict,4,True,False,8410,5569,34364,90,10,9,10,10,10,10,2,0.94,5569,1,Suriname,2,True
Barbados,Type V5,Plasma,ThetaBase Services,2,6,strict,3,True,False,6720,5569,43036,100,10,8,10,10,10,10,1,0.4,5569,1,Suriname,2,True
Malta,Type G0,Plasma,ThetaBase Services,1,3,strict,1,True,False,2625,30283,12143,80,8,10,10,8,10,10,1,0.38,30283,1,Brazil,15,False
Nicaragua,Type V5,Plasma,ThetaBase Services,1,4,strict,1,True,False,1637,4446,59649,100,10,8,10,10,10,10,1,0.43,4446,1,Uganda,58,False
Nicaragua,Type V5,Plasma,ThetaBase Services,1,6,strict,1,True,False,1507,30435,53091,100,10,10,10,9,10,10,2,0.63,30435,0.99,Cape Verde,41,False
Bosnia and Herzegovina,Type F5,Plasma,ThetaBase Services,2,4,flexible,2,False,False,2040,45519,54009,90,10,9,10,10,10,9,6,2.65,45519,1,Puerto Rico,2,False
United Kingdom,Type V5,Quantum,ThetaBase Services,1,2,flexible,1,True,False,1845,33430,3362,100,10,10,10,10,10,10,2,0.71,33430,1,Monaco,2,False
Rwanda,Type V5,Plasma,ThetaBase Services,3,6,strict,3,False,False,3795,13212,54394,96,10,10,10,10,9,10,5,1.9,13212,1,Zimbabwe,12,True
Barbados,Type V5,Plasma,ThetaBase Services,1,4,strict,1,True,False,2196,1207,21910,100,10,10,10,10,10,10,3,1.29,1207,1,Nicaragua,7,False
Uzbekistan,Type V5,Quantum,ThetaBase Services,1,2,flexible,1,False,False,1520,56,39289,100,10,10,10,10,10,10,3,1.5,56,1,Kiribati,2,True
Rwanda,Type V5,Plasma,ThetaBase Services,0,2,strict,0,False,False,2170,4920,44356,97,10,10,10,10,10,10,6,1.82,4920,0.98,Estonia,8,False
Rwanda,Type V5,Plasma,ThetaBase Services,1,4,moderate,0,True,False,3457,3389,34291,80,10,10,8,10,10,10,1,1,3389,1,Estonia,13,False
Rwanda,Type V5,Quantum,ThetaBase Services,1,2,flexible,1,True,False,1195,26604,76042,95,10,10,10,10,10,10,5,2.38,26604,1,Turkmenistan,1,False
Micronesia,Type V5,Quantum,ThetaBase Services,1,2,flexible,1,True,False,2170,48502,16128,87,10,10,10,10,10,9,6,1.8,48502,1,Nicaragua,11,True
Nicaragua,Type V5,Plasma,ThetaBase Services,1,2,flexible,1,True,False,3366,37646,50579,95,9,10,10,10,10,10,5,1.47,37646,1,Estonia,60,False
Nicaragua,Type V5,Plasma,ThetaBase Services,1,4,strict,1,True,False,1507,30435,55935,80,6,9,5,5,8,7,2,0.63,30435,0.99,Cape Verde,41,False
Nicaragua,Type V5,Plasma,ThetaBase Services,3,6,moderate,3,True,False,4510,12424,76293,96,10,10,10,10,10,9,11,3.67,12424,1,Pakistan,2,True
Sao Tome and Principe,Type F5,Plasma,ThetaBase Services,4,8,moderate,4,False,False,3860,10636,53421,85,9,9,10,9,10,10,4,4,10636,1,Jersey,1,False
Niue,Type V5,Plasma,ThetaBase Services,2,4,strict,2,False,False,1780,28828,37,55,8,8,9,6,9,7,5,1.95,28828,1,Isle of Man,198,True
Niue,Type V5,Plasma,ThetaBase Services,0,2,flexible,1,True,False,1637,1054,37775,100,10,9,10,10,10,10,5,1.67,1054,1,Guinea,20,False
Malta,Type V5,Quantum,ThetaBase Services,1,1,flexible,1,False,False,1455,10740,5707,100,10,10,10,10,10,10,5,1.55,10740,1,Indonesia,1,False
Russian Federation,Type V5,Plasma,ThetaBase Services,1,2,flexible,1,True,False,2014,18378,46886,100,10,10,10,10,10,10,4,1.43,18378,1,Tonga,1,True
Nicaragua,Type V5,Plasma,ThetaBase Services,0,2,moderate,1,False,False,2157,30286,26327,100,10,10,10,10,10,10,3,3,30286,1,Montserrat,39,False
Nicaragua,Type F5,Quantum,ThetaBase Services,1,2,moderate,1,True,False,2430,9688,76624,100,10,10,10,10,10,10,4,1.33,9688,1,Slovakia (Slovak Republic),1,True
Barbados,Type V5,Plasma,ThetaBase Services,2,6,moderate,2,True,False,6070,27811,25461,100,10,10,10,10,10,10,1,0.39,27811,1,Ukraine,4,True
Indonesia,Type V2,Quantum,ThetaBase Services,1,2,moderate,1,True,False,1260,23695,69639,100,10,10,10,10,10,10,1,1,23695,1,France,3,False
United Kingdom,Type V5,Plasma,ThetaBase Services,3,6,strict,3,False,False,2482,18024,17662,88,8,9,9,9,10,9,5,2.46,18024,1,Monaco,1,False
Barbados,Type V5,Plasma,ThetaBase Services,1,2,flexible,1,True,False,2079,37483,25111,93,10,9,10,10,10,9,8,3.33,37483,1,Gibraltar,3,False
Bouvet Island (Bouvetoya),Type V5,Plasma,ThetaBase Services,3,5,moderate,3,False,False,3080,30286,4691,87,9,8,7,10,10,9,3,1.48,30286,1,Montserrat,39,False
Niue,Type V5,Quantum,ThetaBase Services,1,2,flexible,1,True,False,1390,34248,52054,100,10,10,10,10,10,10,17,5.67,34248,1,Guinea,1,False
Sao Tome and Principe,Type V5,Quantum,ThetaBase Services,1,2,moderate,1,True,False,1546,44045,36697,100,10,10,10,10,9,10,12,4.04,44045,1,Sao Tome and Principe,2,False
Bouvet Island (Bouvetoya),Type V5,Plasma,ThetaBase Services,1,2,flexible,1,False,False,1780,18694,46583,100,10,10,10,10,10,10,5,1.74,18694,1,Chad,1,True
Kiribati,Type F5,Quantum,ThetaBase Services,1,2,flexible,1,True,False,1260,39027,53160,100,10,10,10,10,10,10,1,1,39027,0.8,Nicaragua,2,False
Micronesia,Type V5,Plasma,ThetaBase Services,1,2,strict,1,False,False,1845,47045,3499,87,9,9,9,9,10,9,3,2.05,47045,1,Uganda,2,True
Malta,Type V5,Plasma,ThetaBase Services,1,2,moderate,1,False,False,2170,18077,68372,100,10,10,10,10,10,9,3,1.22,18077,1,Sao Tome and Principe,139,False
Malta,Type V5,Plasma,ThetaBase Services,1,4,moderate,2,True,False,2235,9331,70772,98,10,10,10,10,10,10,9,2.97,9331,1,Suriname,2,False
Bouvet Island (Bouvetoya),Type V5,Plasma,ThetaBase Services,1,2,moderate,1,False,False,1780,17444,41343,96,10,10,10,10,10,8,5,1.95,17444,1,Malawi,1,False
Russian Federation,Type V5,Plasma,ThetaBase Services,1,2,flexible,1,False,False,1845,7804,43689,100,9,10,10,10,9,9,2,0.88,7804,1,Russian Federation,3,False
Isle of Man,Type V5,Plasma,ThetaBase Services,2,4,strict,2,True,False,1897,30130,24458,95,10,10,10,10,9,9,4,2.5,30130,1,Togo,1,False
United Kingdom,Type V5,Plasma,ThetaBase Services,2,4,strict,2,False,False,2157,27972,31710,100,10,10,9,10,10,10,3,1.2,27972,0.94,Brazil,27,False
Niue,Type V5,Quantum,ThetaBase Services,1,2,moderate,1,False,False,1221,41341,19874,100,10,10,10,10,10,10,6,2.34,41341,1,Guinea,3,True
United Kingdom,Type V5,Plasma,ThetaBase Services,1,3,moderate,2,True,False,3730,27226,49362,80,10,10,10,10,8,8,1,1,27226,1,Congo,10,False
Malta,Type V5,Plasma,ThetaBase Services,1,2,strict,1,True,False,2677,9968,53172,98,10,10,10,10,10,9,9,2.87,9968,1,Indonesia,1,False
Bouvet Island (Bouvetoya),Type F5,Quantum,ThetaBase Services,1,2,flexible,1,True,False,1390,23875,58945,93,9,10,10,10,10,10,4,1.71,23875,0.63,Chad,1,False
Bouvet Island (Bouvetoya),Type V5,Plasma,ThetaBase Services,2,4,strict,2,False,False,2430,28828,51532,87,9,9,7,8,10,9,18,6.28,28828,1,Isle of Man,198,True
Rwanda,Type V5,Plasma,ThetaBase Services,2,4,moderate,2,False,False,1780,16162,54338,90,10,9,10,10,9,9,2,0.85,16162,1,Svalbard & Jan Mayen Islands,2,True
Barbados,Type V5,Plasma,ThetaBase Services,1,2,strict,1,False,False,2495,12802,43574,90,9,9,10,10,10,9,10,3.41,12802,1,Niger,3,True
Malta,Type Z6,Plasma,ThetaBase Services,1,4,moderate,2,False,False,3405,6259,48433,93,9,10,10,10,10,9,3,1.8,6259,1,Indonesia,1,False
Kenya,Type F5,Plasma,ThetaBase Services,3,5,strict,3,False,False,1910,28828,31352,100,10,10,9,9,10,9,3,1.02,28828,1,Isle of Man,198,True
Barbados,Type V5,Plasma,ThetaBase Services,3,6,strict,3,False,False,2430,28828,14294,86,9,10,10,10,9,9,10,4.41,28828,1,Isle of Man,198,True
United Kingdom,Type V5,Plasma,ThetaBase Services,1,3,flexible,1,True,False,1533,11457,41912,100,10,10,10,10,9,10,12,4.29,11457,0.9,Denmark,1,True
Nicaragua,Type V5,Plasma,"Banks, Wood and Phillips",1,6,strict,1,True,False,1507,30435,19581,100,10,10,10,10,10,10,2,2,30435,0.99,Cape Verde,41,False
Malta,Type V5,Plasma,ThetaBase Services,1,4,strict,2,False,False,1975,1076,66437,100,10,10,10,10,10,10,1,1,1076,1,Guernsey,1,False
Nicaragua,Type V5,Plasma,ThetaBase Services,1,4,flexible,2,True,False,2820,49103,70225,95,9,9,9,10,10,9,11,4.02,49103,0.8,Rwanda,5,False
Gambia,Type V5,Plasma,ThetaBase Services,1,6,flexible,1,True,False,2300,9131,35809,100,10,8,10,10,10,10,1,0.58,9131,1,Gambia,5,False
Brazil,Type V5,Plasma,ThetaBase Services,1,2,strict,1,True,False,1494,22376,49728,100,10,10,10,10,9,10,10,3.7,22376,1,Vanuatu,6,False
Gambia,Type F5,Plasma,ThetaBase Services,4,10,flexible,4,True,False,4575,9131,36943,100,10,10,10,10,8,10,1,1,9131,1,Gambia,5,False
Uzbekistan,Type G0,Plasma,ThetaBase Services,2,5,flexible,4,True,False,2430,33108,23444,93,10,10,9,10,8,9,7,2.88,33108,1,Costa Rica,3,False
United Kingdom,Type F5,Plasma,ThetaBase Services,2,4,strict,2,False,False,2365,38972,51132,90,10,10,10,9,10,9,4,1.35,38972,0.78,Tunisia,1,False
Nicaragua,Type V5,Plasma,ThetaBase Services,3,7,moderate,4,True,False,4757,8842,63573,93,9,10,10,10,10,9,11,3.93,8842,1,Slovakia (Slovak Republic),3,False
Uzbekistan,Type F5,Quantum,ThetaBase Services,1,2,moderate,1,True,False,1260,13042,39573,98,10,10,10,10,10,10,8,2.82,13042,1,Costa Rica,5,False
Bouvet Island (Bouvetoya),Type V5,Plasma,ThetaBase Services,2,3,strict,1,True,False,2040,46541,45660,100,10,10,10,10,8,10,1,1,46541,1,Chad,1,False
Nicaragua,Type V5,Plasma,ThetaBase Services,1,6,strict,1,True,False,1507,30435,5162,91,10,9,10,10,10,9,9,3.07,30435,0.99,Cape Verde,41,False
Kiribati,Type V5,Plasma,ThetaBase Services,0,2,strict,1,True,False,1520,21275,11534,87,9,9,9,9,9,9,19,6.63,21275,1,Marshall Islands,1,False
Malta,Type V5,Plasma,ThetaBase Services,2,6,moderate,3,True,False,2560,35229,13290,87,9,9,10,10,9,9,4,2.79,35229,0.88,Marshall Islands,1,False
Estonia,Type V5,Plasma,ThetaBase Services,1,2,flexible,0,True,False,1520,41873,67369,100,9,10,10,10,10,10,3,1.36,41873,1,Zimbabwe,2,False
Barbados,Type V5,Plasma,ThetaBase Services,2,6,strict,2,True,False,5095,49076,65069,100,10,10,10,10,10,9,7,2.47,49076,0.97,Kenya,12,True
Estonia,Type V5,Plasma,ThetaBase Services,0,2,strict,1,True,False,1585,41873,62075,94,10,10,10,10,9,9,7,2.33,41873,1,Zimbabwe,2,False
Uzbekistan,Type V5,Plasma,ThetaBase Services,1,4,flexible,2,True,False,3327,3389,10029,60,7,8,7,7,7,7,3,1.3,3389,1,Estonia,13,False
Rwanda,Type V5,Quantum,ThetaBase Services,0,1,strict,1,True,False,1208,8409,7415,90,9,10,10,10,10,9,8,3.38,8409,0.98,Maldives,9,False
Rwanda,Type G0,Plasma,ThetaBase Services,0,3,strict,2,False,False,2170,40039,75965,100,10,10,10,10,10,9,6,2.61,40039,1,Croatia,1,False
Gambia,Type V5,Plasma,ThetaBase Services,1,6,strict,3,True,False,1910,28828,74858,50,6,4,5,6,6,6,2,0.8,28828,1,Isle of Man,198,True
Malta,Type V5,Quantum,ThetaBase Services,1,4,flexible,2,True,False,1715,11166,59580,100,10,10,10,10,10,10,2,0.88,11166,0.8,Marshall Islands,1,False
El Salvador,Type X3,Plasma,ThetaBase Services,1,2,moderate,1,True,False,1195,41266,69015,100,10,10,10,10,9,10,11,4.12,41266,1,Papua New Guinea,1,False
Nicaragua,Type F5,Quantum,ThetaBase Services,1,2,strict,1,True,False,1065,30435,45657,93,9,8,10,10,10,9,3,1,30435,0.99,Cape Verde,41,False
Uzbekistan,Type V5,Quantum,ThetaBase Services,1,2,moderate,1,False,False,1585,25177,50973,100,10,10,9,10,9,9,3,1.36,25177,1,Costa Rica,2,True
Niue,Type V2,Quantum,ThetaBase Services,1,2,strict,1,False,False,1585,36327,25505,100,10,9,10,10,9,9,3,1.3,36327,1,Guinea,5,True
Niue,Type V2,Quantum,ThetaBase Services,1,1,flexible,1,False,False,1390,36327,26462,100,10,10,10,10,10,10,1,1,36327,1,Guinea,5,True
Malta,Type V5,Plasma,ThetaBase Services,2,6,strict,2,True,False,2807,37378,9520,100,10,10,10,10,10,10,1,1,37378,0.83,Brazil,1,False
Costa Rica,Type V5,Plasma,ThetaBase Services,2,4,moderate,2,False,False,1650,7871,51650,80,10,10,2,4,10,10,1,0.43,7871,1,Jersey,1,False
Micronesia,Type V5,Plasma,ThetaBase Services,1,4,flexible,2,True,False,1975,49953,46901,98,10,10,10,10,9,10,20,6.67,49953,1,Niger,1,False
Anguilla,Type V5,Plasma,ThetaBase Services,1,2,moderate,1,True,False,1520,1822,7437,98,10,9,10,10,9,10,9,3.18,1822,1,Anguilla,1,False
Barbados,Type F5,Plasma,ThetaBase Services,4,12,strict,8,True,False,5810,15385,34511,90,10,10,10,10,10,9,4,1.94,15385,1,Cook Islands,3,False
Micronesia,Type V5,Plasma,ThetaBase Services,1,3,flexible,2,False,False,2430,50051,36938,97,10,9,10,9,9,9,7,3.28,50051,1,Netherlands,5,True
Costa Rica,Type F5,Quantum,ThetaBase Services,1,1,flexible,1,True,False,1195,6004,71708,100,10,10,10,10,10,10,6,2.12,6004,0.9,Micronesia,4,False
Costa Rica,Type O3,Quantum,ThetaBase Services,0,2,flexible,1,True,False,1455,6004,57688,100,10,10,10,10,10,10,1,0.54,6004,0.9,Micronesia,4,False
Rwanda,Type F5,Quantum,ThetaBase Services,1,2,flexible,1,True,False,1312,33494,62567,96,10,9,10,10,10,10,9,3.21,33494,1,Papua New Guinea,1,False
Sao Tome and Principe,Type V5,Quantum,ThetaBase Services,1,2,moderate,1,True,False,1780,34723,65928,100,10,10,10,10,10,10,1,0.68,34723,1,Peru,12,False
Estonia,Type V2,Plasma,ThetaBase Services,2,4,strict,2,True,False,1975,41675,28896,100,10,10,10,10,10,10,2,1.4,41675,1,Zimbabwe,1,False
Barbados,Type V5,Plasma,ThetaBase Services,3,6,moderate,3,True,False,2625,10809,16594,97,9,9,9,10,10,9,6,2.73,10809,1,Bosnia and Herzegovina,4,False
Niue,Type V2,Quantum,ThetaBase Services,1,2,moderate,1,True,False,1507,35500,60328,100,9,10,10,9,9,9,2,0.97,35500,1,Niue,1,False
Rwanda,Type V5,Plasma,ThetaBase Services,0,4,flexible,2,False,False,2040,17210,22685,89,9,10,10,10,9,9,13,4.33,17210,1,Maldives,2,False
Rwanda,Type V5,Quantum,ThetaBase Services,1,2,strict,1,False,False,2196,49133,10662,100,10,10,10,10,10,10,1,0.32,49133,1,Reunion,3,True
Barbados,Type V5,Plasma,ThetaBase Services,1,3,strict,1,False,False,2495,4330,47007,93,10,10,10,10,10,10,3,1.02,4330,0.94,Ukraine,60,True
United Kingdom,Type V5,Plasma,ThetaBase Services,3,6,moderate,3,False,False,2950,47471,59109,90,9,9,9,9,9,9,10,5.26,47471,1,Lithuania,1,False
Barbados,Type V5,Quantum,ThetaBase Services,1,3,strict,1,True,False,2300,24118,22287,100,10,10,10,10,10,10,1,0.47,24118,0.98,Ghana,21,True
Barbados,Type V5,Quantum,ThetaBase Services,1,2,strict,1,True,False,2157,24118,76306,90,9,10,10,10,10,9,4,1.54,24118,0.98,Ghana,21,True
Russian Federation,Type V5,Plasma,ThetaBase Services,0,3,flexible,0,False,False,2170,38537,36565,93,9,9,8,10,9,9,3,1.61,38537,1,Russian Federation,1,False
Barbados,Type V5,Quantum,ThetaBase Services,1,2,strict,1,True,False,2170,24118,1912,84,8,10,8,8,10,8,5,1.85,24118,0.98,Ghana,21,True
Bouvet Island (Bouvetoya),Type V5,Plasma,ThetaBase Services,1,2,moderate,1,False,False,1910,22855,31313,100,10,10,9,10,10,10,7,3.04,22855,1,French Guiana,1,False
Sao Tome and Principe,Type E3,Plasma,ThetaBase Services,1,5,flexible,3,True,False,2105,24912,51288,95,10,9,10,10,10,9,5,2.05,24912,1,Sao Tome and Principe,5,False
Bouvet Island (Bouvetoya),Type F5,Quantum,ThetaBase Services,1,2,flexible,1,False,False,1325,36890,30910,100,8,10,8,8,10,8,1,0.48,36890,0.9,Uzbekistan,1,True
United Kingdom,Type V5,Quantum,ThetaBase Services,1,2,flexible,1,False,False,1650,46881,31377,100,10,10,10,10,10,10,1,1,46881,1,Andorra,1,False
Bouvet Island (Bouvetoya),Type V5,Plasma,ThetaBase Services,1,2,strict,1,False,False,2820,24033,36137,70,8,9,7,6,8,8,2,0.76,24033,1,Uganda,45,False
Brazil,Type V5,Plasma,ThetaBase Services,1,2,strict,1,True,False,1507,22376,72789,97,10,10,10,10,9,10,15,5.49,22376,1,Vanuatu,6,False
Wallis and Futuna,Type V5,Plasma,ThetaBase Services,1,2,strict,1,False,False,1520,28828,65896,100,10,10,10,10,10,10,4,2.11,28828,1,Isle of Man,198,True
Indonesia,Type G0,Quantum,ThetaBase Services,1,2,moderate,2,True,False,1312,31718,43549,90,9,8,9,10,9,9,6,2.07,31718,1,France,6,False
Rwanda,Type V5,Plasma,ThetaBase Services,2,5,moderate,4,False,False,2430,31938,43301,98,10,10,10,10,10,9,8,6.15,31938,1,Venezuela,1,False
Indonesia,Type G0,Quantum,ThetaBase Services,1,2,moderate,2,True,False,1312,31718,66606,94,10,9,10,10,9,10,10,3.8,31718,1,France,6,False
Faroe Islands,Type V5,Quantum,ThetaBase Services,1,1,flexible,1,False,False,1195,9270,46801,100,10,8,10,10,6,8,1,0.39,9270,1,Micronesia,1,False
Anguilla,Type V5,Plasma,ThetaBase Services,3,6,flexible,4,False,False,2820,38304,75720,100,10,10,9,10,10,10,3,1.67,38304,1,United Kingdom,1,True
Rwanda,Type V5,Plasma,ThetaBase Services,1,2,moderate,1,False,False,1546,2732,51569,80,8,8,9,8,8,7,2,0.8,2732,1,Turkmenistan,4,False
Indonesia,Type G0,Quantum,ThetaBase Services,1,3,moderate,3,True,False,1377,31718,42528,98,10,9,10,10,9,10,8,3.38,31718,1,France,6,False
Russian Federation,Type V5,Plasma,ThetaBase Services,3,7,strict,3,False,False,2820,1617,25727,87,9,10,10,10,10,10,3,2.25,1617,1,Russian Federation,2,False
United Kingdom,Type V5,Plasma,ThetaBase Services,3,6,flexible,3,True,False,2365,35499,66391,98,10,10,9,10,10,10,9,4.22,35499,0.94,Andorra,4,False
Nicaragua,Type V5,Quantum,ThetaBase Services,1,2,moderate,1,True,False,1650,36543,41350,86,9,9,9,10,10,9,7,2.92,36543,1,Pakistan,1,False
Micronesia,Type V5,Plasma,ThetaBase Services,1,4,flexible,2,True,False,3015,3112,45274,80,6,10,10,4,10,10,1,0.65,3112,0.94,Indonesia,25,False
Uzbekistan,Type V5,Quantum,ThetaBase Services,1,2,flexible,1,True,False,1312,46099,19020,60,5,4,10,6,7,7,3,1.13,46099,0.98,Uzbekistan,28,False
Uzbekistan,Type V5,Quantum,ThetaBase Services,1,2,flexible,1,True,False,1247,46099,18534,90,8,9,10,9,9,9,2,1.4,46099,0.98,Uzbekistan,28,False
Uzbekistan,Type V5,Quantum,ThetaBase Services,1,2,flexible,1,True,False,1234,46099,67410,73,9,9,9,7,10,9,3,1.18,46099,0.98,Uzbekistan,28,False
Nicaragua,Type V5,Quantum,ThetaBase Services,1,2,strict,1,True,False,1429,37293,27817,90,10,9,10,10,9,8,8,3.69,37293,0.92,Russian Federation,15,False
Nicaragua,Type V5,Plasma,ThetaBase Services,1,4,strict,1,True,False,1507,30435,43003,87,8,8,9,10,10,7,6,2.17,30435,0.99,Cape Verde,41,False
Sao Tome and Principe,Type F5,Quantum,ThetaBase Services,1,1,flexible,1,False,False,1234,12006,36357,90,10,10,10,10,10,10,4,1.41,12006,1,Uruguay,5,False
Nicaragua,Type V5,Plasma,ThetaBase Services,2,4,moderate,3,True,False,3990,18499,15644,93,10,9,10,10,10,9,18,6.67,18499,1,Saint Helena,5,False
Nicaragua,Type V5,Quantum,ThetaBase Services,1,2,strict,1,True,False,1494,2393,58596,88,10,10,10,10,9,9,8,2.7,2393,1,Pakistan,1,False
Micronesia,Type V5,Plasma,ThetaBase Services,3,6,strict,3,True,False,3197,28954,9475,100,10,10,10,10,10,10,1,0.73,28954,1,Rwanda,4,False
Gambia,Type V5,Quantum,ThetaBase Services,1,2,moderate,1,True,False,1429,2895,50000,100,10,10,10,10,10,10,3,1.13,2895,1,France,1,False
United Kingdom,Type V5,Plasma,ThetaBase Services,1,2,strict,2,True,False,1910,19667,50050,95,10,10,9,10,10,10,8,3.53,19667,1,Monaco,1,False
United Kingdom,Type V5,Quantum,ThetaBase Services,1,1,flexible,1,True,False,1416,37237,31036,100,10,10,10,10,10,10,9,3.33,37237,1,Tunisia,1,False
Rwanda,Type V5,Plasma,ThetaBase Services,2,6,strict,2,True,False,2950,41856,14514,100,10,10,10,10,10,10,1,1,41856,1,Maldives,13,True
Nicaragua,Type V5,Quantum,ThetaBase Services,1,2,strict,1,True,False,1455,37293,52739,89,9,10,9,10,9,9,7,2.63,37293,0.92,Russian Federation,15,False
Malta,Type V5,Plasma,ThetaBase Services,1,4,moderate,2,True,False,1754,47046,15675,93,9,9,10,10,7,9,3,1.38,47046,1,Lebanon,9,False
Rwanda,Type V5,Plasma,ThetaBase Services,2,4,strict,2,False,False,2105,2748,11430,88,10,10,8,9,10,10,5,3.66,2748,1,Nicaragua,2,False
Niue,Type V2,Quantum,ThetaBase Services,1,1,flexible,1,False,False,1520,46523,24824,100,10,10,8,10,8,8,1,0.73,46523,0.9,Guinea,2,True
Russian Federation,Type V5,Plasma,ThetaBase Services,0,2,strict,2,True,False,2157,3649,35758,100,10,10,10,10,9,10,7,3.68,3649,1,Russian Federation,1,False
Barbados,Type V5,Plasma,ThetaBase Services,1,4,moderate,1,True,False,2365,9345,14061,87,9,10,9,9,10,9,14,4.94,9345,1,Bosnia and Herzegovina,4,False
Malta,Type V5,Plasma,ThetaBase Services,2,4,moderate,2,False,False,2105,7868,44639,70,7,6,6,9,8,8,2,0.88,7868,1,Marshall Islands,1,False
United Kingdom,Type V5,Plasma,ThetaBase Services,2,4,flexible,2,False,False,2105,19909,12912,73,9,7,8,10,9,8,3,2.65,19909,1,Andorra,1,False
Barbados,Type V5,Plasma,ThetaBase Services,1,2,strict,1,True,False,2690,38723,9016,90,10,10,10,9,9,9,3,1.41,38723,1,Bosnia and Herzegovina,1,False
Costa Rica,Type V5,Plasma,ThetaBase Services,2,4,strict,2,False,False,2300,50078,14205,100,10,9,10,9,9,10,2,0.8,50078,1,Chad,2,True
United Kingdom,Type V5,Quantum,ThetaBase Services,1,2,flexible,1,False,False,1455,35743,73717,100,10,10,10,10,9,9,2,0.95,35743,1,Palestinian Territory,2,True
Anguilla,Type V5,Plasma,ThetaBase Services,2,5,strict,2,False,False,2820,3360,49401,100,10,10,10,10,10,9,3,2.05,3360,1,United Kingdom,1,False
United Kingdom,Type V5,Plasma,ThetaBase Services,2,6,strict,2,True,False,2560,13087,27463,88,10,9,10,9,9,9,5,2.17,13087,1,Gibraltar,1,True
Micronesia,Type V5,Plasma,ThetaBase Services,0,3,flexible,1,True,False,1949,19811,63194,97,9,9,10,10,10,9,7,2.69,19811,0.9,Nicaragua,21,True
Rwanda,Type V5,Plasma,ThetaBase Services,1,2,flexible,1,True,False,2430,19905,51547,70,10,8,10,8,10,9,4,2.79,19905,0.97,Monaco,8,False
Mexico,Type V5,Plasma,ThetaBase Services,2,6,strict,3,False,False,2014,32007,26037,100,10,10,10,10,9,10,3,1.18,32007,0.8,El Salvador,2,False
Niue,Type V5,Plasma,ThetaBase Services,0,2,strict,1,True,False,1910,38277,66926,93,10,10,10,10,9,10,3,2,38277,1,Guinea,1,False
Niue,Type V5,Plasma,ThetaBase Services,2,4,strict,2,True,False,2040,28828,14794,83,9,8,10,9,9,9,8,4.53,28828,1,Isle of Man,198,True
Isle of Man,Type V5,Plasma,ThetaBase Services,2,6,moderate,5,True,False,2690,8355,28259,100,10,10,10,10,10,10,2,0.72,8355,0.87,Togo,16,False
Isle of Man,Type V5,Plasma,ThetaBase Services,2,6,moderate,1,True,False,2560,8355,51024,92,10,9,10,10,9,9,5,2.17,8355,0.87,Togo,16,False
United Kingdom,Type V5,Quantum,ThetaBase Services,1,2,flexible,1,False,False,1520,21358,58413,100,10,10,10,10,10,10,1,0.4,21358,1,Congo,1,False
Isle of Man,Type F5,Plasma,ThetaBase Services,4,7,strict,4,True,False,2820,7620,35931,100,10,8,10,10,10,10,1,0.53,7620,1,Togo,4,False
Barbados,Type V5,Plasma,ThetaBase Services,2,6,strict,2,True,False,2586,490,51896,80,7,9,7,8,9,8,4,3.53,490,1,Bosnia and Herzegovina,6,False
Rwanda,Type F5,Quantum,ThetaBase Services,1,1,flexible,1,True,False,1455,41856,4639,100,10,10,10,10,10,10,1,1,41856,1,Maldives,13,True
Malta,Type F5,Plasma,ThetaBase Services,3,6,strict,3,True,False,3210,28828,71625,100,10,10,10,10,10,10,4,1.58,28828,1,Isle of Man,198,True
Rwanda,Type V5,Plasma,ThetaBase Services,2,4,moderate,2,False,False,2560,27130,68377,85,9,10,8,9,8,8,4,1.64,27130,1,Croatia,1,False
Nicaragua,Type V5,Quantum,ThetaBase Services,1,2,flexible,1,False,False,1650,20889,23893,100,8,10,8,8,8,8,2,0.73,20889,1,Isle of Man,2,False
Russian Federation,Type V5,Plasma,ThetaBase Services,2,4,strict,2,False,False,2560,24033,1089,80,8,6,8,8,6,6,1,0.77,24033,1,Uganda,45,False
Micronesia,Type V5,Plasma,ThetaBase Services,2,4,strict,2,True,False,2690,46879,49652,98,10,10,10,10,9,9,11,4.34,46879,1,Netherlands,1,False
Uzbekistan,Type V5,Quantum,ThetaBase Services,1,1,flexible,1,True,False,1104,46099,3467,60,7,5,10,8,6,6,2,1.09,46099,0.98,Uzbekistan,28,False
Nicaragua,Type V5,Plasma,ThetaBase Services,2,4,strict,2,True,False,4120,40012,37467,94,10,9,10,10,10,10,14,5.32,40012,1,Mexico,1,False
Nicaragua,Type V5,Plasma,ThetaBase Services,2,10,strict,5,False,False,3730,1835,6982,97,10,9,10,10,10,9,6,2.65,1835,1,Ecuador,8,False
Russian Federation,Type V5,Plasma,ThetaBase Services,2,4,strict,2,False,False,2560,24033,48800,100,10,10,10,10,10,10,1,0.63,24033,1,Uganda,45,False
Russian Federation,Type V5,Plasma,ThetaBase Services,1,2,moderate,1,True,False,2040,19015,20642,100,10,10,10,10,8,9,3,1.23,19015,1,Sri Lanka,2,False
Brazil,Type V5,Plasma,ThetaBase Services,1,3,strict,1,True,False,1585,22376,7015,93,10,9,10,10,9,9,18,7.83,22376,1,Vanuatu,6,False
Switzerland,Type E3,Quantum,ThetaBase Services,0,2,strict,1,True,False,1273,49771,11252,85,9,10,8,9,10,9,8,3.12,49771,1,Turks and Caicos Islands,4,False
Barbados,Type V5,Plasma,ThetaBase Services,2,6,strict,3,False,False,3145,9354,13846,89,9,9,10,10,10,9,7,2.73,9354,1,Spain,12,False
Brazil,Type F5,Quantum,ThetaBase Services,1,1,flexible,1,False,False,1091,13236,69216,100,10,10,10,10,10,10,7,2.76,13236,1,Vanuatu,1,False
Switzerland,Type E3,Quantum,ThetaBase Services,1,2,strict,2,True,False,1221,49771,15043,80,8,10,10,9,10,8,3,1.22,49771,1,Turks and Caicos Islands,4,False
Barbados,Type V5,Quantum,ThetaBase Services,1,2,strict,1,False,False,1910,41501,15265,100,10,10,10,10,10,10,1,0.61,41501,1,Montserrat,2,True
Uzbekistan,Type V2,Quantum,ThetaBase Services,1,1,strict,1,False,False,1390,19904,26258,100,9,10,9,10,9,9,2,1.25,19904,1,Kiribati,1,True
Sao Tome and Principe,Type F5,Quantum,ThetaBase Services,1,2,flexible,1,False,False,1390,29073,53590,100,10,10,10,10,10,10,7,3.62,29073,0.9,Canada,1,True
Isle of Man,Type F5,Quantum,ThetaBase Services,1,1,strict,1,True,False,1026,7620,29969,100,10,10,10,10,10,10,8,4.29,7620,1,Togo,4,False
Malta,Type V5,Quantum,ThetaBase Services,1,3,strict,2,True,False,1455,41837,36144,90,9,9,10,10,10,9,4,2.22,41837,1,Brazil,2,True
Malta,Type V5,Plasma,ThetaBase Services,1,3,strict,1,True,False,2235,40934,28563,93,9,9,9,10,9,9,3,1.08,40934,1,Brazil,3,False
Rwanda,Type V5,Quantum,ThetaBase Services,1,1,flexible,1,True,False,1208,23981,33284,100,10,7,10,10,10,10,2,0.72,23981,1,Nicaragua,1,False
Bouvet Island (Bouvetoya),Type V5,Plasma,ThetaBase Services,1,2,moderate,1,False,False,1910,5378,52684,92,10,9,9,10,9,8,5,2.17,5378,1,Uzbekistan,1,False
Wallis and Futuna,Type V5,Plasma,ThetaBase Services,2,3,flexible,2,True,False,2495,9809,58044,95,10,10,10,10,9,10,5,2.34,9809,1,Malta,1,False
Wallis and Futuna,Type V5,Plasma,ThetaBase Services,1,2,flexible,1,True,False,2027,15427,10331,100,10,10,10,10,10,10,3,1.43,15427,1,Malta,3,False
Rwanda,Type V5,Plasma,ThetaBase Services,2,4,strict,3,False,False,2170,13212,34051,97,9,9,10,9,9,9,6,2.73,13212,1,Zimbabwe,12,True
Barbados,Type V5,Plasma,ThetaBase Services,0,2,moderate,0,False,False,1650,18362,67697,98,10,10,10,10,10,10,12,4.86,18362,1,Uganda,5,False
Barbados,Type V5,Plasma,ThetaBase Services,1,2,strict,1,True,False,2690,9458,58387,80,10,8,10,8,10,8,1,0.54,9458,1,Reunion,2,False
Estonia,Type V5,Plasma,ThetaBase Services,1,5,strict,1,True,False,1819,44169,21041,80,9,8,9,9,7,8,3,1.15,44169,0.97,Portugal,39,False
Rwanda,Type V5,Plasma,ThetaBase Services,2,4,moderate,1,False,False,3145,25913,4089,100,10,10,10,10,10,10,2,0.88,25913,0.89,Uzbekistan,1,False
Micronesia,Type V5,Plasma,ThetaBase Services,1,4,strict,2,False,False,3210,36731,49218,100,10,10,10,10,10,9,9,3.55,36731,1,Nicaragua,7,False
Bosnia and Herzegovina,Type F5,Quantum,ThetaBase Services,1,2,flexible,1,False,False,1520,28294,37572,100,10,10,10,10,10,10,1,1,28294,1,Puerto Rico,1,False
Rwanda,Type V5,Plasma,ThetaBase Services,2,6,strict,3,True,False,2105,4856,78,74,8,7,9,9,9,8,16,6.4,4856,1,Philippines,5,False
Micronesia,Type V5,Plasma,ThetaBase Services,2,4,moderate,2,False,False,2560,42840,32971,87,10,9,9,10,10,9,9,4.22,42840,1,Niger,1,False
Mexico,Type F5,Nuclear,ThetaBase Services,1,1,strict,1,True,False,1260,43323,3653,100,9,9,9,9,9,9,2,0.79,43323,1,Greenland,1,False
Gambia,Type V5,Quantum,ThetaBase Services,2,4,strict,2,False,False,1650,23855,60114,100,10,10,10,10,9,9,3,1.29,23855,0.94,France,2,True
Indonesia,Type V2,Quantum,ThetaBase Services,1,2,moderate,1,True,False,1260,23695,4863,100,10,10,10,10,10,10,3,1.8,23695,1,France,3,False
Malta,Type V5,Quantum,ThetaBase Services,1,2,moderate,1,True,False,1455,2548,50369,93,10,10,10,10,9,10,11,5.08,2548,0.97,Marshall Islands,3,False
Sao Tome and Principe,Type V5,Quantum,ThetaBase Services,1,2,strict,1,True,False,1715,3532,17940,92,10,10,9,8,8,9,5,2.68,3532,1,Congo,1,False
Wallis and Futuna,Type V5,Plasma,ThetaBase Services,1,4,flexible,2,False,False,1897,23404,41514,93,9,9,10,10,10,9,3,1.58,23404,0.91,Malta,1,False
Nicaragua,Type V5,Quantum,ThetaBase Services,1,2,flexible,1,True,False,1858,45078,3798,92,10,10,10,10,10,9,17,6.46,45078,1,Barbados,1,False
Rwanda,Type F5,Plasma,ThetaBase Services,2,6,strict,3,True,False,1845,29123,41656,93,10,9,10,10,10,10,6,2.81,29123,1,Zimbabwe,16,True
Malta,Type V5,Quantum,ThetaBase Services,1,3,moderate,1,True,False,1416,41381,72750,100,10,10,10,10,10,9,3,3,41381,1,Niue,1,False
United Kingdom,Type V5,Plasma,ThetaBase Services,2,5,flexible,2,False,False,2170,45205,35270,95,10,10,10,10,9,10,12,5.29,45205,1,Denmark,1,False
Estonia,Type V5,Plasma,ThetaBase Services,0,4,strict,2,True,False,1598,44169,2739,80,8,7,10,9,8,7,4,2.26,44169,0.97,Portugal,39,False
Rwanda,Type V5,Plasma,ThetaBase Services,1,2,moderate,1,False,False,2040,31637,72107,100,10,10,9,10,10,10,3,1.34,31637,1,Estonia,1,False
Nicaragua,Type V5,Quantum,ThetaBase Services,1,2,strict,2,True,False,1494,37293,59475,97,10,10,10,10,10,10,7,2.96,37293,0.92,Russian Federation,15,False
Uzbekistan,Type F5,Quantum,ThetaBase Services,1,2,moderate,1,True,False,1234,13042,27986,93,7,9,10,10,10,9,3,1.17,13042,1,Costa Rica,5,False
Nicaragua,Type V7,Plasma,ThetaBase Services,2,6,strict,2,True,False,4120,17921,23935,100,10,10,10,10,10,9,6,3.16,17921,1,Cuba,1,True
Russian Federation,Type V5,Plasma,ThetaBase Services,1,4,strict,1,True,False,2326,41604,16406,90,10,10,10,10,10,9,4,2.18,41604,1,Tonga,4,False
Nicaragua,Type V5,Plasma,ThetaBase Services,1,5,strict,2,False,False,2677,24026,50058,100,10,10,8,10,10,10,2,1.4,24026,0.98,Cape Verde,69,True
Nicaragua,Type V5,Plasma,ThetaBase Services,3,9,strict,4,False,False,3847,24026,70235,80,10,9,10,10,9,8,5,2.68,24026,0.98,Cape Verde,69,True
United Kingdom,Type V5,Plasma,ThetaBase Services,1,2,moderate,1,False,False,2157,16973,31345,90,9,9,9,10,10,9,6,5.62,16973,1,Lithuania,1,False
Rwanda,Type V5,Plasma,ThetaBase Services,2,4,flexible,2,False,False,2950,46806,31831,100,10,10,10,10,10,10,1,1,46806,1,Maldives,1,False
Bouvet Island (Bouvetoya),Type V5,Quantum,ThetaBase Services,1,2,moderate,1,True,False,1390,42879,29868,100,10,10,10,10,10,10,10,4,42879,1,Gambia,1,False
Rwanda,Type V5,Quantum,ThetaBase Services,1,2,flexible,1,False,False,1975,12911,50592,100,10,10,10,10,10,10,2,1.03,12911,1,Maldives,1,False
Russian Federation,Type V5,Quantum,ThetaBase Services,1,5,strict,3,True,False,1455,43494,31349,89,9,9,9,10,9,9,18,7.01,43494,0.98,Saint Helena,5,False
Micronesia,Type V5,Quantum,ThetaBase Services,1,2,flexible,1,True,False,2170,48502,14494,80,8,10,10,10,10,8,1,0.77,48502,1,Nicaragua,11,True
United Kingdom,Type V5,Quantum,ThetaBase Services,1,2,strict,1,True,False,2027,7593,38649,98,10,10,10,10,10,10,9,3.65,7593,1,Senegal,2,False
Micronesia,Type V5,Quantum,ThetaBase Services,1,4,flexible,2,True,False,2430,48502,25503,90,9,10,10,10,10,8,4,1.6,48502,1,Nicaragua,11,True
Micronesia,Type V5,Plasma,ThetaBase Services,4,10,flexible,6,True,False,16470,48502,25578,100,10,10,10,10,10,10,1,0.86,48502,1,Nicaragua,11,True
Bosnia and Herzegovina,Type V5,Plasma,ThetaBase Services,1,2,strict,1,False,False,1910,43590,22299,100,10,10,10,10,10,10,1,1,43590,1,Costa Rica,9,False
Niue,Type V5,Quantum,ThetaBase Services,1,2,flexible,1,True,False,1221,48439,68932,98,10,10,10,10,10,10,25,10,48439,1,Guinea,2,False
Russian Federation,Type V5,Quantum,ThetaBase Services,1,3,strict,2,True,False,1455,43494,73148,88,9,9,9,10,9,10,17,7.61,43494,0.98,Saint Helena,5,False
Micronesia,Type V5,Plasma,ThetaBase Services,2,4,strict,2,False,False,8020,20165,40797,100,10,10,10,10,10,10,1,1,20165,0.94,Ukraine,30,False
Uzbekistan,Type V5,Plasma,ThetaBase Services,3,5,strict,4,True,False,2144,26652,41629,92,10,10,9,9,9,9,5,2.73,26652,0.97,Pakistan,6,False
Niue,Type F5,Quantum,ThetaBase Services,1,2,moderate,1,True,False,1377,15535,45335,100,10,10,10,10,9,10,6,2.61,15535,1,Niue,1,False
Russian Federation,Type V5,Quantum,ThetaBase Services,1,3,strict,2,True,False,1455,43494,66921,84,9,9,10,9,8,8,16,6.58,43494,0.98,Saint Helena,5,False
Estonia,Type F5,Quantum,ThetaBase Services,1,2,flexible,1,True,False,1455,10103,75830,97,10,10,10,10,9,10,14,5.53,10103,1,Zimbabwe,1,False
Nicaragua,Type V5,Quantum,ThetaBase Services,1,2,moderate,0,True,False,1494,39441,66457,90,9,10,9,9,10,9,25,9.87,39441,0.96,Cuba,4,False
Bouvet Island (Bouvetoya),Type V5,Quantum,ThetaBase Services,1,1,flexible,0,True,False,1104,28156,28253,95,10,10,10,10,9,10,15,6.62,28156,1,Lebanon,2,False
Barbados,Type V5,Plasma,ThetaBase Services,1,4,strict,1,False,False,3015,9354,73185,96,10,10,9,10,10,9,8,3.75,9354,1,Spain,12,False
Switzerland,Type E3,Quantum,ThetaBase Services,1,2,strict,1,True,False,1221,49771,56307,73,7,8,8,8,9,8,3,1.64,49771,1,Turks and Caicos Islands,4,False
United Kingdom,Type F5,Plasma,ThetaBase Services,3,6,strict,3,False,False,3665,4267,49465,100,10,10,10,10,10,9,6,3.75,4267,1,Senegal,22,True
Uzbekistan,Type F5,Quantum,ThetaBase Services,1,2,moderate,1,True,False,1169,20354,2060,87,10,9,10,10,10,9,3,1.3,20354,1,Kiribati,1,False
Costa Rica,Type F5,Quantum,ThetaBase Services,1,1,strict,1,True,False,1260,48955,8154,100,10,9,10,10,9,10,3,2.09,48955,1,Somalia,1,False
Nicaragua,Type V5,Quantum,ThetaBase Services,1,2,moderate,1,False,False,1455,31377,18372,98,10,9,10,10,10,10,12,5.29,31377,1,Isle of Man,1,False
Malta,Type V5,Plasma,ThetaBase Services,1,4,moderate,1,False,False,1897,28621,75025,90,10,8,9,10,10,10,4,2.55,28621,1,Marshall Islands,1,False
Costa Rica,Type F5,Quantum,ThetaBase Services,1,1,strict,1,False,False,1143,28965,36885,100,10,10,10,10,9,10,3,1.48,28965,0.9,Pakistan,2,False
Barbados,Type V5,Plasma,ThetaBase Services,2,5,strict,2,False,False,5160,4330,72769,80,10,10,10,10,10,8,1,0.45,4330,0.94,Ukraine,60,True
Isle of Man,Type F5,Quantum,ThetaBase Services,1,2,strict,2,True,False,1260,7620,15615,90,10,10,10,10,10,10,4,2.14,7620,1,Togo,4,False
Isle of Man,Type F5,Quantum,ThetaBase Services,1,2,strict,1,True,False,1520,7620,9052,100,10,10,10,10,10,10,2,1.2,7620,1,Togo,4,False
Anguilla,Type F5,Quantum,ThetaBase Services,1,1,moderate,1,False,False,1208,24565,33867,100,10,10,10,10,10,10,1,1,24565,1,Anguilla,4,False
Malta,Type V5,Plasma,ThetaBase Services,1,2,strict,1,False,False,2170,3680,48805,97,10,10,10,10,10,10,6,2.9,3680,1,Indonesia,1,False
Malta,Type V5,Plasma,ThetaBase Services,1,1,moderate,1,False,False,1585,25744,55396,100,10,10,10,10,10,10,5,2.31,25744,0.9,Mauritania,1,False
Wallis and Futuna,Type F5,Quantum,ThetaBase Services,1,2,strict,1,False,False,1442,41757,39402,100,10,10,10,10,10,10,2,2,41757,1,Malta,5,False
Bouvet Island (Bouvetoya),Type V2,Quantum,ThetaBase Services,1,1,flexible,1,True,False,1195,636,28038,97,10,10,10,10,10,10,27,11.41,636,0.97,Vanuatu,3,False
Nicaragua,Type V2,Quantum,ThetaBase Services,1,2,flexible,1,False,False,1520,37947,58280,100,10,10,10,10,10,10,8,5.45,37947,1,Jersey,1,False
Chad,Type E3,Plasma,ThetaBase Services,2,4,strict,3,False,False,1910,4069,67259,100,10,10,10,10,10,10,8,4.14,4069,1,Togo,1,False
Gambia,Type V5,Plasma,ThetaBase Services,2,4,moderate,3,True,False,1949,36998,32421,100,10,10,10,10,10,10,2,1.05,36998,0.92,Lebanon,10,False
Anguilla,Type F5,Quantum,ThetaBase Services,1,2,moderate,1,False,False,1364,24565,25014,90,9,9,10,10,9,10,2,0.98,24565,1,Anguilla,4,False
Rwanda,Type V5,Plasma,ThetaBase Services,2,5,strict,2,True,False,2950,13641,76608,90,9,9,9,9,9,9,6,2.81,13641,0.85,Mauritania,23,False
Nicaragua,Type V5,Quantum,ThetaBase Services,1,1,moderate,1,True,False,1520,21632,11606,92,10,8,10,10,10,9,26,10.99,21632,1,Wallis and Futuna,2,False
United Kingdom,Type F5,Quantum,ThetaBase Services,1,1,flexible,1,True,False,1260,16623,73241,100,10,10,10,10,10,8,1,0.73,16623,0.8,Denmark,1,False
Faroe Islands,Type F5,Quantum,ThetaBase Services,1,1,flexible,1,False,False,1221,41354,59274,98,10,10,10,10,10,10,12,5.22,41354,1,Micronesia,4,True
Estonia,Type V5,Plasma,ThetaBase Services,1,4,strict,0,True,False,1598,44169,39209,96,10,9,10,10,9,9,5,2.63,44169,0.97,Portugal,39,False
Bouvet Island (Bouvetoya),Type V5,Plasma,ThetaBase Services,2,4,strict,2,False,False,3470,24033,11377,67,5,7,7,7,8,7,3,1.5,24033,1,Uganda,45,False
Barbados,Type V5,Quantum,ThetaBase Services,1,2,strict,1,False,False,2820,49076,26430,100,10,10,10,10,10,10,3,1.27,49076,0.97,Kenya,12,True
Barbados,Type V5,Plasma,ThetaBase Services,2,6,strict,3,True,False,3405,37778,61909,60,10,6,6,6,10,8,3,1.73,37778,0.92,Tonga,24,False
Malta,Type F5,Plasma,ThetaBase Services,4,7,strict,4,False,False,5641,44339,53177,100,10,10,10,10,10,10,1,1,44339,1,Mexico,1,False
Nicaragua,Type V5,Quantum,ThetaBase Services,0,2,flexible,1,True,False,1455,39441,41439,90,9,10,10,10,9,9,18,7.4,39441,0.96,Cuba,4,False
Indonesia,Type V2,Quantum,ThetaBase Services,2,4,moderate,2,True,False,1650,23695,64595,100,10,10,10,10,10,10,2,1.43,23695,1,France,3,False
Kiribati,Type V5,Plasma,ThetaBase Services,2,4,flexible,2,False,False,2300,41140,13943,100,10,10,10,10,9,10,2,0.87,41140,0.9,Nicaragua,2,True
Sao Tome and Principe,Type V5,Plasma,ThetaBase Services,1,4,flexible,2,True,False,2430,34096,10725,100,8,10,6,8,10,10,1,0.88,34096,1,Andorra,10,False
Kiribati,Type V5,Quantum,ThetaBase Services,1,2,flexible,1,False,False,1780,41140,29859,100,10,10,10,10,10,10,3,1.25,41140,0.9,Nicaragua,2,True
Nicaragua,Type V5,Plasma,ThetaBase Services,2,4,strict,2,False,False,4120,18362,59763,95,10,10,10,10,10,10,4,2.86,18362,1,Uganda,5,False
Nicaragua,Type V5,Plasma,ThetaBase Services,2,6,strict,2,False,False,3210,1835,68447,100,10,10,10,10,10,10,2,1.07,1835,1,Ecuador,8,False
Malta,Type G0,Plasma,ThetaBase Services,1,4,moderate,2,True,False,1806,16649,51941,93,9,9,10,10,9,9,23,10.3,16649,1,Gibraltar,8,False
Uzbekistan,Type V5,Plasma,ThetaBase Services,3,6,strict,3,False,False,2625,6894,26500,90,9,10,8,10,10,9,2,1.76,6894,0.8,Estonia,47,True
Micronesia,Type V5,Plasma,ThetaBase Services,2,4,strict,2,False,False,2235,48869,66097,80,8,10,7,9,10,8,4,2.67,48869,1,Slovakia (Slovak Republic),22,False
Estonia,Type V5,Plasma,ThetaBase Services,0,4,strict,3,True,False,1598,44169,55898,93,10,9,9,9,9,8,3,1.91,44169,0.97,Portugal,39,False
Micronesia,Type V5,Plasma,ThetaBase Services,0,2,flexible,1,True,False,2170,14766,57360,100,10,10,10,10,10,10,4,1.85,14766,1,Rwanda,2,True
Faroe Islands,Type F5,Quantum,ThetaBase Services,1,2,flexible,1,False,False,1351,41354,54726,95,10,9,10,10,10,10,4,2.22,41354,1,Micronesia,4,True
Malta,Type O3,Quantum,ThetaBase Services,1,4,flexible,2,True,False,1442,27948,23145,100,10,10,10,10,10,10,8,5,27948,1,Niue,4,False
Russian Federation,Type V5,Plasma,ThetaBase Services,2,6,strict,2,False,False,2560,4716,47981,100,10,10,10,10,10,10,10,4.92,4716,1,Tonga,1,False
Costa Rica,Type V5,Plasma,ThetaBase Services,2,6,strict,2,True,False,2105,14921,43016,100,10,10,10,10,6,8,1,1,14921,1,Micronesia,2,False
Micronesia,Type V5,Plasma,ThetaBase Services,1,2,strict,1,False,False,3535,28828,48594,40,2,10,8,2,10,8,1,0.81,28828,1,Isle of Man,198,True
Uzbekistan,Type V5,Plasma,ThetaBase Services,1,2,strict,1,False,False,2170,45878,28182,80,8,10,10,10,10,6,1,0.48,45878,1,Costa Rica,1,False
Malta,Type V5,Quantum,ThetaBase Services,1,2,flexible,1,False,False,1338,40750,12819,100,10,10,10,10,10,10,6,2.61,40750,0.9,Brazil,1,False
Niue,Type V5,Plasma,ThetaBase Services,1,4,flexible,2,True,False,1845,1054,41289,80,10,8,10,10,8,8,2,2,1054,1,Guinea,20,False
Malta,Type O3,Quantum,ThetaBase Services,1,4,flexible,2,True,False,1442,27948,22301,94,9,9,10,10,9,9,7,3.39,27948,1,Niue,4,False
Barbados,Type V5,Plasma,ThetaBase Services,2,5,strict,1,True,False,4497,7184,45919,100,10,10,10,10,10,10,1,0.6,7184,0.77,Reunion,13,False
Russian Federation,Type V5,Quantum,ThetaBase Services,1,2,flexible,1,True,False,1507,30949,12062,100,10,10,10,10,10,10,3,2.05,30949,1,Finland,1,False
Bouvet Island (Bouvetoya),Type V5,Quantum,ThetaBase Services,0,1,flexible,1,False,False,1260,9611,41320,100,10,10,10,10,9,9,3,1.3,9611,0.93,Chad,2,False
Bouvet Island (Bouvetoya),Type V5,Plasma,ThetaBase Services,1,3,flexible,1,False,False,2300,28721,54525,100,10,10,10,10,10,10,1,1,28721,1,French Guiana,1,True
United Kingdom,Type V5,Plasma,ThetaBase Services,0,2,flexible,1,True,False,1455,29359,65103,96,9,10,10,10,8,9,10,4.76,29359,1,Denmark,1,False
United Kingdom,Type V5,Quantum,ThetaBase Services,1,2,flexible,1,False,False,1572,47539,65368,100,10,10,10,10,10,10,13,5.74,47539,1,Tunisia,1,False
Rwanda,Type V5,Plasma,ThetaBase Services,1,4,moderate,1,False,False,1845,28078,30560,90,9,9,7,10,9,8,6,2.86,28078,1,Maldives,1,False
Bouvet Island (Bouvetoya),Type V5,Plasma,ThetaBase Services,2,4,strict,2,False,False,2820,25799,20430,99,10,10,10,10,10,10,14,6.67,25799,1,Uzbekistan,5,True
Malta,Type V5,Plasma,ThetaBase Services,1,4,strict,1,True,False,3470,3112,48338,100,10,10,10,10,10,10,1,0.6,3112,0.94,Indonesia,25,False
Uzbekistan,Type V5,Quantum,ThetaBase Services,1,2,flexible,2,True,False,1286,46099,27070,40,2,2,8,8,6,2,1,0.79,46099,0.98,Uzbekistan,28,False
Nicaragua,Type V5,Plasma,ThetaBase Services,1,2,strict,1,True,False,3925,24646,5362,80,10,10,4,10,10,10,1,1,24646,1,Barbados,1,False
Barbados,Type V5,Plasma,ThetaBase Services,1,4,strict,1,True,False,1988,1207,7336,60,8,8,10,10,10,6,1,0.91,1207,1,Nicaragua,7,False
Malta,Type V5,Plasma,ThetaBase Services,1,2,moderate,1,False,False,1780,30806,29365,90,9,9,9,9,9,9,6,3.83,30806,0.7,Guernsey,1,False
Rwanda,Type V5,Plasma,ThetaBase Services,2,8,flexible,4,False,False,2560,14358,71083,91,10,9,10,10,10,9,9,4.29,14358,1,Maldives,9,False
Malta,Type F5,Quantum,ThetaBase Services,1,2,flexible,1,False,False,1637,11251,22089,100,10,10,10,10,10,10,2,1.36,11251,1,Libyan Arab Jamahiriya,2,False
United Kingdom,Type V5,Plasma,ThetaBase Services,1,2,moderate,1,False,False,1845,32816,24175,100,10,10,10,10,8,10,1,0.91,32816,0.88,Denmark,1,False
Barbados,Type V5,Plasma,ThetaBase Services,0,3,flexible,1,True,False,1975,50051,60147,97,10,9,10,10,10,9,7,5.83,50051,1,Netherlands,5,True
Faroe Islands,Type V5,Plasma,ThetaBase Services,0,4,flexible,2,False,False,1702,13258,62993,100,10,10,10,10,8,10,1,0.6,13258,1,Micronesia,1,False
Micronesia,Type V5,Plasma,ThetaBase Services,1,2,strict,1,False,False,2560,15236,47178,100,10,10,10,10,10,10,1,0.55,15236,1,Kenya,1,True
Malta,Type V5,Plasma,ThetaBase Services,1,4,flexible,1,True,False,3080,3112,42212,80,7,10,9,9,9,8,2,1.76,3112,0.94,Indonesia,25,False
Malta,Type V5,Plasma,ThetaBase Services,1,4,flexible,1,True,False,3080,3112,52231,84,9,9,9,8,10,8,5,2.42,3112,0.94,Indonesia,25,False
United Kingdom,Type V5,Plasma,ThetaBase Services,1,2,moderate,1,True,False,1650,47448,1686,100,10,10,10,10,10,10,5,2.73,47448,1,Gibraltar,1,True
Malta,Type F5,Plasma,ThetaBase Services,2,6,strict,3,True,False,2560,37778,32436,70,9,5,10,10,10,8,4,3.53,37778,0.92,Tonga,24,False
Bouvet Island (Bouvetoya),Type V5,Plasma,ThetaBase Services,2,4,strict,2,False,False,2430,30953,66123,100,10,10,10,10,10,10,3,2.43,30953,1,Uzbekistan,1,True
Brazil,Type F5,Quantum,ThetaBase Services,1,2,flexible,1,False,False,1338,46688,49875,100,10,10,10,10,10,10,1,0.61,46688,0.91,Vanuatu,2,False
Faroe Islands,Type F5,Quantum,ThetaBase Services,1,1,flexible,2,False,False,1286,45211,74501,88,10,9,10,10,10,9,5,2.31,45211,1,Micronesia,2,True
Brazil,Type F5,Quantum,ThetaBase Services,1,1,flexible,1,True,False,1169,46688,23538,100,10,10,10,10,10,10,3,1.61,46688,0.91,Vanuatu,2,False
Russian Federation,Type V5,Quantum,ThetaBase Services,1,2,moderate,1,True,False,1637,5516,38891,100,10,10,9,10,10,10,3,1.7,5516,1,Saint Helena,1,False
Uzbekistan,Type V5,Quantum,ThetaBase Services,1,2,flexible,1,True,False,1286,46099,9071,40,10,4,8,8,6,4,1,1,46099,0.98,Uzbekistan,28,False
Uzbekistan,Type V5,Quantum,ThetaBase Services,1,2,flexible,1,True,False,1221,46099,56739,80,9,8,9,8,8,8,6,2.95,46099,0.98,Uzbekistan,28,False
Micronesia,Type V5,Plasma,ThetaBase Services,4,6,flexible,4,False,False,3925,8707,62163,80,10,8,10,10,10,8,1,0.61,8707,0.73,Rwanda,21,True
United Kingdom,Type V5,Quantum,ThetaBase Services,1,3,moderate,1,True,False,1546,32524,38259,93,9,9,10,9,10,9,3,2.05,32524,1,Nicaragua,1,True
Malta,Type F5,Plasma,ThetaBase Services,6,10,moderate,6,False,False,3210,5970,60364,91,10,10,10,10,10,9,9,4.91,5970,1,El Salvador,2,False
Russian Federation,Type F5,Quantum,ThetaBase Services,1,1,flexible,1,False,False,2430,85,3023,100,10,10,10,10,10,10,1,0.57,85,1,Russian Federation,1,True
Niue,Type F5,Quantum,ThetaBase Services,1,2,flexible,1,False,False,1390,10961,24235,100,10,10,10,10,10,10,5,2.34,10961,1,Guinea,1,False
Micronesia,Type V5,Plasma,ThetaBase Services,2,4,moderate,2,False,False,3470,18077,21307,100,10,10,10,10,10,10,1,0.55,18077,1,Sao Tome and Principe,139,False
Uzbekistan,Type F5,Quantum,ThetaBase Services,1,2,strict,1,True,False,1260,19682,47137,100,10,10,10,10,10,10,2,2,19682,1,Faroe Islands,15,True
Uzbekistan,Type F5,Quantum,ThetaBase Services,1,2,strict,1,True,False,1260,19682,27584,73,9,7,9,9,7,8,3,3,19682,1,Faroe Islands,15,True
Micronesia,Type V5,Plasma,ThetaBase Services,1,2,flexible,1,False,False,2300,8129,28186,100,10,10,10,10,10,10,3,1.73,8129,1,Rwanda,5,False
Brazil,Type F5,Quantum,ThetaBase Services,1,2,flexible,1,True,False,1325,34966,5009,95,10,10,10,9,10,10,8,4.21,34966,1,Vanuatu,1,False
Costa Rica,Type F5,Plasma,ThetaBase Services,3,8,moderate,4,False,False,4107,29136,66074,100,10,10,10,10,10,10,1,0.83,29136,0.86,Svalbard & Jan Mayen Islands,1,False
Malta,Type V5,Quantum,ThetaBase Services,1,4,flexible,2,True,False,1442,27948,52913,96,10,9,10,10,10,10,10,6.82,27948,1,Niue,4,False
Malta,Type V2,Quantum,ThetaBase Services,1,2,flexible,2,True,False,1715,43834,58144,100,10,8,10,10,8,9,2,1.09,43834,0.99,Uganda,13,False
Rwanda,Type V5,Plasma,ThetaBase Services,1,6,flexible,3,True,False,2014,17515,10385,78,8,7,9,10,9,8,8,6.32,17515,1,Philippines,5,False
Malta,Type V5,Plasma,ThetaBase Services,0,2,flexible,1,True,False,1559,41741,22474,97,10,10,10,10,10,9,6,3.4,41741,1,Brazil,9,True
Sao Tome and Principe,Type F5,Quantum,ThetaBase Services,1,2,flexible,1,False,False,1234,15356,42468,100,10,10,10,10,9,10,4,2.55,15356,0.8,Denmark,2,False
Barbados,Type O3,Quantum,ThetaBase Services,1,2,flexible,1,False,False,2430,15068,35025,100,8,10,10,10,10,10,1,0.79,15068,1,Sao Tome and Principe,1,False
Malta,Type V5,Quantum,ThetaBase Services,1,2,flexible,1,True,False,1780,15452,74706,100,10,10,10,10,10,10,3,1.41,15452,0.9,Niue,2,False
Malta,Type V5,Plasma,ThetaBase Services,2,4,moderate,2,False,False,2430,5296,48629,100,10,10,10,10,10,10,2,2,5296,1,Mauritania,4,False
Malta,Type V5,Plasma,ThetaBase Services,2,5,strict,2,False,False,5420,10357,64170,100,10,10,10,10,9,10,3,1.55,10357,1,Indonesia,1,True
Anguilla,Type F5,Plasma,ThetaBase Services,4,8,strict,6,True,False,3990,19807,495,100,10,10,10,10,10,10,2,1.22,19807,1,United Kingdom,1,False
Micronesia,Type V5,Plasma,ThetaBase Services,3,6,moderate,3,False,False,3470,18077,19303,100,10,10,10,10,10,10,3,1.5,18077,1,Sao Tome and Principe,139,False
Niue,Type V5,Plasma,ThetaBase Services,0,2,flexible,1,True,False,1637,1054,14078,80,9,10,9,10,9,8,2,1.54,1054,1,Guinea,20,False
Bouvet Island (Bouvetoya),Type V5,Plasma,ThetaBase Services,2,4,moderate,2,False,False,3470,22647,20631,100,10,10,10,10,10,8,2,1.2,22647,1,Uzbekistan,1,False
Malta,Type V5,Plasma,ThetaBase Services,0,2,strict,1,True,False,1910,14228,37306,70,8,8,8,9,8,7,2,2,14228,1,Marshall Islands,2,False
Estonia,Type V5,Plasma,ThetaBase Services,1,2,strict,1,True,False,2170,19905,3658,40,2,6,10,6,10,4,1,0.63,19905,0.97,Monaco,8,False
United Kingdom,Type V5,Plasma,ThetaBase Services,2,4,strict,3,False,False,2885,4267,60040,100,10,10,10,9,9,10,2,1.05,4267,1,Senegal,22,True
Bouvet Island (Bouvetoya),Type V5,Quantum,ThetaBase Services,1,2,strict,1,False,False,2235,21529,30407,100,10,10,10,10,10,10,19,8.91,21529,1,Uzbekistan,2,True
Malta,Type V5,Plasma,ThetaBase Services,1,2,flexible,1,False,False,2495,15156,68274,95,10,10,9,10,9,9,4,2.55,15156,0.8,El Salvador,1,False
Malta,Type F5,Plasma,ThetaBase Services,3,6,flexible,5,True,False,4250,6999,23773,100,10,10,10,10,10,10,8,4.44,6999,1,Brazil,1,False
Russian Federation,Type V5,Plasma,ThetaBase Services,1,2,flexible,1,True,False,2040,36206,31698,100,10,10,10,10,10,10,1,0.48,36206,0.86,Russian Federation,10,False
Costa Rica,Type V5,Plasma,ThetaBase Services,1,4,flexible,1,True,False,1520,26449,45050,77,9,9,10,10,8,8,8,4.44,26449,1,Micronesia,1,False
Barbados,Type V5,Quantum,ThetaBase Services,1,2,strict,1,True,False,1325,16942,19445,94,10,9,9,10,10,10,7,7,16942,1,Uganda,2,False
Sao Tome and Principe,Type F5,Plasma,ThetaBase Services,4,9,moderate,5,False,False,4120,18077,62932,100,10,8,10,10,10,10,1,0.63,18077,1,Sao Tome and Principe,139,False
United Kingdom,Type F5,Quantum,ThetaBase Services,1,2,strict,1,False,False,1221,22364,22256,100,10,10,10,10,7,10,2,1.05,22364,1,Denmark,2,False
Bouvet Island (Bouvetoya),Type V5,Plasma,ThetaBase Services,2,4,strict,2,False,False,2820,24033,43839,100,10,10,10,10,10,10,1,0.67,24033,1,Uganda,45,False
Bouvet Island (Bouvetoya),Type V5,Plasma,ThetaBase Services,2,4,strict,2,False,False,2820,24033,4429,80,10,10,10,2,10,8,2,2,24033,1,Uganda,45,False
Nicaragua,Type V5,Plasma,ThetaBase Services,3,6,strict,3,False,False,8670,28828,3630,87,9,9,9,9,10,9,3,1.91,28828,1,Isle of Man,198,True
Malta,Type V5,Plasma,ThetaBase Services,2,6,strict,3,False,False,3210,1835,71122,100,10,10,10,10,10,10,2,1.18,1835,1,Ecuador,8,False
Barbados,Type V5,Plasma,ThetaBase Services,2,4,strict,2,False,False,2950,29424,76397,100,10,10,10,10,10,10,2,1.71,29424,1,Sao Tome and Principe,1,False
Micronesia,Type V5,Plasma,ThetaBase Services,2,4,moderate,2,False,False,5420,18077,64287,100,10,9,10,10,10,9,4,2.26,18077,1,Sao Tome and Principe,139,False
Micronesia,Type O3,Quantum,ThetaBase Services,1,2,flexible,1,False,False,1455,1964,14536,97,10,10,10,10,9,9,6,2.9,1964,1,Netherlands,1,False
Gambia,Type F5,Quantum,ThetaBase Services,1,2,flexible,1,True,False,1195,22634,12893,94,10,9,10,10,9,10,7,3.39,22634,1,Gambia,3,False
Gambia,Type V2,Quantum,ThetaBase Services,1,2,flexible,1,True,False,1390,38299,12350,80,10,8,10,10,8,8,1,1,38299,1,Gambia,1,False
Malta,Type V5,Quantum,ThetaBase Services,1,2,strict,1,False,False,1650,3071,36064,100,10,8,10,10,10,10,2,1.33,3071,1,Indonesia,1,False
Uzbekistan,Type V5,Quantum,ThetaBase Services,1,1,flexible,1,True,False,1585,16549,7843,100,10,10,10,10,10,10,2,1.22,16549,1,Costa Rica,1,False
Rwanda,Type V5,Plasma,ThetaBase Services,3,8,strict,4,True,False,2157,29123,37935,100,10,10,10,10,8,10,2,2,29123,1,Zimbabwe,16,True
Malta,Type G0,Plasma,ThetaBase Services,1,2,strict,1,False,False,1988,30283,75234,80,10,10,10,10,10,10,1,1,30283,1,Brazil,15,False
Barbados,Type V5,Quantum,ThetaBase Services,1,2,moderate,1,True,False,1611,455,40439,100,9,10,9,10,10,9,7,4.2,455,1,Uganda,5,False
Malta,Type V5,Quantum,ThetaBase Services,1,2,flexible,1,True,False,1325,46099,27100,80,8,7,8,9,9,8,6,3.6,46099,0.98,Uzbekistan,28,False
Malta,Type V5,Quantum,ThetaBase Services,1,2,flexible,1,True,False,1325,46099,55031,67,9,7,9,8,9,8,3,1.64,46099,0.98,Uzbekistan,28,False
Malta,Type V5,Quantum,ThetaBase Services,1,2,flexible,1,True,False,1325,46099,63314,60,7,4,7,8,7,6,5,3.66,46099,0.98,Uzbekistan,28,False
Rwanda,Type V5,Plasma,ThetaBase Services,1,3,strict,2,True,False,1767,15304,5549,100,8,10,6,10,8,10,1,1,15304,1,Korea,1,False
Guinea,Type V5,Plasma,ThetaBase Services,0,2,strict,1,True,False,2248,42471,41389,80,8,10,10,10,10,8,2,2,42471,1,Fiji,1,False
Niue,Type V5,Quantum,ThetaBase Services,1,2,flexible,0,True,False,1520,38301,24941,100,10,10,10,10,10,10,2,1.09,38301,0.9,Spain,2,False
United Kingdom,Type F5,Quantum,ThetaBase Services,1,2,flexible,4,True,False,1390,46049,19047,100,10,10,10,9,9,10,5,3.66,46049,1,El Salvador,2,False
Russian Federation,Type V2,Quantum,ThetaBase Services,1,2,strict,2,True,False,1754,36524,38987,100,10,10,10,10,9,9,6,6,36524,1,Saint Helena,8,True
Malta,Type G0,Plasma,ThetaBase Services,1,2,strict,2,False,False,2040,30283,26321,100,10,10,10,10,10,10,1,1,30283,1,Brazil,15,False
Niue,Type V5,Plasma,ThetaBase Services,0,2,moderate,0,False,False,1715,30954,71893,100,10,10,10,10,10,8,1,1,30954,1,Niue,1,False
Rwanda,Type G0,Plasma,ThetaBase Services,1,4,flexible,1,True,False,3171,3389,13863,100,10,10,10,10,10,10,1,0.88,3389,1,Estonia,13,False
Malta,Type V5,Plasma,ThetaBase Services,3,6,moderate,4,False,False,3470,64,11020,100,9,10,9,10,10,10,2,2,64,1,Marshall Islands,1,False
Barbados,Type V5,Plasma,ThetaBase Services,1,6,strict,3,False,False,3197,28848,48494,93,10,10,9,10,10,9,3,3,28848,1,Uganda,9,False
Switzerland,Type V5,Plasma,ThetaBase Services,2,3,moderate,2,True,False,1624,26261,69368,100,10,9,10,10,10,10,6,6,26261,1,Turks and Caicos Islands,1,False
Bouvet Island (Bouvetoya),Type V5,Quantum,ThetaBase Services,1,2,flexible,1,False,False,1455,37499,76962,100,10,10,10,10,10,10,4,2.45,37499,1,French Guiana,4,True
Malta,Type V5,Plasma,ThetaBase Services,1,4,flexible,2,False,False,2105,9772,10312,98,10,10,10,10,10,10,8,5.11,9772,1,Marshall Islands,3,True
Brazil,Type V5,Quantum,ThetaBase Services,1,3,flexible,2,True,False,1507,22376,13903,92,10,9,10,10,8,10,5,5,22376,1,Vanuatu,6,False
Bouvet Island (Bouvetoya),Type V5,Plasma,ThetaBase Services,1,6,flexible,1,False,False,2300,14358,60641,83,9,10,10,9,10,9,8,4.21,14358,1,Maldives,9,False
Barbados,Type V5,Plasma,ThetaBase Services,1,4,flexible,1,False,False,2170,43834,22285,100,10,10,10,10,10,10,2,2,43834,0.99,Uganda,13,False
Malta,Type F5,Plasma,ThetaBase Services,5,10,moderate,5,True,False,3457,48980,30605,96,10,10,10,10,10,9,10,5.45,48980,1,Mauritania,2,False
Micronesia,Type V5,Plasma,ThetaBase Services,1,4,strict,2,True,False,2430,13277,24285,100,10,10,10,10,10,8,2,2,13277,1,Rwanda,2,True
Bouvet Island (Bouvetoya),Type F5,Quantum,ThetaBase Services,1,2,moderate,1,True,False,1494,4005,31163,93,10,10,10,10,10,9,3,1.73,4005,1,French Guiana,2,False
Faroe Islands,Type V5,Plasma,ThetaBase Services,2,4,strict,2,False,False,1780,28828,43979,100,10,10,10,10,10,10,1,1,28828,1,Isle of Man,198,True
Micronesia,Type V5,Plasma,ThetaBase Services,1,4,flexible,2,True,False,3405,6711,45936,97,10,10,9,10,10,10,6,4.5,6711,1,Spain,3,False
Rwanda,Type V5,Plasma,ThetaBase Services,2,4,flexible,2,False,False,2950,24033,3081,40,4,10,6,8,10,4,1,1,24033,1,Uganda,45,False
Niue,Type V5,Quantum,ThetaBase Services,1,2,strict,1,False,False,1845,26524,9088,80,10,10,10,10,10,6,1,0.73,26524,1,Guinea,2,True
Sao Tome and Principe,Type V5,Plasma,ThetaBase Services,2,4,strict,2,False,False,2170,46844,40763,97,10,10,10,10,9,10,6,3.75,46844,1,Sao Tome and Principe,1,False
Rwanda,Type V5,Plasma,ThetaBase Services,2,4,strict,2,False,False,2430,24033,64235,20,2,2,4,2,6,2,1,0.91,24033,1,Uganda,45,False
Niue,Type V5,Quantum,ThetaBase Services,1,2,flexible,1,True,False,1091,47991,22267,93,9,9,9,10,9,9,8,4.62,47991,1,Niue,1,False
Barbados,Type V5,Plasma,ThetaBase Services,1,4,moderate,2,False,False,2820,5771,14547,90,10,10,10,10,10,10,4,3.08,5771,0.98,Vietnam,8,False
Rwanda,Type V5,Quantum,ThetaBase Services,1,2,strict,1,True,False,1325,8409,63352,87,9,8,9,10,8,7,3,1.61,8409,0.98,Maldives,9,False
United Kingdom,Type F5,Quantum,ThetaBase Services,1,2,flexible,2,True,False,1325,12044,23331,100,10,10,10,10,10,10,1,0.75,12044,1,Switzerland,2,False
Sao Tome and Principe,Type V5,Plasma,ThetaBase Services,2,4,moderate,2,False,False,2950,27392,20872,90,8,10,6,8,8,10,4,3.43,27392,0.9,Sao Tome and Principe,1,False
Niue,Type Z6,Plasma,ThetaBase Services,1,2,moderate,1,False,False,1520,24565,25452,100,10,10,8,9,9,9,3,3,24565,1,Anguilla,4,False
Barbados,Type V5,Plasma,ThetaBase Services,1,3,strict,1,False,False,2807,48067,26160,100,10,10,10,10,10,10,4,3,48067,1,Indonesia,1,False
Rwanda,Type F5,Plasma,ThetaBase Services,3,6,moderate,3,False,False,2560,21623,36289,100,10,10,10,10,9,10,5,4.29,21623,1,Maldives,1,False
Rwanda,Type V5,Quantum,ThetaBase Services,1,2,strict,1,True,False,1403,25046,33486,76,9,8,9,9,9,9,10,5.88,25046,1,Maldives,14,False
Anguilla,Type V5,Plasma,ThetaBase Services,1,4,strict,1,False,False,2495,20495,41809,80,6,8,4,10,10,10,1,1,20495,1,Anguilla,1,False
Nicaragua,Type V5,Plasma,ThetaBase Services,1,4,moderate,0,True,False,1767,37778,8090,80,2,6,10,10,10,10,1,1,37778,0.92,Tonga,24,False
Nicaragua,Type F5,Plasma,ThetaBase Services,4,8,moderate,3,False,False,3470,28299,17821,100,10,10,10,10,10,10,2,1.43,28299,1,Mexico,1,False
Faroe Islands,Type V5,Plasma,ThetaBase Services,1,2,flexible,1,True,False,1910,12983,40993,100,9,10,10,10,10,10,3,2.5,12983,1,Micronesia,1,False
Micronesia,Type V7,Plasma,ThetaBase Services,0,3,strict,1,False,False,2040,46953,34961,100,10,10,10,10,8,8,1,0.75,46953,1,Niger,1,False
Micronesia,Type V5,Plasma,ThetaBase Services,2,4,moderate,2,False,False,2300,43100,27546,85,10,10,10,10,10,9,4,3,43100,1,Rwanda,1,False
Sao Tome and Principe,Type F5,Quantum,ThetaBase Services,2,4,moderate,2,True,False,1845,34922,16679,93,10,10,10,10,8,9,3,2.31,34922,1,Canada,1,False
Malta,Type V5,Plasma,ThetaBase Services,1,2,moderate,1,True,False,1975,8499,12297,100,10,10,10,10,10,10,2,2,8499,1,Mauritania,1,False
Russian Federation,Type F5,Plasma,ThetaBase Services,2,4,moderate,2,False,False,2820,36081,38107,95,9,9,9,10,10,10,4,2.73,36081,1,Russian Federation,1,False
Nicaragua,Type V5,Quantum,ThetaBase Services,1,1,flexible,1,False,False,1416,9592,33342,87,9,8,9,10,10,8,3,2.43,9592,0.9,Jersey,1,False
Malta,Type F5,Plasma,ThetaBase Services,1,5,strict,3,True,False,2170,49435,53040,100,10,10,10,10,10,10,3,1.88,49435,1,Marshall Islands,6,True
Malta,Type V5,Plasma,ThetaBase Services,2,8,strict,4,True,False,3327,41546,153,60,10,10,10,10,8,6,1,1,41546,1,Mauritania,21,False
Wallis and Futuna,Type V5,Plasma,ThetaBase Services,1,2,flexible,1,False,False,1650,48530,25211,70,6,8,8,7,8,7,3,1.76,48530,1,Malta,1,True
United Kingdom,Type V2,Quantum,ThetaBase Services,1,2,flexible,1,True,False,1780,39919,19721,84,10,8,10,10,9,8,5,3.66,39919,0.9,Guinea,3,True
Rwanda,Type V5,Plasma,ThetaBase Services,1,4,strict,2,True,False,2027,43127,34455,93,9,9,9,10,9,9,6,3.83,43127,1,Maldives,1,False
Rwanda,Type V5,Plasma,ThetaBase Services,1,4,flexible,1,True,False,2690,26957,74993,100,10,10,10,10,10,10,3,1.7,26957,1,Uzbekistan,1,False
Wallis and Futuna,Type F5,Quantum,ThetaBase Services,1,2,flexible,1,False,False,1390,13815,11698,100,10,10,10,10,10,10,5,4.05,13815,1,Malta,1,True
Marshall Islands,Type V5,Quantum,ThetaBase Services,1,1,flexible,1,False,False,1130,38112,54635,100,10,10,10,8,10,10,1,1,38112,1,Malta,1,False
Barbados,Type V5,Quantum,ThetaBase Services,1,1,strict,1,False,False,1520,23143,76090,100,10,10,10,10,10,10,1,1,23143,0.65,Bouvet Island (Bouvetoya),14,False
Barbados,Type V5,Plasma,ThetaBase Services,2,4,moderate,2,True,False,4497,6654,44988,100,10,10,10,10,10,10,13,8.13,6654,1,Tonga,3,False
Micronesia,Type V5,Plasma,ThetaBase Services,2,4,flexible,2,True,False,2950,49103,33321,100,10,10,10,10,10,10,2,1.22,49103,0.8,Rwanda,5,False
Russian Federation,Type V2,Quantum,ThetaBase Services,1,2,strict,1,True,False,1884,36524,73674,100,10,10,10,10,10,10,6,6,36524,1,Saint Helena,8,True
Sao Tome and Principe,Type V5,Quantum,ThetaBase Services,1,3,moderate,1,True,False,2040,41986,57769,100,10,10,10,10,9,10,6,3.46,41986,1,Congo,1,True
Sao Tome and Principe,Type V5,Quantum,ThetaBase Services,1,1,flexible,1,True,False,1520,36595,14644,100,10,10,10,10,10,10,3,2.05,36595,1,Netherlands Antilles,2,False
Nicaragua,Type V5,Quantum,ThetaBase Services,1,2,flexible,1,False,False,1377,16550,64067,95,10,10,10,10,10,10,8,5.85,16550,1,Isle of Man,1,False
Chad,Type W5,Plasma,ThetaBase Services,1,4,flexible,2,False,False,1910,10540,69030,80,10,10,10,10,10,8,1,0.79,10540,1,Togo,1,False
United Kingdom,Type F5,Quantum,ThetaBase Services,1,2,moderate,2,False,False,1325,2883,23344,100,10,10,10,10,10,10,1,1,2883,1,Tanzania,2,False
Kiribati,Type V5,Quantum,ThetaBase Services,1,2,strict,1,False,False,1221,15957,36412,100,10,10,10,10,9,10,4,2.86,15957,1,Nicaragua,1,False
Bouvet Island (Bouvetoya),Type V5,Quantum,ThetaBase Services,1,2,strict,1,False,False,1390,28278,8755,100,10,10,10,10,10,10,5,5,28278,0.9,Chile,1,True
Pakistan,Type V5,Quantum,ThetaBase Services,1,1,strict,0,False,False,1182,21005,35624,100,10,10,10,10,8,10,1,0.83,21005,1,Cocos (Keeling) Islands,1,False
Rwanda,Type V5,Plasma,ThetaBase Services,1,6,flexible,2,False,False,2560,45592,37555,80,9,7,9,10,10,7,3,1.91,45592,1,Maldives,2,True
Barbados,Type V5,Plasma,ThetaBase Services,1,2,strict,0,False,False,2170,24033,38992,100,10,10,10,10,10,10,1,0.88,24033,1,Uganda,45,False
Micronesia,Type V5,Plasma,ThetaBase Services,0,2,strict,1,False,False,2820,5047,75013,93,10,9,10,10,10,9,3,2.65,5047,1,Niger,1,False
Barbados,Type V5,Plasma,ThetaBase Services,3,7,strict,5,True,False,2157,20411,24330,92,9,10,10,10,10,9,5,3.66,20411,1,Pakistan,4,True
Rwanda,Type V5,Quantum,ThetaBase Services,1,2,strict,1,False,False,1455,20650,12824,80,10,6,10,10,8,6,1,0.88,20650,1,Uzbekistan,3,True
Bouvet Island (Bouvetoya),Type V5,Quantum,ThetaBase Services,1,2,strict,1,True,False,1312,40453,3673,100,10,10,10,10,10,10,1,0.64,40453,1,French Guiana,1,False
Rwanda,Type V5,Plasma,ThetaBase Services,1,2,moderate,1,False,False,2690,12379,60947,89,9,10,8,9,10,9,7,6.36,12379,1,Estonia,1,False
Russian Federation,Type V5,Plasma,ThetaBase Services,1,6,moderate,3,False,False,2820,23465,22020,100,10,10,9,10,10,10,9,5.87,23465,1,Tonga,1,False
Sao Tome and Principe,Type V5,Quantum,ThetaBase Services,1,2,moderate,1,True,False,1624,12020,6036,100,10,10,10,10,10,10,6,3.83,12020,1,Congo,4,True
Rwanda,Type V5,Quantum,ThetaBase Services,1,2,flexible,1,True,False,1260,32001,29876,98,10,10,10,10,9,10,8,5.85,32001,1,Svalbard & Jan Mayen Islands,2,True
Barbados,Type V2,Quantum,ThetaBase Services,1,1,flexible,0,False,False,1390,44077,45469,100,10,10,10,10,10,10,1,1,44077,0.57,Djibouti,1,False
Rwanda,Type V5,Plasma,ThetaBase Services,1,4,strict,1,True,False,2885,13641,68618,95,10,10,10,10,10,9,4,3.64,13641,0.85,Mauritania,23,False
Costa Rica,Type V5,Plasma,ThetaBase Services,1,2,strict,1,True,False,1650,19905,26266,93,10,10,9,6,9,9,3,3,19905,0.97,Monaco,8,False
Malta,Type V5,Plasma,ThetaBase Services,2,6,strict,2,False,False,13870,12173,8088,95,9,9,9,9,10,9,4,3.08,12173,1,Uganda,9,False
Malta,Type V5,Plasma,ThetaBase Services,1,4,strict,1,False,False,13870,12173,10169,100,10,10,10,10,10,10,1,0.86,12173,1,Uganda,9,False
Malta,Type V5,Plasma,ThetaBase Services,2,6,strict,2,False,False,13870,12173,76257,100,10,10,10,10,10,10,1,0.65,12173,1,Uganda,9,False
United Kingdom,Type V5,Plasma,ThetaBase Services,3,6,strict,3,False,False,2404,48869,2480,80,10,10,6,8,10,10,1,0.73,48869,1,Slovakia (Slovak Republic),22,False
Niue,Type V5,Plasma,ThetaBase Services,0,4,flexible,2,True,False,1910,33372,22257,92,10,9,10,10,9,10,12,7.83,33372,1,Guinea,22,True
Malta,Type V5,Plasma,ThetaBase Services,2,6,strict,4,True,False,2404,27652,52781,98,10,10,10,10,9,10,9,5.63,27652,1,El Salvador,5,False
Barbados,Type V5,Plasma,ThetaBase Services,1,4,flexible,1,False,False,2157,29054,47681,100,10,9,10,10,10,10,2,1.28,29054,1,Montserrat,1,True
Barbados,Type V5,Plasma,ThetaBase Services,2,4,strict,3,False,False,2690,28828,2339,67,10,9,6,8,9,9,9,7.94,28828,1,Isle of Man,198,True
Niue,Type V5,Plasma,ThetaBase Services,1,5,flexible,2,True,False,2560,35685,69760,97,10,10,10,10,10,10,7,4.77,35685,1,Niue,1,False
Barbados,Type V5,Plasma,ThetaBase Services,2,8,moderate,4,True,False,4120,19831,34560,100,10,10,10,10,10,10,1,1,19831,1,Reunion,2,False
Nicaragua,Type V5,Plasma,ThetaBase Services,2,6,flexible,3,True,False,4510,20165,53682,100,10,10,10,10,10,10,2,2,20165,0.94,Ukraine,30,False
Niue,Type V5,Plasma,ThetaBase Services,1,2,moderate,2,True,False,1910,40338,50999,94,10,9,10,10,10,9,7,7,40338,1,Niue,1,False
Barbados,Type V5,Plasma,ThetaBase Services,1,4,moderate,2,True,False,2430,47077,12699,95,10,10,10,10,10,9,4,3.53,47077,1,Bouvet Island (Bouvetoya),2,False
Malta,Type V5,Plasma,ThetaBase Services,2,6,strict,5,True,False,2820,48113,58229,100,9,10,9,10,10,10,3,2.37,48113,1,Marshall Islands,1,False
Uzbekistan,Type V5,Plasma,ThetaBase Services,2,4,strict,2,False,False,2560,43008,10136,100,10,10,10,10,10,10,1,1,43008,0.98,Costa Rica,5,False
Rwanda,Type V5,Plasma,ThetaBase Services,0,2,strict,1,True,False,2105,43008,41858,100,10,10,10,10,10,9,2,2,43008,0.98,Costa Rica,5,False
Rwanda,Type V5,Plasma,ThetaBase Services,0,2,strict,1,True,False,2040,43008,7302,90,10,10,9,10,10,10,4,3.33,43008,0.98,Costa Rica,5,False
Barbados,Type V5,Plasma,ThetaBase Services,1,2,flexible,1,True,False,2157,43834,10476,100,10,10,10,10,10,9,4,2.79,43834,0.99,Uganda,13,False
Nicaragua,Type V5,Plasma,ThetaBase Services,1,3,strict,2,False,False,2157,44347,67717,60,6,8,8,8,10,6,3,3,44347,0.88,Wallis and Futuna,2,False
Barbados,Type V5,Plasma,ThetaBase Services,1,3,strict,2,False,False,2547,44347,16178,40,4,4,6,4,10,6,1,1,44347,0.88,Wallis and Futuna,2,False
Russian Federation,Type V5,Plasma,ThetaBase Services,3,4,flexible,3,False,False,2560,35654,57487,88,10,8,10,10,10,10,5,3.49,35654,1,Russian Federation,1,True
United Kingdom,Type V5,Plasma,ThetaBase Services,1,2,moderate,1,False,False,2430,6603,18289,70,8,6,9,10,10,7,2,2,6603,1,Gibraltar,1,False
Russian Federation,Type V5,Quantum,ThetaBase Services,1,2,flexible,1,False,False,1520,7333,35547,95,10,10,10,10,10,10,4,3.53,7333,1,Russian Federation,1,False
Micronesia,Type V5,Plasma,ThetaBase Services,1,2,moderate,1,False,False,2430,22961,18225,98,10,9,9,9,10,10,8,6,22961,1,Niger,1,False
Anguilla,Type F5,Quantum,ThetaBase Services,1,2,strict,1,True,False,1286,8983,45740,93,9,10,10,10,10,10,3,2.2,8983,1,Anguilla,7,False
Niue,Type V5,Quantum,ThetaBase Services,1,2,flexible,2,True,False,1455,11789,14096,100,10,10,10,10,10,10,8,5.85,11789,1,Niue,1,False
Niue,Type F5,Quantum,ThetaBase Services,1,2,moderate,1,True,False,1260,27875,56233,100,10,10,10,10,8,10,2,2,27875,1,Guinea,1,False
Barbados,Type F5,Plasma,ThetaBase Services,4,12,strict,7,True,False,6720,15385,46939,100,10,10,10,10,10,10,1,1,15385,1,Cook Islands,3,False
Isle of Man,Type F5,Quantum,ThetaBase Services,1,2,flexible,4,True,False,1260,274,41698,90,9,8,10,10,8,10,2,1.54,274,0.9,Togo,2,False
Niue,Type V5,Plasma,ThetaBase Services,2,4,flexible,2,True,False,2300,4360,29779,100,10,10,10,10,10,10,3,3,4360,1,Guinea,1,False
Bouvet Island (Bouvetoya),Type V5,Nuclear,ThetaBase Services,1,1,flexible,1,True,False,1065,28156,69730,93,10,9,10,9,10,10,12,7.83,28156,1,Lebanon,2,False
Bouvet Island (Bouvetoya),Type F5,Quantum,ThetaBase Services,1,2,moderate,1,True,False,1325,22118,13281,100,10,9,10,10,10,10,4,3.24,22118,1,Chad,1,True
Micronesia,Type V5,Plasma,ThetaBase Services,3,6,moderate,3,False,False,3197,42097,15412,86,10,8,9,10,10,9,7,5.83,42097,1,Kenya,1,False
Barbados,Type V5,Plasma,ThetaBase Services,1,4,strict,1,False,False,3145,9354,9822,75,8,8,9,10,10,7,4,2.73,9354,1,Spain,12,False
Niue,Type V5,Plasma,ThetaBase Services,2,6,flexible,3,True,False,2105,8749,14041,95,10,10,10,10,9,10,4,2.73,8749,1,Niue,1,False
Anguilla,Type F5,Quantum,ThetaBase Services,1,1,strict,1,True,False,1247,8983,1830,68,7,6,8,9,10,7,5,3.85,8983,1,Anguilla,7,False
Bouvet Island (Bouvetoya),Type V5,Plasma,ThetaBase Services,1,8,moderate,1,True,False,3145,47046,76281,100,10,8,10,10,8,10,1,1,47046,1,Lebanon,9,False
Indonesia,Type F5,Quantum,ThetaBase Services,1,2,flexible,1,False,False,1273,16341,30894,96,10,9,10,10,9,10,5,4.05,16341,0.9,France,1,True
Costa Rica,Type V5,Quantum,ThetaBase Services,1,4,flexible,1,True,False,1715,7724,49255,90,9,10,10,10,9,9,4,2.93,7724,1,Uzbekistan,1,False
United Kingdom,Type F5,Plasma,ThetaBase Services,4,5,flexible,4,False,False,2690,8703,3310,90,9,9,10,10,9,9,6,4.86,8703,0.9,Andorra,1,False
Estonia,Type V5,Plasma,ThetaBase Services,1,4,strict,3,True,False,1715,44169,36512,85,10,9,10,10,8,9,4,3,44169,0.97,Portugal,39,False
Barbados,Type V5,Plasma,ThetaBase Services,1,4,moderate,2,False,False,2495,9331,55803,100,10,10,10,10,10,10,1,1,9331,1,Suriname,2,False
Micronesia,Type V5,Plasma,ThetaBase Services,0,2,flexible,0,True,False,2105,50051,43377,90,9,9,10,10,10,10,2,2,50051,1,Netherlands,5,True
Micronesia,Type V5,Plasma,ThetaBase Services,0,2,strict,2,True,False,2430,21240,6544,60,10,8,10,10,10,6,1,1,21240,0.94,Niger,130,False
Sao Tome and Principe,Type V5,Plasma,ThetaBase Services,2,4,flexible,2,True,False,3470,36595,17529,100,10,10,10,10,6,8,1,1,36595,1,Netherlands Antilles,2,False
Micronesia,Type V5,Plasma,ThetaBase Services,0,2,strict,0,True,False,2430,21240,73055,87,9,7,10,10,10,9,3,3,21240,0.94,Niger,130,False
Micronesia,Type V5,Plasma,ThetaBase Services,0,2,strict,2,True,False,2430,21240,15009,100,9,10,10,9,9,8,2,2,21240,0.94,Niger,130,False
Micronesia,Type V5,Plasma,ThetaBase Services,0,2,strict,2,True,False,2430,21240,31793,80,10,10,10,10,10,8,1,1,21240,0.94,Niger,130,False
Micronesia,Type V5,Plasma,ThetaBase Services,0,2,strict,2,True,False,2430,21240,13388,90,7,8,9,9,9,8,2,2,21240,0.94,Niger,130,False
Micronesia,Type V5,Plasma,ThetaBase Services,0,2,strict,2,True,False,2430,21240,48475,80,10,10,10,10,10,8,1,1,21240,0.94,Niger,130,False
Micronesia,Type G0,Plasma,ThetaBase Services,1,2,strict,1,True,False,3405,11567,74102,100,10,10,10,10,10,10,1,1,11567,1,Niger,31,True
Mexico,Type F5,Plasma,ThetaBase Services,1,2,moderate,1,False,False,1520,14035,22492,85,9,10,10,10,9,9,4,4,14035,0.94,Greenland,1,False
Micronesia,Type V5,Plasma,ThetaBase Services,0,2,strict,1,False,False,2157,49076,62708,100,10,10,10,10,10,10,4,4,49076,0.97,Kenya,12,True
Costa Rica,Type V5,Plasma,ThetaBase Services,2,6,strict,2,True,False,2105,14921,26534,100,10,10,10,10,10,10,1,1,14921,1,Micronesia,2,False
United Kingdom,Type F5,Quantum,ThetaBase Services,1,2,strict,1,True,False,1260,27021,59670,100,10,8,10,10,10,10,1,0.86,27021,1,Denmark,1,False
Niue,Type V5,Quantum,ThetaBase Services,1,2,flexible,1,False,False,1637,17172,70462,100,10,10,10,10,10,10,1,1,17172,1,Niue,1,False
United Kingdom,Type V5,Quantum,ThetaBase Services,1,2,strict,1,False,False,1156,11687,75506,100,10,10,10,10,10,10,8,7.06,11687,1,Tanzania,2,False
United Kingdom,Type F5,Plasma,ThetaBase Services,2,4,strict,2,False,False,1780,40940,67606,100,10,10,10,10,10,10,2,2,40940,1,Malta,2,False
United Kingdom,Type V5,Plasma,ThetaBase Services,2,4,strict,2,False,False,2755,5128,52344,100,10,10,10,10,10,10,1,1,5128,1,Tunisia,2,True
Barbados,Type V5,Plasma,ThetaBase Services,2,4,moderate,2,False,False,7370,45808,40710,100,10,10,8,9,10,10,6,4,45808,1,Uganda,1,False
Rwanda,Type V5,Quantum,ThetaBase Services,1,2,flexible,1,True,False,1520,34410,58390,100,10,10,10,10,10,9,8,5.58,34410,1,Maldives,1,False
Barbados,Type V5,Plasma,ThetaBase Services,1,2,moderate,1,False,False,2040,41836,7652,80,10,8,10,10,10,8,1,1,41836,1,Tonga,1,False
Uzbekistan,Type V5,Plasma,ThetaBase Services,1,2,flexible,1,False,False,1689,11612,17147,93,10,9,9,10,9,9,9,6.43,11612,1,Kiribati,1,False
Malta,Type V5,Plasma,ThetaBase Services,1,2,strict,1,True,False,2040,26285,35759,90,10,10,10,8,9,10,2,2,26285,0.94,Senegal,9,False
Bouvet Island (Bouvetoya),Type V5,Plasma,ThetaBase Services,2,6,flexible,2,True,False,3080,41024,28022,93,9,10,9,10,9,9,3,3,41024,0.95,Uzbekistan,2,False
United Kingdom,Type V5,Plasma,ThetaBase Services,2,5,strict,2,False,False,2560,9354,43252,100,10,10,10,10,10,10,1,1,9354,1,Spain,12,False
Barbados,Type F5,Plasma,ThetaBase Services,3,9,strict,3,False,False,5420,33823,28049,100,10,10,10,10,10,10,1,1,33823,0.78,France,17,True
Russian Federation,Type V5,Quantum,ThetaBase Services,1,2,flexible,2,False,False,1429,29707,28230,80,10,10,10,10,10,10,2,1.5,29707,0.67,Gambia,1,False
Nicaragua,Type V5,Plasma,"Banks, Wood and Phillips",1,4,strict,1,True,False,1507,4446,11900,100,10,10,10,10,10,10,1,1,4446,1,Uganda,58,False
Barbados,Type F5,Plasma,ThetaBase Services,3,6,flexible,4,False,False,4380,48529,51794,100,10,10,10,10,10,10,2,1.62,48529,1,Tonga,1,False
Niue,Type V2,Plasma,ThetaBase Services,4,8,strict,4,False,False,3457,16028,41074,100,10,10,10,10,10,10,1,1,16028,1,Niue,1,False
Barbados,Type V5,Plasma,ThetaBase Services,1,3,flexible,2,True,False,1910,34660,22600,60,10,10,10,7,9,7,2,1.71,34660,1,Reunion,1,False
Micronesia,Type V5,Plasma,ThetaBase Services,1,4,strict,1,True,False,1533,4446,23183,60,10,10,10,10,10,6,1,1,4446,1,Uganda,58,False
Costa Rica,Type V5,Quantum,ThetaBase Services,1,1,flexible,1,False,False,1260,22129,6257,80,10,10,10,10,10,10,1,0.88,22129,1,Moldova,1,False
Russian Federation,Type V5,Plasma,ThetaBase Services,2,5,moderate,3,False,False,2378,28527,35590,100,10,10,10,10,10,8,1,1,28527,1,Russian Federation,1,True
Micronesia,Type V5,Nuclear,ThetaBase Services,1,2,flexible,1,True,False,1845,48502,60894,93,10,10,10,10,10,9,6,4.39,48502,1,Nicaragua,11,True
United Kingdom,Type W5,Quantum,ThetaBase Services,1,1,flexible,1,False,False,1195,43360,52958,100,10,10,10,10,6,10,1,1,43360,1,Denmark,2,False
Nicaragua,Type V5,Plasma,ThetaBase Services,1,4,moderate,2,True,False,3730,18499,865,60,4,4,6,8,8,4,1,1,18499,1,Saint Helena,5,False
Russian Federation,Type V5,Quantum,ThetaBase Services,1,2,strict,1,True,False,1845,18168,36891,93,10,9,9,9,10,9,6,6,18168,0.95,Ecuador,3,False
Rwanda,Type V5,Plasma,ThetaBase Services,1,2,moderate,1,False,False,2170,49858,39903,100,10,10,7,10,8,9,2,2,49858,1,Estonia,1,False
Barbados,Type V5,Plasma,ThetaBase Services,0,2,flexible,1,True,False,2105,6711,36126,92,10,10,10,10,10,9,5,5,6711,1,Spain,3,False
Russian Federation,Type V5,Plasma,ThetaBase Services,1,2,flexible,1,True,False,1715,36931,44765,100,10,10,10,10,10,10,2,1.82,36931,1,Russian Federation,2,False
Brazil,Type V5,Quantum,ThetaBase Services,1,2,flexible,1,False,False,1364,37615,21508,100,10,10,10,10,10,10,1,0.91,37615,1,Vanuatu,1,False
Isle of Man,Type V5,Plasma,ThetaBase Services,1,2,strict,1,True,False,1715,48806,67458,100,10,10,10,10,10,9,2,2,48806,1,Togo,1,False
Russian Federation,Type V5,Plasma,ThetaBase Services,1,3,strict,1,True,False,1546,15723,59623,80,10,8,10,10,10,9,2,2,15723,1,Gambia,1,False
Gambia,Type V2,Quantum,ThetaBase Services,1,1,moderate,1,False,False,1104,12357,7472,90,9,9,9,10,8,9,2,2,12357,1,Gambia,4,False
Rwanda,Type O3,Quantum,ThetaBase Services,1,1,flexible,1,True,False,1325,226,54637,80,9,7,9,10,10,9,2,2,226,1,Maldives,2,False
Faroe Islands,Type V5,Plasma,ThetaBase Services,1,4,strict,2,False,False,1793,1300,75489,80,10,10,10,10,10,10,1,1,1300,1,Micronesia,1,False
Malta,Type F5,Quantum,ThetaBase Services,7,2,moderate,9,True,False,1455,37778,15598,40,4,2,2,4,4,4,1,1,37778,0.92,Tonga,24,False
Malta,Type V5,Plasma,ThetaBase Services,1,2,moderate,1,False,False,2300,22675,22291,100,10,10,10,10,10,10,1,1,22675,1,Indonesia,1,False
Barbados,Type V5,Plasma,ThetaBase Services,0,2,strict,1,False,False,1897,4330,34308,93,9,9,9,10,10,9,3,3,4330,0.94,Ukraine,60,True
Rwanda,Type O3,Quantum,ThetaBase Services,1,2,flexible,1,True,False,1585,48443,69086,60,7,6,8,8,9,7,2,2,48443,1,Maldives,1,False
Bouvet Island (Bouvetoya),Type F5,Quantum,ThetaBase Services,1,2,strict,1,True,False,1520,7927,47012,60,8,8,10,10,10,6,1,1,7927,1,Chad,1,False
Sao Tome and Principe,Type V7,Plasma,ThetaBase Services,2,4,strict,2,False,False,2040,5357,31606,100,10,10,10,10,10,10,1,1,5357,0.95,Sao Tome and Principe,1,False
United Kingdom,Type V5,Quantum,ThetaBase Services,1,2,moderate,1,True,False,1455,38484,41977,90,10,8,10,10,9,10,2,2,38484,1,Senegal,2,False
Russian Federation,Type V5,Plasma,ThetaBase Services,2,5,strict,1,True,False,2820,35219,15150,90,10,10,10,10,10,9,3,3,35219,0.97,Tonga,4,False
Uzbekistan,Type V5,Quantum,ThetaBase Services,1,2,flexible,1,False,False,1910,29220,1582,100,10,10,10,10,10,10,1,1,29220,0.5,Costa Rica,1,True
Barbados,Type V5,Quantum,ThetaBase Services,1,2,flexible,0,False,False,1520,37778,68988,100,10,10,10,10,10,10,1,1,37778,0.92,Tonga,24,False
Barbados,Type V5,Plasma,ThetaBase Services,2,4,moderate,2,False,False,1975,30286,74809,20,2,2,2,2,2,2,1,0.79,30286,1,Montserrat,39,False
Rwanda,Type V7,Plasma,ThetaBase Services,1,2,strict,1,False,False,1832,2854,26315,95,10,10,10,10,10,10,4,4,2854,1,Venezuela,1,False
Malta,Type V5,Plasma,ThetaBase Services,1,4,flexible,2,False,False,1897,37280,38056,100,9,9,10,9,9,9,3,3,37280,1,Indonesia,4,True
United Kingdom,Type V2,Quantum,ThetaBase Services,1,2,flexible,1,True,False,1390,15989,44345,100,10,10,10,10,10,10,1,1,15989,1,Palestinian Territory,1,True
United Kingdom,Type F5,Quantum,ThetaBase Services,0,2,moderate,1,True,False,1455,13402,61766,80,10,10,10,10,4,8,1,1,13402,1,Tanzania,1,False
Russian Federation,Type V5,Plasma,ThetaBase Services,1,2,strict,2,False,False,1910,28828,46983,100,10,10,10,10,10,10,1,1,28828,1,Isle of Man,198,True
United Kingdom,Type F5,Quantum,ThetaBase Services,1,2,flexible,1,True,False,1325,46049,64848,100,10,10,10,10,10,10,2,2,46049,1,El Salvador,2,False
Malta,Type V5,Plasma,ThetaBase Services,1,4,flexible,1,True,False,3080,3112,76359,100,10,10,10,10,10,10,1,0.88,3112,0.94,Indonesia,25,False
Micronesia,Type G0,Plasma,ThetaBase Services,2,4,flexible,3,True,False,3210,21240,1513,80,6,8,10,8,10,10,1,1,21240,0.94,Niger,130,False
Micronesia,Type G0,Plasma,ThetaBase Services,2,4,flexible,2,True,False,2885,21240,74319,40,6,2,8,6,10,4,1,1,21240,0.94,Niger,130,False
Russian Federation,Type V5,Plasma,ThetaBase Services,2,5,strict,3,True,False,2950,13641,56336,100,10,10,10,10,10,10,1,1,13641,0.85,Mauritania,23,False
United Kingdom,Type V5,Quantum,ThetaBase Services,1,2,flexible,1,True,False,1195,45795,16484,100,10,10,10,10,10,10,2,1.62,45795,0.75,Denmark,1,False
Nicaragua,Type V5,Plasma,ThetaBase Services,3,5,strict,0,True,False,4770,36731,43244,100,10,10,10,10,10,10,3,2.37,36731,1,Nicaragua,7,False
Malta,Type V2,Quantum,ThetaBase Services,1,2,strict,1,True,False,1455,26883,1571,97,10,9,10,10,9,10,6,5.29,26883,1,Guernsey,2,True
Barbados,Type O3,Quantum,ThetaBase Services,1,3,strict,2,True,False,1780,41518,63749,100,10,10,10,10,10,8,1,1,41518,1,Montserrat,13,True
Barbados,Type O3,Quantum,ThetaBase Services,1,3,strict,1,True,False,2040,41518,63530,100,10,10,8,10,10,10,3,3,41518,1,Montserrat,13,True
Sao Tome and Principe,Type G0,Quantum,ThetaBase Services,1,2,flexible,1,True,False,1377,43097,35217,40,4,2,6,2,8,6,1,1,43097,0.93,Sao Tome and Principe,4,False
Malta,Type V2,Quantum,ThetaBase Services,1,1,strict,1,True,False,1247,26883,24985,100,10,10,10,10,8,8,1,1,26883,1,Guernsey,2,True
Sao Tome and Principe,Type G0,Quantum,ThetaBase Services,1,2,flexible,1,True,False,1377,43097,11206,89,9,7,10,10,9,9,7,5.83,43097,0.93,Sao Tome and Principe,4,False
Sao Tome and Principe,Type G0,Quantum,ThetaBase Services,1,2,flexible,1,True,False,1390,43097,42285,70,7,6,8,7,9,7,2,1.76,43097,0.93,Sao Tome and Principe,4,False
Bouvet Island (Bouvetoya),Type V5,Plasma,ThetaBase Services,1,2,strict,1,True,False,1845,48475,4267,100,10,10,10,10,10,10,2,2,48475,1,Lebanon,1,False
Costa Rica,Type V5,Quantum,ThetaBase Services,1,2,moderate,1,True,False,1325,14218,52228,94,9,8,10,10,8,9,7,7,14218,1,Uzbekistan,1,False
Sao Tome and Principe,Type G0,Quantum,ThetaBase Services,1,2,flexible,1,True,False,1364,43097,35646,90,9,8,10,10,9,9,6,5.14,43097,0.93,Sao Tome and Principe,4,False
Micronesia,Type V5,Plasma,ThetaBase Services,1,4,flexible,2,True,False,2495,9772,2609,100,10,10,9,10,10,9,3,3,9772,1,Marshall Islands,3,True
Russian Federation,Type G0,Plasma,ThetaBase Services,1,3,strict,2,False,False,2170,38680,33944,100,10,10,10,10,10,10,1,0.86,38680,1,Tonga,1,False
Bouvet Island (Bouvetoya),Type F5,Quantum,ThetaBase Services,1,2,flexible,1,True,False,1338,44948,60245,90,9,8,10,10,9,9,2,2,44948,1,Chad,3,False
Pakistan,Type V5,Quantum,ThetaBase Services,3,6,strict,3,True,False,1637,24626,76553,100,10,10,10,10,10,9,2,2,24626,1,Cocos (Keeling) Islands,3,False
Brazil,Type V5,Plasma,ThetaBase Services,0,3,flexible,2,True,False,2950,16733,62387,100,10,10,10,10,10,10,1,1,16733,1,Vanuatu,1,False
Barbados,Type V5,Plasma,ThetaBase Services,2,6,strict,3,False,False,4770,3314,36221,100,10,10,10,10,10,10,7,7,3314,1,Slovakia (Slovak Republic),10,False
Russian Federation,Type V5,Plasma,ThetaBase Services,2,4,strict,2,False,False,2560,24033,1461,60,8,8,10,10,10,10,1,1,24033,1,Uganda,45,False
Russian Federation,Type V5,Plasma,ThetaBase Services,2,6,strict,3,True,False,2547,33793,16492,100,10,10,10,10,10,10,1,1,33793,1,Russian Federation,2,False
Kiribati,Type V5,Plasma,ThetaBase Services,1,2,flexible,1,True,False,1845,10058,19692,90,8,9,9,9,10,10,2,2,10058,1,Nicaragua,1,False
Bouvet Island (Bouvetoya),Type F5,Quantum,ThetaBase Services,1,2,flexible,2,True,False,1390,19777,10095,100,10,10,10,10,9,9,4,4,19777,1,French Guiana,1,False
Malta,Type V5,Plasma,ThetaBase Services,1,3,strict,2,True,False,2300,36363,11581,100,10,10,9,10,9,10,4,3.64,36363,0.82,Marshall Islands,5,False
Barbados,Type V5,Plasma,ThetaBase Services,2,4,moderate,2,False,False,3340,18077,64516,100,10,10,10,10,10,10,2,2,18077,1,Sao Tome and Principe,139,False
Barbados,Type F5,Plasma,ThetaBase Services,2,6,strict,2,False,False,5420,18886,26189,100,10,10,10,10,10,8,2,1.71,18886,0.95,Vietnam,3,True
Mexico,Type V5,Plasma,ThetaBase Services,2,6,strict,2,False,False,1715,42878,14749,90,8,8,9,10,8,8,2,2,42878,1,Greenland,1,False
Guinea,Type V5,Plasma,ThetaBase Services,2,4,flexible,2,False,False,3145,7078,43441,100,10,10,10,10,10,10,1,1,7078,1,Fiji,1,False
Russian Federation,Type V5,Quantum,ThetaBase Services,1,3,strict,2,True,False,1442,37043,15205,90,9,9,9,8,10,10,2,2,37043,1,Pakistan,11,False
Pakistan,Type E3,Plasma,ThetaBase Services,1,2,flexible,1,True,False,1572,47778,14671,100,9,9,10,10,10,10,2,2,47778,1,Cocos (Keeling) Islands,1,False
Sao Tome and Principe,Type F5,Quantum,ThetaBase Services,1,2,flexible,1,False,False,1377,20020,28817,100,10,10,10,10,10,10,4,3.64,20020,1,Sao Tome and Principe,2,True
Bouvet Island (Bouvetoya),Type F5,Quantum,ThetaBase Services,1,2,flexible,1,True,False,1325,34057,7963,100,10,10,10,10,10,10,2,2,34057,1,Lebanon,1,False
Rwanda,Type V5,Quantum,ThetaBase Services,0,2,strict,1,True,False,2430,8409,8181,80,8,8,10,10,8,10,1,1,8409,0.98,Maldives,9,False
United Kingdom,Type F5,Quantum,ThetaBase Services,1,4,flexible,4,True,False,1130,20835,461,87,10,6,10,10,10,9,3,3,20835,1,Gibraltar,3,False
Costa Rica,Type V5,Plasma,ThetaBase Services,2,3,flexible,2,False,False,1520,43415,710,100,10,10,10,10,9,10,3,3,43415,1,Gambia,1,False
Indonesia,Type V5,Quantum,ThetaBase Services,1,2,moderate,1,False,False,1338,29447,8998,90,10,10,9,10,10,10,4,4,29447,1,Faroe Islands,1,True
Nicaragua,Type V5,Quantum,ThetaBase Services,1,2,strict,1,True,False,1455,41719,6449,93,10,10,10,10,9,9,9,9,41719,1,Cape Verde,4,False
Barbados,Type V5,Plasma,ThetaBase Services,3,9,strict,4,False,False,4315,3314,77076,100,10,10,10,10,10,8,1,1,3314,1,Slovakia (Slovak Republic),10,False
Nicaragua,Type V5,Quantum,ThetaBase Services,1,3,strict,2,True,False,1585,41719,57337,100,10,10,10,10,10,10,2,2,41719,1,Cape Verde,4,False
Micronesia,Type V5,Plasma,ThetaBase Services,0,2,flexible,0,False,False,2040,43834,21889,100,10,10,10,10,10,10,4,4,43834,0.99,Uganda,13,False
Malta,Type F5,Plasma,ThetaBase Services,1,5,strict,3,True,False,2729,49435,63248,20,2,4,4,2,10,4,1,1,49435,1,Marshall Islands,6,True
Estonia,Type V5,Plasma,ThetaBase Services,0,4,strict,2,True,False,1624,44169,47632,100,10,10,10,10,10,10,1,1,44169,0.97,Portugal,39,False
Barbados,Type V5,Quantum,ThetaBase Services,1,2,strict,1,False,False,1780,41518,21816,100,10,10,10,10,10,9,3,3,41518,1,Montserrat,13,True
Barbados,Type V5,Quantum,ThetaBase Services,1,2,strict,1,False,False,1910,41518,14964,100,10,10,10,10,10,10,1,1,41518,1,Montserrat,13,True
Russian Federation,Type V5,Plasma,ThetaBase Services,2,6,moderate,2,True,False,2430,34763,25834,73,7,8,7,7,5,7,3,3,34763,1,Russian Federation,4,False
Nicaragua,Type V5,Quantum,ThetaBase Services,1,2,flexible,1,False,False,1520,39711,29794,100,10,10,10,10,10,10,1,1,39711,1,Estonia,1,False
Nicaragua,Type V5,Plasma,ThetaBase Services,1,4,strict,2,True,False,2547,38406,42634,84,9,9,9,8,8,9,5,5,38406,0.96,Russian Federation,6,True
Malta,Type V5,Plasma,ThetaBase Services,2,4,moderate,2,False,False,2170,39637,76614,95,10,10,9,10,9,10,4,4,39637,1,Niue,1,False
Malta,Type F5,Plasma,ThetaBase Services,4,8,moderate,5,False,False,2768,6736,28819,87,9,8,10,10,9,9,3,3,6736,1,El Salvador,1,False
Rwanda,Type V5,Plasma,ThetaBase Services,2,4,moderate,3,True,False,2287,49542,14073,100,10,10,10,10,10,10,1,1,49542,1,Turkmenistan,2,False
Barbados,Type V5,Plasma,ThetaBase Services,1,2,moderate,0,False,False,2300,40557,32403,90,9,9,10,9,6,9,2,2,40557,1,Kenya,2,False
Nicaragua,Type V5,Plasma,ThetaBase Services,0,3,moderate,0,True,False,1858,32658,76670,60,10,6,10,8,8,6,1,1,32658,0.85,Saint Helena,1,False
Sao Tome and Principe,Type V5,Plasma,ThetaBase Services,1,2,strict,1,True,False,2235,29138,41253,20,2,4,2,2,6,2,1,1,29138,0.88,Kiribati,2,False
Marshall Islands,Type F5,Quantum,ThetaBase Services,1,1,flexible,1,False,False,1130,48029,50468,60,10,10,10,6,10,6,1,1,48029,1,Malta,2,False
Micronesia,Type F5,Quantum,ThetaBase Services,1,2,moderate,1,True,False,1455,23437,7151,100,10,10,9,10,10,10,2,2,23437,1,Niger,1,False
Rwanda,Type V5,Plasma,ThetaBase Services,0,2,strict,1,True,False,2170,43008,73014,100,10,10,10,8,10,10,1,1,43008,0.98,Costa Rica,5,False
Bouvet Island (Bouvetoya),Type V5,Plasma,ThetaBase Services,1,4,moderate,2,True,False,2105,43889,69474,100,10,10,10,10,10,10,1,1,43889,1,Lebanon,2,False
Malta,Type O3,Quantum,ThetaBase Services,1,3,flexible,2,True,False,1481,27948,5764,100,9,9,10,10,9,9,3,3,27948,1,Niue,4,False
Malta,Type G0,Plasma,ThetaBase Services,2,5,flexible,5,True,False,3405,23276,66384,100,10,10,10,10,10,10,2,2,23276,1,Brazil,4,False
United Kingdom,Type V5,Plasma,ThetaBase Services,1,2,moderate,1,False,False,2105,10446,42033,80,10,10,10,6,8,8,1,1,10446,1,Gibraltar,1,False
Nicaragua,Type V5,Plasma,ThetaBase Services,0,2,flexible,1,True,False,1819,40112,3369,100,10,9,10,10,10,10,2,2,40112,1,Cape Verde,1,False
Russian Federation,Type F5,Plasma,ThetaBase Services,2,4,moderate,3,False,False,3210,41510,43034,100,10,10,10,10,10,10,1,1,41510,1,Gambia,1,False
Nicaragua,Type V5,Plasma,ThetaBase Services,1,4,strict,1,True,False,1468,4446,35914,100,10,10,8,10,10,10,1,1,4446,1,Uganda,58,False
Micronesia,Type V5,Plasma,ThetaBase Services,1,2,strict,1,True,False,2300,4057,15837,100,10,10,10,10,10,10,1,1,4057,1,Rwanda,16,False
Micronesia,Type V5,Plasma,ThetaBase Services,1,2,strict,1,True,False,2300,4057,42958,100,10,10,10,10,10,10,1,1,4057,1,Rwanda,16,False
Micronesia,Type V5,Plasma,ThetaBase Services,1,2,strict,1,True,False,2300,4057,60357,100,10,10,10,10,10,10,2,2,4057,1,Rwanda,16,False
Bouvet Island (Bouvetoya),Type V5,Plasma,ThetaBase Services,3,4,strict,3,True,False,2430,28828,45986,100,10,10,10,10,9,8,2,2,28828,1,Isle of Man,198,True
Nicaragua,Type V5,Plasma,ThetaBase Services,2,6,strict,3,True,False,2001,30435,48809,100,10,8,10,8,10,10,1,1,30435,0.99,Cape Verde,41,False
Rwanda,Type V5,Quantum,ThetaBase Services,1,2,strict,1,True,False,1585,25046,28116,90,10,9,10,9,10,9,4,4,25046,1,Maldives,14,False
Micronesia,Type V5,Plasma,ThetaBase Services,1,3,strict,1,True,False,3795,19958,37162,60,6,10,10,10,10,8,1,1,19958,1,Congo,40,True
Micronesia,Type V5,Plasma,ThetaBase Services,1,4,strict,2,True,False,1403,30435,62044,90,10,10,9,10,10,9,2,2,30435,0.99,Cape Verde,41,False
Malta,Type V5,Quantum,ThetaBase Services,1,3,moderate,2,True,False,1507,35999,52312,80,10,10,10,10,10,8,2,2,35999,1,Mauritania,3,True
Bouvet Island (Bouvetoya),Type V5,Plasma,ThetaBase Services,1,4,moderate,2,False,False,2066,6812,963,80,7,9,9,10,9,9,2,2,6812,1,Uzbekistan,1,True
Russian Federation,Type V5,Plasma,ThetaBase Services,1,4,strict,1,True,False,2430,41604,63027,100,10,10,10,10,10,10,1,1,41604,1,Tonga,4,False
Barbados,Type V7,Plasma,ThetaBase Services,1,3,moderate,1,True,False,3197,25034,16719,100,10,10,10,10,10,10,1,1,25034,1,Nicaragua,2,False
Nicaragua,Type F5,Quantum,ThetaBase Services,1,2,flexible,1,False,False,1780,32089,64862,100,10,8,10,10,10,10,2,2,32089,1,Cuba,1,False
Russian Federation,Type V5,Plasma,ThetaBase Services,2,4,moderate,2,False,False,2040,15540,39153,60,8,4,6,8,6,6,1,1,15540,1,Russian Federation,1,False
Indonesia,Type F5,Quantum,ThetaBase Services,2,5,moderate,3,False,False,1650,48880,19624,100,10,8,10,10,10,10,2,2,48880,1,France,1,False
Malta,Type V5,Quantum,ThetaBase Services,1,2,moderate,1,False,False,1325,29208,53609,100,10,10,10,10,6,10,1,1,29208,1,Libyan Arab Jamahiriya,1,False
Nicaragua,Type V7,Quantum,ThetaBase Services,1,2,moderate,1,True,False,1351,13935,38192,100,10,10,10,10,10,10,2,2,13935,1,Ecuador,2,False
Anguilla,Type W5,Quantum,ThetaBase Services,1,1,strict,1,False,False,1390,17847,1606,40,2,6,2,4,6,6,1,1,17847,1,Anguilla,1,False
Faroe Islands,Type V5,Plasma,ThetaBase Services,2,4,strict,2,False,False,2157,12609,8160,100,10,10,10,10,10,10,2,2,12609,1,Micronesia,1,True
Rwanda,Type V5,Plasma,ThetaBase Services,0,4,flexible,2,False,False,2040,14358,15315,87,9,9,10,10,10,9,3,3,14358,1,Maldives,9,False
Brazil,Type V5,Plasma,ThetaBase Services,1,2,flexible,1,True,False,1520,43795,12829,80,10,10,10,10,10,10,1,1,43795,0.89,Vanuatu,1,False
United Kingdom,Type V5,Quantum,ThetaBase Services,1,1,flexible,1,True,False,1286,12020,14161,100,9,10,9,10,9,9,3,3,12020,1,Congo,4,True
Barbados,Type A7,Quantum,ThetaBase Services,1,4,moderate,1,False,False,7357,1401,19310,100,10,10,10,10,10,10,1,1,1401,1,Uganda,3,False
Nicaragua,Type F5,Plasma,ThetaBase Services,2,2,moderate,1,True,False,2820,27981,22856,100,10,10,10,10,10,10,1,1,27981,1,Cape Verde,1,False
Malta,Type V5,Plasma,ThetaBase Services,1,2,moderate,1,False,False,1819,5834,34682,80,9,9,10,10,9,8,2,2,5834,1,Marshall Islands,2,False
Micronesia,Type V5,Plasma,ThetaBase Services,2,6,strict,3,False,False,3405,39565,41661,100,10,10,8,10,10,10,1,1,39565,0.93,Rwanda,12,False
Nicaragua,Type V5,Plasma,ThetaBase Services,3,7,moderate,3,True,False,3990,15340,65155,100,10,10,10,10,10,10,1,1,15340,1,Slovakia (Slovak Republic),1,False
Anguilla,Type V5,Quantum,ThetaBase Services,1,3,flexible,2,True,False,1650,10207,12367,100,10,10,10,10,10,10,6,6,10207,1,Anguilla,1,True
Micronesia,Type V5,Plasma,ThetaBase Services,0,4,flexible,2,True,False,2430,36215,30717,100,10,10,10,10,10,10,7,7,36215,1,Rwanda,1,False
United Kingdom,Type V5,Quantum,ThetaBase Services,1,2,flexible,1,True,False,1494,15728,27877,100,10,10,10,10,10,10,1,1,15728,1,Lithuania,1,True
Nicaragua,Type V5,Plasma,ThetaBase Services,2,4,flexible,0,True,False,2833,40746,72204,100,10,10,10,10,10,10,2,2,40746,1,Slovakia (Slovak Republic),2,False
Rwanda,Type V5,Quantum,ThetaBase Services,1,2,flexible,1,False,False,1455,33394,71664,100,10,10,10,10,8,10,1,1,33394,1,Bosnia and Herzegovina,2,True
Estonia,Type V5,Plasma,ThetaBase Services,0,2,strict,1,True,False,1520,44169,39384,70,10,8,10,10,8,9,2,2,44169,0.97,Portugal,39,False
Barbados,Type V5,Plasma,ThetaBase Services,2,4,strict,2,True,False,6070,15567,53366,100,10,10,10,10,10,10,2,2,15567,1,Slovakia (Slovak Republic),4,False
Faroe Islands,Type F5,Quantum,ThetaBase Services,1,2,flexible,1,False,False,1299,41354,13239,100,10,10,10,10,10,10,2,2,41354,1,Micronesia,4,True
Uzbekistan,Type V5,Quantum,ThetaBase Services,1,2,flexible,1,False,False,1325,38182,47378,100,10,10,10,10,10,10,1,1,38182,1,Kiribati,4,False
Uzbekistan,Type V5,Plasma,ThetaBase Services,1,5,strict,1,False,False,7370,48869,11756,90,9,8,7,8,8,8,2,2,48869,1,Slovakia (Slovak Republic),22,False
Bouvet Island (Bouvetoya),Type F5,Quantum,ThetaBase Services,1,2,moderate,1,True,False,1481,4515,38665,100,8,8,10,8,8,8,1,1,4515,1,Gambia,2,False
Bouvet Island (Bouvetoya),Type V5,Plasma,ThetaBase Services,1,2,strict,1,False,False,2430,35205,26981,100,10,10,10,10,10,10,1,1,35205,1,Uzbekistan,1,False
Barbados,Type V5,Plasma,ThetaBase Services,5,14,strict,9,True,False,6707,47164,40800,100,10,10,10,10,10,10,1,1,47164,1,Ukraine,2,False
Bouvet Island (Bouvetoya),Type V5,Quantum,ThetaBase Services,1,2,flexible,1,True,False,1364,5254,29732,75,8,8,8,8,8,8,4,4,5254,1,Malawi,1,False
Rwanda,Type V5,Quantum,ThetaBase Services,1,2,moderate,1,True,False,1247,39441,50305,90,10,9,10,9,10,9,2,2,39441,0.96,Cuba,4,False
Barbados,Type V5,Plasma,ThetaBase Services,0,2,flexible,2,True,False,3470,39455,4165,100,10,10,10,10,10,10,2,2,39455,1,Vietnam,1,False
Russian Federation,Type F5,Quantum,ThetaBase Services,1,2,strict,1,True,False,1234,37293,4556,60,8,8,10,10,8,6,1,1,37293,0.92,Russian Federation,15,False
United Kingdom,Type V5,Quantum,ThetaBase Services,1,2,moderate,1,True,False,1390,49496,15172,100,10,10,10,10,10,10,3,3,49496,1,Gibraltar,1,False
Rwanda,Type V5,Quantum,ThetaBase Services,1,2,moderate,1,True,False,1299,17092,56206,100,9,10,8,9,9,9,2,2,17092,1,Estonia,2,False
Niue,Type V5,Plasma,ThetaBase Services,2,4,moderate,2,True,False,2170,20727,42102,100,10,10,10,10,8,10,1,1,20727,1,Russian Federation,4,True
Nicaragua,Type V5,Plasma,ThetaBase Services,2,7,moderate,4,True,False,4770,11403,23606,100,10,10,10,10,10,10,1,1,11403,0.8,Barbados,3,False
Bouvet Island (Bouvetoya),Type V5,Plasma,ThetaBase Services,1,4,moderate,1,True,False,2560,49251,2029,100,10,10,10,10,10,8,1,1,49251,1,Uzbekistan,1,False
Barbados,Type V5,Plasma,ThetaBase Services,2,6,strict,2,False,False,4445,25415,13793,100,10,10,10,10,8,8,1,1,25415,1,Ghana,1,False
Malta,Type F5,Quantum,ThetaBase Services,1,1,flexible,0,True,False,1260,11251,4345,100,10,10,10,10,10,10,1,1,11251,1,Libyan Arab Jamahiriya,2,False
Niue,Type V5,Plasma,ThetaBase Services,0,2,flexible,1,True,False,1715,19799,17052,100,10,10,9,10,10,9,3,3,19799,1,Guinea,2,False
Niue,Type V5,Plasma,ThetaBase Services,1,4,strict,2,True,False,2820,3961,59075,100,10,10,10,10,10,10,6,6,3961,1,Fiji,8,False
Nicaragua,Type V5,Plasma,ThetaBase Services,2,5,strict,3,True,False,2820,3961,22766,100,10,10,10,10,10,10,7,7,3961,1,Fiji,8,False
Nicaragua,Type V5,Plasma,ThetaBase Services,1,3,flexible,1,True,False,2170,14918,59451,80,10,6,10,10,8,8,1,1,14918,1,Jersey,1,False
Niue,Type F5,Nuclear,ThetaBase Services,1,10,flexible,10,True,False,1065,41153,70489,80,7,8,8,9,10,10,2,2,41153,1,Guinea,9,False
Micronesia,Type V5,Plasma,ThetaBase Services,2,4,strict,2,True,False,3730,23276,16985,100,10,10,10,10,10,10,2,2,23276,1,Brazil,4,False
Rwanda,Type V5,Plasma,ThetaBase Services,1,2,moderate,1,False,False,3717,8583,36745,100,10,10,10,10,10,10,4,4,8583,0.9,Venezuela,1,False
Rwanda,Type F5,Quantum,ThetaBase Services,1,2,flexible,0,False,False,1429,49035,69834,100,10,10,10,10,8,10,1,1,49035,0.98,Maldives,6,False
Rwanda,Type F5,Quantum,ThetaBase Services,1,2,strict,1,False,False,1507,49035,62541,100,10,10,10,10,10,10,1,1,49035,0.98,Maldives,6,False
Indonesia,Type V5,Plasma,ThetaBase Services,2,5,moderate,3,True,False,2235,8951,7099,100,10,10,10,10,9,9,3,3,8951,1,Faroe Islands,1,False
Nicaragua,Type V7,Quantum,ThetaBase Services,1,2,moderate,1,False,False,1429,6697,374,100,10,10,10,10,10,10,1,1,6697,1,Pakistan,1,False
Niue,Type F5,Nuclear,ThetaBase Services,1,10,flexible,10,True,False,1065,41153,10034,80,8,10,8,8,10,10,1,1,41153,1,Guinea,9,False
Nicaragua,Type V5,Quantum,ThetaBase Services,1,2,moderate,1,True,False,2430,34723,33173,100,10,10,10,10,10,10,2,2,34723,1,Peru,12,False
Costa Rica,Type V2,Quantum,ThetaBase Services,1,2,flexible,1,False,False,1455,15226,27957,80,10,10,10,10,10,8,1,1,15226,1,French Polynesia,1,True
Barbados,Type V5,Plasma,ThetaBase Services,2,4,flexible,2,False,False,2820,39109,30229,100,8,8,2,8,10,8,1,1,39109,0.77,Ukraine,24,True
Niue,Type F5,Nuclear,ThetaBase Services,1,12,flexible,12,True,False,1065,41153,45314,100,10,10,10,10,10,10,1,1,41153,1,Guinea,9,False
Rwanda,Type V5,Quantum,ThetaBase Services,1,2,strict,1,True,False,1130,25046,23111,100,8,10,10,10,10,10,2,2,25046,1,Maldives,14,False
United Kingdom,Type G0,Plasma,ThetaBase Services,1,4,strict,2,False,False,2040,15289,36198,100,10,10,10,10,10,10,1,1,15289,1,Monaco,1,False
Bouvet Island (Bouvetoya),Type F5,Plasma,ThetaBase Services,2,4,strict,2,True,False,2300,35493,33898,100,10,10,10,10,10,10,1,1,35493,1,French Guiana,1,True
Micronesia,Type V5,Plasma,ThetaBase Services,2,4,strict,2,True,False,2820,14318,46103,100,10,10,10,10,10,10,2,2,14318,0.95,China,2,False
Rwanda,Type Z6,Plasma,ThetaBase Services,0,2,strict,1,False,False,2105,44796,37460,100,10,9,10,10,10,9,3,3,44796,1,Maldives,2,True
Rwanda,Type V5,Plasma,ThetaBase Services,1,3,moderate,0,True,False,2157,36270,19216,100,10,10,10,10,10,10,2,2,36270,1,Maldives,2,False
Wallis and Futuna,Type F5,Quantum,ThetaBase Services,1,1,flexible,1,False,False,1260,7956,23701,100,10,10,10,10,10,10,1,1,7956,1,Malta,1,False
Indonesia,Type V5,Plasma,ThetaBase Services,2,4,strict,3,True,False,2170,7852,46999,100,10,10,10,10,10,10,2,2,7852,1,Faroe Islands,1,False
Pakistan,Type F5,Quantum,ThetaBase Services,1,2,flexible,1,True,False,1390,19759,26620,90,9,9,9,9,10,10,2,2,19759,0.86,Cocos (Keeling) Islands,1,False
Nicaragua,Type V5,Plasma,ThetaBase Services,1,4,strict,2,True,False,2170,20412,53738,80,10,8,10,10,8,8,1,1,20412,1,Jersey,1,True
Barbados,Type V5,Plasma,ThetaBase Services,1,2,strict,0,False,False,2495,43919,53107,100,10,10,10,10,10,10,1,1,43919,1,Ghana,1,False
Rwanda,Type F5,Quantum,ThetaBase Services,1,2,strict,1,False,False,1429,49035,9411,60,10,8,10,10,10,8,1,1,49035,0.98,Maldives,6,False
Russian Federation,Type V5,Plasma,ThetaBase Services,2,4,flexible,2,True,False,1910,34572,65889,100,10,10,10,10,10,10,6,6,34572,1,Saint Helena,1,False
Malta,Type V2,Quantum,ThetaBase Services,1,2,flexible,2,True,False,1338,45321,3707,90,9,9,10,10,10,10,2,2,45321,1,Brazil,2,False
Rwanda,Type V5,Quantum,ThetaBase Services,1,2,flexible,1,False,False,1455,33394,71426,100,10,10,10,10,10,10,1,1,33394,1,Bosnia and Herzegovina,2,True
Costa Rica,Type F5,Quantum,ThetaBase Services,1,2,flexible,0,True,False,1455,3231,19882,100,10,10,10,10,10,10,2,2,3231,1,Christmas Island,1,False
Bouvet Island (Bouvetoya),Type V5,Plasma,ThetaBase Services,0,2,flexible,1,False,False,1650,31651,54480,100,10,10,10,10,10,10,1,1,31651,0.86,Lebanon,2,True
Sao Tome and Principe,Type V7,Quantum,ThetaBase Services,1,3,flexible,1,True,False,1377,46943,29334,100,10,10,10,10,8,10,2,2,46943,0.94,Peru,2,False
Rwanda,Type V5,Nuclear,"Banks, Wood and Phillips",1,1,flexible,1,True,False,1195,2878,49839,100,10,10,10,10,10,10,2,2,2878,0.93,Bosnia and Herzegovina,3,True
Bouvet Island (Bouvetoya),Type V5,Plasma,ThetaBase Services,0,7,strict,4,True,False,3210,8409,59798,100,10,10,10,10,10,10,3,3,8409,0.98,Maldives,9,False
Uzbekistan,Type V5,Quantum,ThetaBase Services,1,2,flexible,1,False,False,1585,5701,20330,100,10,10,10,10,10,10,1,1,5701,1,Costa Rica,1,True
Nicaragua,Type V5,Plasma,ThetaBase Services,1,1,flexible,3,False,False,1715,13728,16445,100,10,10,10,10,10,10,3,3,13728,1,Pakistan,1,False
